3b35d12bd7db1f1d
3b35d12bd7db1f80
3b35d12bd7db1f1d
3b35d12bd7db1f81
3b35d12bd7db1f1d
3b35d12bd7db1f82
3b35d12bd7db1f1d
3b35d12bd7db1f83
3b35d12bd7db1f1d
3b35d12bd7db1f84
3b35d12bd7db1f1d
3b35d12bd7db1f85
3b35d12bd7db1f1d
3b35d12bd7db1f86
3b35d12bd7db1f1d
3b35d12bd7db1f87
3b35d12bd7db1f1d
3b35d12bd7db1f88
3b35d12bd7db1f1d
3b35d12bd7db1f89
3b35d12bd7db1f1d
3b35d12bd7db1f8a
3b35d12bd7db1f1d
3b35d12bd7db1f8b
3b35d12bd7db1f1d
3b35d12bd7db1f8c
3b35d12bd7db1f1d
3b35d12bd7db1f8d
3b35d12bd7db1f1d
3b35d12bd7db1f8e
3b35d12bd7db1f1d
3b35d12bd7db1f8f
3b35d12bd7db1f1d
3b35d12bd7db1f90
3b35d12bd7db1f1d
3b35d12bd7db1f91
3b35d12bd7db1f1d
3b35d12bd7db1f92
3b35d12bd7db1f1d
3b35d12bd7db1f93
3b35d12bd7db1f1d
3b35d12bd7db1f94
3b35d12bd7db1f1d
3b35d12bd7db1f95
3b35d12bd7db1f1d
3b35d12bd7db1f96
3b35d12bd7db1f1d
3b35d12bd7db1f97
3b35d12bd7db1f1d
3b35d12bd7db1f98
3b35d12bd7db1f1d
3b35d12bd7db1f99
3b35d12bd7db1f1d
3b35d12bd7db1f9a
3b35d12bd7db1f1d
3b35d12bd7db1f9b
3b35d12bd7db1f1d
3b35d12bd7db1f9c
3b35d12bd7db1f1d
3b35d12bd7db1f9d
3b35d12bd7db1f1d
3b35d12bd7db1f9e
3b35d12bd7db1f1d
3b35d12bd7db1f9f
3b35d12bd7db1f1d
3b35d12bd7db1fa0
3b35d12bd7db1f1d
3b35d12bd7db1fa1
3b35d12bd7db1f1d
3b35d12bd7db1fa2
3b35d12bd7db1f1d
3b35d12bd7db1fa3
3b35d12bd7db1f1d
3b35d12bd7db1fa4
3b35d12bd7db1f1d
3b35d12bd7db1fa5
3b35d12bd7db1f1d
3b35d12bd7db1fa6
3b35d12bd7db1f1d
3b35d12bd7db1fa7
3b35d12bd7db1f1d
3b35d12bd7db1fa8
3b35d12bd7db1f1d
3b35d12bd7db1fa9
3b35d12bd7db1f1d
3b35d12bd7db1faa
3b35d12bd7db1f1d
3b35d12bd7db1fab
3b35d12bd7db1f1d
3b35d12bd7db1fac
3b35d12bd7db1f1d
3b35d12bd7db1fad
3b35d12bd7db1f1d
3b35d12bd7db1fae
3b35d12bd7db1f1d
3b35d12bd7db1faf
3b35d12bd7db1f1d
3b35d12bd7db1fb0
3b35d12bd7db1f1d
3b35d12bd7db1fb1
3b35d12bd7db1f1d
3b35d12bd7db1fb2
3b35d12bd7db1f1d
3b35d12bd7db1fb3
3b35d12bd7db1f1d
3b35d12bd7db1fb4
3b35d12bd7db1f1d
3b35d12bd7db1fb5
3b35d12bd7db1f1d
3b35d12bd7db1fb6
3b35d12bd7db1f1d
3b35d12bd7db1fb7
3b35d12bd7db1f1d
3b35d12bd7db1fb8
3b35d12bd7db1f1d
3b35d12bd7db1fb9
3b35d12bd7db1f1d
3b35d12bd7db1fba
3b35d12bd7db1f1d
3b35d12bd7db1fbb
3b35d12bd7db1f1d
3b35d12bd7db1fbc
3b35d12bd7db1f1d
3b35d12bd7db1fbd
3b35d12bd7db1f1d
3b35d12bd7db1fbe
3b35d12bd7db1f1d
3b35d12bd7db1fbf
3b35d12bd7db1f1d
3b35d12bd7db1fc0
3b35d12bd7db1f1d
3b35d12bd7db1fc1
3b35d12bd7db1f1d
3b35d12bd7db1fc2
3b35d12bd7db1f1d
3b35d12bd7db1fc3
3b35d12bd7db1f1d
3b35d12bd7db1fc4
3b35d12bd7db1f1d
3b35d12bd7db1fc5
3b35d12bd7db1f1d
3b35d12bd7db1fc6
3b35d12bd7db1f1d
3b35d12bd7db1fc7
3b35d12bd7db1f1d
3b35d12bd7db1fc8
3b35d12bd7db1f1d
3b35d12bd7db1fc9
3b35d12bd7db1f1d
3b35d12bd7db1fca
3b35d12bd7db1f1d
3b35d12bd7db1fcb
3b35d12bd7db1f1d
3b35d12bd7db1fcc
3b35d12bd7db1f1d
3b35d12bd7db1fcd
3b35d12bd7db1f1d
3b35d12bd7db1fce
3b35d12bd7db1f1d
3b35d12bd7db1fcf
3b35d12bd7db1f1d
3b35d12bd7db1fd0
3b35d12bd7db1f1d
3b35d12bd7db1fd1
3b35d12bd7db1f1d
3b35d12bd7db1fd2
3b35d12bd7db1f1d
3b35d12bd7db1fd3
3b35d12bd7db1f1d
3b35d12bd7db1fd4
3b35d12bd7db1f1d
3b35d12bd7db1fd5
3b35d12bd7db1f1d
3b35d12bd7db1fd6
3b35d12bd7db1f1d
3b35d12bd7db1fd7
3b35d12bd7db1f1d
3b35d12bd7db1fd8
3b35d12bd7db1f1d
3b35d12bd7db1fd9
3b35d12bd7db1f1d
3b35d12bd7db1fda
3b35d12bd7db1f1d
3b35d12bd7db1fdb
3b35d12bd7db1f1d
3b35d12bd7db1fdc
3b35d12bd7db1f1d
3b35d12bd7db1fdd
3b35d12bd7db1f1d
3b35d12bd7db1fde
3b35d12bd7db1f1d
3b35d12bd7db1fdf
3b35d12bd7db1f1d
3b35d12bd7db1fe0
3b35d12bd7db1f1d
3b35d12bd7db1fe1
3b35d12bd7db1f1d
3b35d12bd7db1fe2
3b35d12bd7db1f1d
3b35d12bd7db1fe3
3b35d12bd7db1f1d
3b35d12bd7db1fe4
3b35d12bd7db1f1d
3b35d12bd7db1fe5
3b35d12bd7db1f1d
3b35d12bd7db1fe6
3b35d12bd7db1f1d
3b35d12bd7db1fe7
3b35d12bd7db1f1d
3b35d12bd7db1fe8
3b35d12bd7db1f1d
3b35d12bd7db1fe9
3b35d12bd7db1f1d
3b35d12bd7db1fea
3b35d12bd7db1f1d
3b35d12bd7db1feb
3b35d12bd7db1f1d
3b35d12bd7db1fec
3b35d12bd7db1f1d
3b35d12bd7db1fed
3b35d12bd7db1f1d
3b35d12bd7db1fee
3b35d12bd7db1f1d
3b35d12bd7db1fef
3b35d12bd7db1f1d
3b35d12bd7db1ff0
3b35d12bd7db1f1d
3b35d12bd7db1ff1
3b35d12bd7db1f1d
3b35d12bd7db1ff2
3b35d12bd7db1f1d
3b35d12bd7db1ff3
3b35d12bd7db1f1d
3b35d12bd7db1ff4
3b35d12bd7db1f1d
3b35d12bd7db1ff5
3b35d12bd7db1f1d
3b35d12bd7db1ff6
3b35d12bd7db1f1d
3b35d12bd7db1ff7
3b35d12bd7db1f1d
3b35d12bd7db1ff8
3b35d12bd7db1f1d
3b35d12bd7db1ff9
3b35d12bd7db1f1d
3b35d12bd7db1ffa
3b35d12bd7db1f1d
3b35d12bd7db1ffb
3b35d12bd7db1f1d
3b35d12bd7db1ffc
3b35d12bd7db1f1d
3b35d12bd7db1ffd
3b35d12bd7db1f1d
3b35d12bd7db1ffe
3b35d12bd7db1f1d
3b35d12bd7db1fff
3b35d12bd7db1f1d
3b35d12bd7db1f00
3b35d12bd7db1f1d
3b35d12bd7db1f01
3b35d12bd7db1f1d
3b35d12bd7db1f02
3b35d12bd7db1f1d
3b35d12bd7db1f03
3b35d12bd7db1f1d
3b35d12bd7db1f04
3b35d12bd7db1f1d
3b35d12bd7db1f05
3b35d12bd7db1f1d
3b35d12bd7db1f06
3b35d12bd7db1f1d
3b35d12bd7db1f07
3b35d12bd7db1f1d
3b35d12bd7db1f08
3b35d12bd7db1f1d
3b35d12bd7db1f09
3b35d12bd7db1f1d
3b35d12bd7db1f0a
3b35d12bd7db1f1d
3b35d12bd7db1f0b
3b35d12bd7db1f1d
3b35d12bd7db1f0c
3b35d12bd7db1f1d
3b35d12bd7db1f0d
3b35d12bd7db1f1d
3b35d12bd7db1f0e
3b35d12bd7db1f1d
3b35d12bd7db1f0f
3b35d12bd7db1f1d
3b35d12bd7db1f10
3b35d12bd7db1f1d
3b35d12bd7db1f11
3b35d12bd7db1f1d
3b35d12bd7db1f12
3b35d12bd7db1f1d
3b35d12bd7db1f13
3b35d12bd7db1f1d
3b35d12bd7db1f14
3b35d12bd7db1f1d
3b35d12bd7db1f15
3b35d12bd7db1f1d
3b35d12bd7db1f16
3b35d12bd7db1f1d
3b35d12bd7db1f17
3b35d12bd7db1f1d
3b35d12bd7db1f18
3b35d12bd7db1f1d
3b35d12bd7db1f19
3b35d12bd7db1f1d
3b35d12bd7db1f1a
3b35d12bd7db1f1d
3b35d12bd7db1f1b
3b35d12bd7db1f1d
3b35d12bd7db1f1c
3b35d12bd7db1f1d
3b35d12bd7db1f1d
3b35d12bd7db1f1d
3b35d12bd7db1f1e
3b35d12bd7db1f1d
3b35d12bd7db1f1f
3b35d12bd7db1f1d
3b35d12bd7db1f20
3b35d12bd7db1f1d
3b35d12bd7db1f21
3b35d12bd7db1f1d
3b35d12bd7db1f22
3b35d12bd7db1f1d
3b35d12bd7db1f23
3b35d12bd7db1f1d
3b35d12bd7db1f24
3b35d12bd7db1f1d
3b35d12bd7db1f25
3b35d12bd7db1f1d
3b35d12bd7db1f26
3b35d12bd7db1f1d
3b35d12bd7db1f27
3b35d12bd7db1f1d
3b35d12bd7db1f28
3b35d12bd7db1f1d
3b35d12bd7db1f29
3b35d12bd7db1f1d
3b35d12bd7db1f2a
3b35d12bd7db1f1d
3b35d12bd7db1f2b
3b35d12bd7db1f1d
3b35d12bd7db1f2c
3b35d12bd7db1f1d
3b35d12bd7db1f2d
3b35d12bd7db1f1d
3b35d12bd7db1f2e
3b35d12bd7db1f1d
3b35d12bd7db1f2f
3b35d12bd7db1f1d
3b35d12bd7db1f30
3b35d12bd7db1f1d
3b35d12bd7db1f31
3b35d12bd7db1f1d
3b35d12bd7db1f32
3b35d12bd7db1f1d
3b35d12bd7db1f33
3b35d12bd7db1f1d
3b35d12bd7db1f34
3b35d12bd7db1f1d
3b35d12bd7db1f35
3b35d12bd7db1f1d
3b35d12bd7db1f36
3b35d12bd7db1f1d
3b35d12bd7db1f37
3b35d12bd7db1f1d
3b35d12bd7db1f38
3b35d12bd7db1f1d
3b35d12bd7db1f39
3b35d12bd7db1f1d
3b35d12bd7db1f3a
3b35d12bd7db1f1d
3b35d12bd7db1f3b
3b35d12bd7db1f1d
3b35d12bd7db1f3c
3b35d12bd7db1f1d
3b35d12bd7db1f3d
3b35d12bd7db1f1d
3b35d12bd7db1f3e
3b35d12bd7db1f1d
3b35d12bd7db1f3f
3b35d12bd7db1f1d
3b35d12bd7db1f40
3b35d12bd7db1f1d
3b35d12bd7db1f41
3b35d12bd7db1f1d
3b35d12bd7db1f42
3b35d12bd7db1f1d
3b35d12bd7db1f43
3b35d12bd7db1f1d
3b35d12bd7db1f44
3b35d12bd7db1f1d
3b35d12bd7db1f45
3b35d12bd7db1f1d
3b35d12bd7db1f46
3b35d12bd7db1f1d
3b35d12bd7db1f47
3b35d12bd7db1f1d
3b35d12bd7db1f48
3b35d12bd7db1f1d
3b35d12bd7db1f49
3b35d12bd7db1f1d
3b35d12bd7db1f4a
3b35d12bd7db1f1d
3b35d12bd7db1f4b
3b35d12bd7db1f1d
3b35d12bd7db1f4c
3b35d12bd7db1f1d
3b35d12bd7db1f4d
3b35d12bd7db1f1d
3b35d12bd7db1f4e
3b35d12bd7db1f1d
3b35d12bd7db1f4f
3b35d12bd7db1f1d
3b35d12bd7db1f50
3b35d12bd7db1f1d
3b35d12bd7db1f51
3b35d12bd7db1f1d
3b35d12bd7db1f52
3b35d12bd7db1f1d
3b35d12bd7db1f53
3b35d12bd7db1f1d
3b35d12bd7db1f54
3b35d12bd7db1f1d
3b35d12bd7db1f55
3b35d12bd7db1f1d
3b35d12bd7db1f56
3b35d12bd7db1f1d
3b35d12bd7db1f57
3b35d12bd7db1f1d
3b35d12bd7db1f58
3b35d12bd7db1f1d
3b35d12bd7db1f59
3b35d12bd7db1f1d
3b35d12bd7db1f5a
3b35d12bd7db1f1d
3b35d12bd7db1f5b
3b35d12bd7db1f1d
3b35d12bd7db1f5c
3b35d12bd7db1f1d
3b35d12bd7db1f5d
3b35d12bd7db1f1d
3b35d12bd7db1f5e
3b35d12bd7db1f1d
3b35d12bd7db1f5f
3b35d12bd7db1f1d
3b35d12bd7db1f60
3b35d12bd7db1f1d
3b35d12bd7db1f61
3b35d12bd7db1f1d
3b35d12bd7db1f62
3b35d12bd7db1f1d
3b35d12bd7db1f63
3b35d12bd7db1f1d
3b35d12bd7db1f64
3b35d12bd7db1f1d
3b35d12bd7db1f65
3b35d12bd7db1f1d
3b35d12bd7db1f66
3b35d12bd7db1f1d
3b35d12bd7db1f67
3b35d12bd7db1f1d
3b35d12bd7db1f68
3b35d12bd7db1f1d
3b35d12bd7db1f69
3b35d12bd7db1f1d
3b35d12bd7db1f6a
3b35d12bd7db1f1d
3b35d12bd7db1f6b
3b35d12bd7db1f1d
3b35d12bd7db1f6c
3b35d12bd7db1f1d
3b35d12bd7db1f6d
3b35d12bd7db1f1d
3b35d12bd7db1f6e
3b35d12bd7db1f1d
3b35d12bd7db1f6f
3b35d12bd7db1f1d
3b35d12bd7db1f70
3b35d12bd7db1f1d
3b35d12bd7db1f71
3b35d12bd7db1f1d
3b35d12bd7db1f72
3b35d12bd7db1f1d
3b35d12bd7db1f73
3b35d12bd7db1f1d
3b35d12bd7db1f74
3b35d12bd7db1f1d
3b35d12bd7db1f75
3b35d12bd7db1f1d
3b35d12bd7db1f76
3b35d12bd7db1f1d
3b35d12bd7db1f77
3b35d12bd7db1f1d
3b35d12bd7db1f78
3b35d12bd7db1f1d
3b35d12bd7db1f79
3b35d12bd7db1f1d
3b35d12bd7db1f7a
3b35d12bd7db1f1d
3b35d12bd7db1f7b
3b35d12bd7db1f1d
3b35d12bd7db1f7c
3b35d12bd7db1f1d
3b35d12bd7db1f7d
3b35d12bd7db1f1d
3b35d12bd7db1f7e
3b35d12bd7db1f1d
3b35d12bd7db1f7f
3b35d12bd7db1f1d
3b35d12bd7db801d
3b35d12bd7db1f1d
3b35d12bd7db811d
3b35d12bd7db1f1d
3b35d12bd7db821d
3b35d12bd7db1f1d
3b35d12bd7db831d
3b35d12bd7db1f1d
3b35d12bd7db841d
3b35d12bd7db1f1d
3b35d12bd7db851d
3b35d12bd7db1f1d
3b35d12bd7db861d
3b35d12bd7db1f1d
3b35d12bd7db871d
3b35d12bd7db1f1d
3b35d12bd7db881d
3b35d12bd7db1f1d
3b35d12bd7db891d
3b35d12bd7db1f1d
3b35d12bd7db8a1d
3b35d12bd7db1f1d
3b35d12bd7db8b1d
3b35d12bd7db1f1d
3b35d12bd7db8c1d
3b35d12bd7db1f1d
3b35d12bd7db8d1d
3b35d12bd7db1f1d
3b35d12bd7db8e1d
3b35d12bd7db1f1d
3b35d12bd7db8f1d
3b35d12bd7db1f1d
3b35d12bd7db901d
3b35d12bd7db1f1d
3b35d12bd7db911d
3b35d12bd7db1f1d
3b35d12bd7db921d
3b35d12bd7db1f1d
3b35d12bd7db931d
3b35d12bd7db1f1d
3b35d12bd7db941d
3b35d12bd7db1f1d
3b35d12bd7db951d
3b35d12bd7db1f1d
3b35d12bd7db961d
3b35d12bd7db1f1d
3b35d12bd7db971d
3b35d12bd7db1f1d
3b35d12bd7db981d
3b35d12bd7db1f1d
3b35d12bd7db991d
3b35d12bd7db1f1d
3b35d12bd7db9a1d
3b35d12bd7db1f1d
3b35d12bd7db9b1d
3b35d12bd7db1f1d
3b35d12bd7db9c1d
3b35d12bd7db1f1d
3b35d12bd7db9d1d
3b35d12bd7db1f1d
3b35d12bd7db9e1d
3b35d12bd7db1f1d
3b35d12bd7db9f1d
3b35d12bd7db1f1d
3b35d12bd7dba01d
3b35d12bd7db1f1d
3b35d12bd7dba11d
3b35d12bd7db1f1d
3b35d12bd7dba21d
3b35d12bd7db1f1d
3b35d12bd7dba31d
3b35d12bd7db1f1d
3b35d12bd7dba41d
3b35d12bd7db1f1d
3b35d12bd7dba51d
3b35d12bd7db1f1d
3b35d12bd7dba61d
3b35d12bd7db1f1d
3b35d12bd7dba71d
3b35d12bd7db1f1d
3b35d12bd7dba81d
3b35d12bd7db1f1d
3b35d12bd7dba91d
3b35d12bd7db1f1d
3b35d12bd7dbaa1d
3b35d12bd7db1f1d
3b35d12bd7dbab1d
3b35d12bd7db1f1d
3b35d12bd7dbac1d
3b35d12bd7db1f1d
3b35d12bd7dbad1d
3b35d12bd7db1f1d
3b35d12bd7dbae1d
3b35d12bd7db1f1d
3b35d12bd7dbaf1d
3b35d12bd7db1f1d
3b35d12bd7dbb01d
3b35d12bd7db1f1d
3b35d12bd7dbb11d
3b35d12bd7db1f1d
3b35d12bd7dbb21d
3b35d12bd7db1f1d
3b35d12bd7dbb31d
3b35d12bd7db1f1d
3b35d12bd7dbb41d
3b35d12bd7db1f1d
3b35d12bd7dbb51d
3b35d12bd7db1f1d
3b35d12bd7dbb61d
3b35d12bd7db1f1d
3b35d12bd7dbb71d
3b35d12bd7db1f1d
3b35d12bd7dbb81d
3b35d12bd7db1f1d
3b35d12bd7dbb91d
3b35d12bd7db1f1d
3b35d12bd7dbba1d
3b35d12bd7db1f1d
3b35d12bd7dbbb1d
3b35d12bd7db1f1d
3b35d12bd7dbbc1d
3b35d12bd7db1f1d
3b35d12bd7dbbd1d
3b35d12bd7db1f1d
3b35d12bd7dbbe1d
3b35d12bd7db1f1d
3b35d12bd7dbbf1d
3b35d12bd7db1f1d
3b35d12bd7dbc01d
3b35d12bd7db1f1d
3b35d12bd7dbc11d
3b35d12bd7db1f1d
3b35d12bd7dbc21d
3b35d12bd7db1f1d
3b35d12bd7dbc31d
3b35d12bd7db1f1d
3b35d12bd7dbc41d
3b35d12bd7db1f1d
3b35d12bd7dbc51d
3b35d12bd7db1f1d
3b35d12bd7dbc61d
3b35d12bd7db1f1d
3b35d12bd7dbc71d
3b35d12bd7db1f1d
3b35d12bd7dbc81d
3b35d12bd7db1f1d
3b35d12bd7dbc91d
3b35d12bd7db1f1d
3b35d12bd7dbca1d
3b35d12bd7db1f1d
3b35d12bd7dbcb1d
3b35d12bd7db1f1d
3b35d12bd7dbcc1d
3b35d12bd7db1f1d
3b35d12bd7dbcd1d
3b35d12bd7db1f1d
3b35d12bd7dbce1d
3b35d12bd7db1f1d
3b35d12bd7dbcf1d
3b35d12bd7db1f1d
3b35d12bd7dbd01d
3b35d12bd7db1f1d
3b35d12bd7dbd11d
3b35d12bd7db1f1d
3b35d12bd7dbd21d
3b35d12bd7db1f1d
3b35d12bd7dbd31d
3b35d12bd7db1f1d
3b35d12bd7dbd41d
3b35d12bd7db1f1d
3b35d12bd7dbd51d
3b35d12bd7db1f1d
3b35d12bd7dbd61d
3b35d12bd7db1f1d
3b35d12bd7dbd71d
3b35d12bd7db1f1d
3b35d12bd7dbd81d
3b35d12bd7db1f1d
3b35d12bd7dbd91d
3b35d12bd7db1f1d
3b35d12bd7dbda1d
3b35d12bd7db1f1d
3b35d12bd7dbdb1d
3b35d12bd7db1f1d
3b35d12bd7dbdc1d
3b35d12bd7db1f1d
3b35d12bd7dbdd1d
3b35d12bd7db1f1d
3b35d12bd7dbde1d
3b35d12bd7db1f1d
3b35d12bd7dbdf1d
3b35d12bd7db1f1d
3b35d12bd7dbe01d
3b35d12bd7db1f1d
3b35d12bd7dbe11d
3b35d12bd7db1f1d
3b35d12bd7dbe21d
3b35d12bd7db1f1d
3b35d12bd7dbe31d
3b35d12bd7db1f1d
3b35d12bd7dbe41d
3b35d12bd7db1f1d
3b35d12bd7dbe51d
3b35d12bd7db1f1d
3b35d12bd7dbe61d
3b35d12bd7db1f1d
3b35d12bd7dbe71d
3b35d12bd7db1f1d
3b35d12bd7dbe81d
3b35d12bd7db1f1d
3b35d12bd7dbe91d
3b35d12bd7db1f1d
3b35d12bd7dbea1d
3b35d12bd7db1f1d
3b35d12bd7dbeb1d
3b35d12bd7db1f1d
3b35d12bd7dbec1d
3b35d12bd7db1f1d
3b35d12bd7dbed1d
3b35d12bd7db1f1d
3b35d12bd7dbee1d
3b35d12bd7db1f1d
3b35d12bd7dbef1d
3b35d12bd7db1f1d
3b35d12bd7dbf01d
3b35d12bd7db1f1d
3b35d12bd7dbf11d
3b35d12bd7db1f1d
3b35d12bd7dbf21d
3b35d12bd7db1f1d
3b35d12bd7dbf31d
3b35d12bd7db1f1d
3b35d12bd7dbf41d
3b35d12bd7db1f1d
3b35d12bd7dbf51d
3b35d12bd7db1f1d
3b35d12bd7dbf61d
3b35d12bd7db1f1d
3b35d12bd7dbf71d
3b35d12bd7db1f1d
3b35d12bd7dbf81d
3b35d12bd7db1f1d
3b35d12bd7dbf91d
3b35d12bd7db1f1d
3b35d12bd7dbfa1d
3b35d12bd7db1f1d
3b35d12bd7dbfb1d
3b35d12bd7db1f1d
3b35d12bd7dbfc1d
3b35d12bd7db1f1d
3b35d12bd7dbfd1d
3b35d12bd7db1f1d
3b35d12bd7dbfe1d
3b35d12bd7db1f1d
3b35d12bd7dbff1d
3b35d12bd7db1f1d
3b35d12bd7db001d
3b35d12bd7db1f1d
3b35d12bd7db011d
3b35d12bd7db1f1d
3b35d12bd7db021d
3b35d12bd7db1f1d
3b35d12bd7db031d
3b35d12bd7db1f1d
3b35d12bd7db041d
3b35d12bd7db1f1d
3b35d12bd7db051d
3b35d12bd7db1f1d
3b35d12bd7db061d
3b35d12bd7db1f1d
3b35d12bd7db071d
3b35d12bd7db1f1d
3b35d12bd7db081d
3b35d12bd7db1f1d
3b35d12bd7db091d
3b35d12bd7db1f1d
3b35d12bd7db0a1d
3b35d12bd7db1f1d
3b35d12bd7db0b1d
3b35d12bd7db1f1d
3b35d12bd7db0c1d
3b35d12bd7db1f1d
3b35d12bd7db0d1d
3b35d12bd7db1f1d
3b35d12bd7db0e1d
3b35d12bd7db1f1d
3b35d12bd7db0f1d
3b35d12bd7db1f1d
3b35d12bd7db101d
3b35d12bd7db1f1d
3b35d12bd7db111d
3b35d12bd7db1f1d
3b35d12bd7db121d
3b35d12bd7db1f1d
3b35d12bd7db131d
3b35d12bd7db1f1d
3b35d12bd7db141d
3b35d12bd7db1f1d
3b35d12bd7db151d
3b35d12bd7db1f1d
3b35d12bd7db161d
3b35d12bd7db1f1d
3b35d12bd7db171d
3b35d12bd7db1f1d
3b35d12bd7db181d
3b35d12bd7db1f1d
3b35d12bd7db191d
3b35d12bd7db1f1d
3b35d12bd7db1a1d
3b35d12bd7db1f1d
3b35d12bd7db1b1d
3b35d12bd7db1f1d
3b35d12bd7db1c1d
3b35d12bd7db1f1d
3b35d12bd7db1d1d
3b35d12bd7db1f1d
3b35d12bd7db1e1d
3b35d12bd7db1f1d
3b35d12bd7db1f1d
3b35d12bd7db1f1d
3b35d12bd7db201d
3b35d12bd7db1f1d
3b35d12bd7db211d
3b35d12bd7db1f1d
3b35d12bd7db221d
3b35d12bd7db1f1d
3b35d12bd7db231d
3b35d12bd7db1f1d
3b35d12bd7db241d
3b35d12bd7db1f1d
3b35d12bd7db251d
3b35d12bd7db1f1d
3b35d12bd7db261d
3b35d12bd7db1f1d
3b35d12bd7db271d
3b35d12bd7db1f1d
3b35d12bd7db281d
3b35d12bd7db1f1d
3b35d12bd7db291d
3b35d12bd7db1f1d
3b35d12bd7db2a1d
3b35d12bd7db1f1d
3b35d12bd7db2b1d
3b35d12bd7db1f1d
3b35d12bd7db2c1d
3b35d12bd7db1f1d
3b35d12bd7db2d1d
3b35d12bd7db1f1d
3b35d12bd7db2e1d
3b35d12bd7db1f1d
3b35d12bd7db2f1d
3b35d12bd7db1f1d
3b35d12bd7db301d
3b35d12bd7db1f1d
3b35d12bd7db311d
3b35d12bd7db1f1d
3b35d12bd7db321d
3b35d12bd7db1f1d
3b35d12bd7db331d
3b35d12bd7db1f1d
3b35d12bd7db341d
3b35d12bd7db1f1d
3b35d12bd7db351d
3b35d12bd7db1f1d
3b35d12bd7db361d
3b35d12bd7db1f1d
3b35d12bd7db371d
3b35d12bd7db1f1d
3b35d12bd7db381d
3b35d12bd7db1f1d
3b35d12bd7db391d
3b35d12bd7db1f1d
3b35d12bd7db3a1d
3b35d12bd7db1f1d
3b35d12bd7db3b1d
3b35d12bd7db1f1d
3b35d12bd7db3c1d
3b35d12bd7db1f1d
3b35d12bd7db3d1d
3b35d12bd7db1f1d
3b35d12bd7db3e1d
3b35d12bd7db1f1d
3b35d12bd7db3f1d
3b35d12bd7db1f1d
3b35d12bd7db401d
3b35d12bd7db1f1d
3b35d12bd7db411d
3b35d12bd7db1f1d
3b35d12bd7db421d
3b35d12bd7db1f1d
3b35d12bd7db431d
3b35d12bd7db1f1d
3b35d12bd7db441d
3b35d12bd7db1f1d
3b35d12bd7db451d
3b35d12bd7db1f1d
3b35d12bd7db461d
3b35d12bd7db1f1d
3b35d12bd7db471d
3b35d12bd7db1f1d
3b35d12bd7db481d
3b35d12bd7db1f1d
3b35d12bd7db491d
3b35d12bd7db1f1d
3b35d12bd7db4a1d
3b35d12bd7db1f1d
3b35d12bd7db4b1d
3b35d12bd7db1f1d
3b35d12bd7db4c1d
3b35d12bd7db1f1d
3b35d12bd7db4d1d
3b35d12bd7db1f1d
3b35d12bd7db4e1d
3b35d12bd7db1f1d
3b35d12bd7db4f1d
3b35d12bd7db1f1d
3b35d12bd7db501d
3b35d12bd7db1f1d
3b35d12bd7db511d
3b35d12bd7db1f1d
3b35d12bd7db521d
3b35d12bd7db1f1d
3b35d12bd7db531d
3b35d12bd7db1f1d
3b35d12bd7db541d
3b35d12bd7db1f1d
3b35d12bd7db551d
3b35d12bd7db1f1d
3b35d12bd7db561d
3b35d12bd7db1f1d
3b35d12bd7db571d
3b35d12bd7db1f1d
3b35d12bd7db581d
3b35d12bd7db1f1d
3b35d12bd7db591d
3b35d12bd7db1f1d
3b35d12bd7db5a1d
3b35d12bd7db1f1d
3b35d12bd7db5b1d
3b35d12bd7db1f1d
3b35d12bd7db5c1d
3b35d12bd7db1f1d
3b35d12bd7db5d1d
3b35d12bd7db1f1d
3b35d12bd7db5e1d
3b35d12bd7db1f1d
3b35d12bd7db5f1d
3b35d12bd7db1f1d
3b35d12bd7db601d
3b35d12bd7db1f1d
3b35d12bd7db611d
3b35d12bd7db1f1d
3b35d12bd7db621d
3b35d12bd7db1f1d
3b35d12bd7db631d
3b35d12bd7db1f1d
3b35d12bd7db641d
3b35d12bd7db1f1d
3b35d12bd7db651d
3b35d12bd7db1f1d
3b35d12bd7db661d
3b35d12bd7db1f1d
3b35d12bd7db671d
3b35d12bd7db1f1d
3b35d12bd7db681d
3b35d12bd7db1f1d
3b35d12bd7db691d
3b35d12bd7db1f1d
3b35d12bd7db6a1d
3b35d12bd7db1f1d
3b35d12bd7db6b1d
3b35d12bd7db1f1d
3b35d12bd7db6c1d
3b35d12bd7db1f1d
3b35d12bd7db6d1d
3b35d12bd7db1f1d
3b35d12bd7db6e1d
3b35d12bd7db1f1d
3b35d12bd7db6f1d
3b35d12bd7db1f1d
3b35d12bd7db701d
3b35d12bd7db1f1d
3b35d12bd7db711d
3b35d12bd7db1f1d
3b35d12bd7db721d
3b35d12bd7db1f1d
3b35d12bd7db731d
3b35d12bd7db1f1d
3b35d12bd7db741d
3b35d12bd7db1f1d
3b35d12bd7db751d
3b35d12bd7db1f1d
3b35d12bd7db761d
3b35d12bd7db1f1d
3b35d12bd7db771d
3b35d12bd7db1f1d
3b35d12bd7db781d
3b35d12bd7db1f1d
3b35d12bd7db791d
3b35d12bd7db1f1d
3b35d12bd7db7a1d
3b35d12bd7db1f1d
3b35d12bd7db7b1d
3b35d12bd7db1f1d
3b35d12bd7db7c1d
3b35d12bd7db1f1d
3b35d12bd7db7d1d
3b35d12bd7db1f1d
3b35d12bd7db7e1d
3b35d12bd7db1f1d
3b35d12bd7db7f1d
3b35d12bd7db1f1d
3b35d12bd7801f1d
3b35d12bd7db1f1d
3b35d12bd7811f1d
3b35d12bd7db1f1d
3b35d12bd7821f1d
3b35d12bd7db1f1d
3b35d12bd7831f1d
3b35d12bd7db1f1d
3b35d12bd7841f1d
3b35d12bd7db1f1d
3b35d12bd7851f1d
3b35d12bd7db1f1d
3b35d12bd7861f1d
3b35d12bd7db1f1d
3b35d12bd7871f1d
3b35d12bd7db1f1d
3b35d12bd7881f1d
3b35d12bd7db1f1d
3b35d12bd7891f1d
3b35d12bd7db1f1d
3b35d12bd78a1f1d
3b35d12bd7db1f1d
3b35d12bd78b1f1d
3b35d12bd7db1f1d
3b35d12bd78c1f1d
3b35d12bd7db1f1d
3b35d12bd78d1f1d
3b35d12bd7db1f1d
3b35d12bd78e1f1d
3b35d12bd7db1f1d
3b35d12bd78f1f1d
3b35d12bd7db1f1d
3b35d12bd7901f1d
3b35d12bd7db1f1d
3b35d12bd7911f1d
3b35d12bd7db1f1d
3b35d12bd7921f1d
3b35d12bd7db1f1d
3b35d12bd7931f1d
3b35d12bd7db1f1d
3b35d12bd7941f1d
3b35d12bd7db1f1d
3b35d12bd7951f1d
3b35d12bd7db1f1d
3b35d12bd7961f1d
3b35d12bd7db1f1d
3b35d12bd7971f1d
3b35d12bd7db1f1d
3b35d12bd7981f1d
3b35d12bd7db1f1d
3b35d12bd7991f1d
3b35d12bd7db1f1d
3b35d12bd79a1f1d
3b35d12bd7db1f1d
3b35d12bd79b1f1d
3b35d12bd7db1f1d
3b35d12bd79c1f1d
3b35d12bd7db1f1d
3b35d12bd79d1f1d
3b35d12bd7db1f1d
3b35d12bd79e1f1d
3b35d12bd7db1f1d
3b35d12bd79f1f1d
3b35d12bd7db1f1d
3b35d12bd7a01f1d
3b35d12bd7db1f1d
3b35d12bd7a11f1d
3b35d12bd7db1f1d
3b35d12bd7a21f1d
3b35d12bd7db1f1d
3b35d12bd7a31f1d
3b35d12bd7db1f1d
3b35d12bd7a41f1d
3b35d12bd7db1f1d
3b35d12bd7a51f1d
3b35d12bd7db1f1d
3b35d12bd7a61f1d
3b35d12bd7db1f1d
3b35d12bd7a71f1d
3b35d12bd7db1f1d
3b35d12bd7a81f1d
3b35d12bd7db1f1d
3b35d12bd7a91f1d
3b35d12bd7db1f1d
3b35d12bd7aa1f1d
3b35d12bd7db1f1d
3b35d12bd7ab1f1d
3b35d12bd7db1f1d
3b35d12bd7ac1f1d
3b35d12bd7db1f1d
3b35d12bd7ad1f1d
3b35d12bd7db1f1d
3b35d12bd7ae1f1d
3b35d12bd7db1f1d
3b35d12bd7af1f1d
3b35d12bd7db1f1d
3b35d12bd7b01f1d
3b35d12bd7db1f1d
3b35d12bd7b11f1d
3b35d12bd7db1f1d
3b35d12bd7b21f1d
3b35d12bd7db1f1d
3b35d12bd7b31f1d
3b35d12bd7db1f1d
3b35d12bd7b41f1d
3b35d12bd7db1f1d
3b35d12bd7b51f1d
3b35d12bd7db1f1d
3b35d12bd7b61f1d
3b35d12bd7db1f1d
3b35d12bd7b71f1d
3b35d12bd7db1f1d
3b35d12bd7b81f1d
3b35d12bd7db1f1d
3b35d12bd7b91f1d
3b35d12bd7db1f1d
3b35d12bd7ba1f1d
3b35d12bd7db1f1d
3b35d12bd7bb1f1d
3b35d12bd7db1f1d
3b35d12bd7bc1f1d
3b35d12bd7db1f1d
3b35d12bd7bd1f1d
3b35d12bd7db1f1d
3b35d12bd7be1f1d
3b35d12bd7db1f1d
3b35d12bd7bf1f1d
3b35d12bd7db1f1d
3b35d12bd7c01f1d
3b35d12bd7db1f1d
3b35d12bd7c11f1d
3b35d12bd7db1f1d
3b35d12bd7c21f1d
3b35d12bd7db1f1d
3b35d12bd7c31f1d
3b35d12bd7db1f1d
3b35d12bd7c41f1d
3b35d12bd7db1f1d
3b35d12bd7c51f1d
3b35d12bd7db1f1d
3b35d12bd7c61f1d
3b35d12bd7db1f1d
3b35d12bd7c71f1d
3b35d12bd7db1f1d
3b35d12bd7c81f1d
3b35d12bd7db1f1d
3b35d12bd7c91f1d
3b35d12bd7db1f1d
3b35d12bd7ca1f1d
3b35d12bd7db1f1d
3b35d12bd7cb1f1d
3b35d12bd7db1f1d
3b35d12bd7cc1f1d
3b35d12bd7db1f1d
3b35d12bd7cd1f1d
3b35d12bd7db1f1d
3b35d12bd7ce1f1d
3b35d12bd7db1f1d
3b35d12bd7cf1f1d
3b35d12bd7db1f1d
3b35d12bd7d01f1d
3b35d12bd7db1f1d
3b35d12bd7d11f1d
3b35d12bd7db1f1d
3b35d12bd7d21f1d
3b35d12bd7db1f1d
3b35d12bd7d31f1d
3b35d12bd7db1f1d
3b35d12bd7d41f1d
3b35d12bd7db1f1d
3b35d12bd7d51f1d
3b35d12bd7db1f1d
3b35d12bd7d61f1d
3b35d12bd7db1f1d
3b35d12bd7d71f1d
3b35d12bd7db1f1d
3b35d12bd7d81f1d
3b35d12bd7db1f1d
3b35d12bd7d91f1d
3b35d12bd7db1f1d
3b35d12bd7da1f1d
3b35d12bd7db1f1d
3b35d12bd7db1f1d
3b35d12bd7db1f1d
3b35d12bd7dc1f1d
3b35d12bd7db1f1d
3b35d12bd7dd1f1d
3b35d12bd7db1f1d
3b35d12bd7de1f1d
3b35d12bd7db1f1d
3b35d12bd7df1f1d
3b35d12bd7db1f1d
3b35d12bd7e01f1d
3b35d12bd7db1f1d
3b35d12bd7e11f1d
3b35d12bd7db1f1d
3b35d12bd7e21f1d
3b35d12bd7db1f1d
3b35d12bd7e31f1d
3b35d12bd7db1f1d
3b35d12bd7e41f1d
3b35d12bd7db1f1d
3b35d12bd7e51f1d
3b35d12bd7db1f1d
3b35d12bd7e61f1d
3b35d12bd7db1f1d
3b35d12bd7e71f1d
3b35d12bd7db1f1d
3b35d12bd7e81f1d
3b35d12bd7db1f1d
3b35d12bd7e91f1d
3b35d12bd7db1f1d
3b35d12bd7ea1f1d
3b35d12bd7db1f1d
3b35d12bd7eb1f1d
3b35d12bd7db1f1d
3b35d12bd7ec1f1d
3b35d12bd7db1f1d
3b35d12bd7ed1f1d
3b35d12bd7db1f1d
3b35d12bd7ee1f1d
3b35d12bd7db1f1d
3b35d12bd7ef1f1d
3b35d12bd7db1f1d
3b35d12bd7f01f1d
3b35d12bd7db1f1d
3b35d12bd7f11f1d
3b35d12bd7db1f1d
3b35d12bd7f21f1d
3b35d12bd7db1f1d
3b35d12bd7f31f1d
3b35d12bd7db1f1d
3b35d12bd7f41f1d
3b35d12bd7db1f1d
3b35d12bd7f51f1d
3b35d12bd7db1f1d
3b35d12bd7f61f1d
3b35d12bd7db1f1d
3b35d12bd7f71f1d
3b35d12bd7db1f1d
3b35d12bd7f81f1d
3b35d12bd7db1f1d
3b35d12bd7f91f1d
3b35d12bd7db1f1d
3b35d12bd7fa1f1d
3b35d12bd7db1f1d
3b35d12bd7fb1f1d
3b35d12bd7db1f1d
3b35d12bd7fc1f1d
3b35d12bd7db1f1d
3b35d12bd7fd1f1d
3b35d12bd7db1f1d
3b35d12bd7fe1f1d
3b35d12bd7db1f1d
3b35d12bd7ff1f1d
3b35d12bd7db1f1d
3b35d12bd7001f1d
3b35d12bd7db1f1d
3b35d12bd7011f1d
3b35d12bd7db1f1d
3b35d12bd7021f1d
3b35d12bd7db1f1d
3b35d12bd7031f1d
3b35d12bd7db1f1d
3b35d12bd7041f1d
3b35d12bd7db1f1d
3b35d12bd7051f1d
3b35d12bd7db1f1d
3b35d12bd7061f1d
3b35d12bd7db1f1d
3b35d12bd7071f1d
3b35d12bd7db1f1d
3b35d12bd7081f1d
3b35d12bd7db1f1d
3b35d12bd7091f1d
3b35d12bd7db1f1d
3b35d12bd70a1f1d
3b35d12bd7db1f1d
3b35d12bd70b1f1d
3b35d12bd7db1f1d
3b35d12bd70c1f1d
3b35d12bd7db1f1d
3b35d12bd70d1f1d
3b35d12bd7db1f1d
3b35d12bd70e1f1d
3b35d12bd7db1f1d
3b35d12bd70f1f1d
3b35d12bd7db1f1d
3b35d12bd7101f1d
3b35d12bd7db1f1d
3b35d12bd7111f1d
3b35d12bd7db1f1d
3b35d12bd7121f1d
3b35d12bd7db1f1d
3b35d12bd7131f1d
3b35d12bd7db1f1d
3b35d12bd7141f1d
3b35d12bd7db1f1d
3b35d12bd7151f1d
3b35d12bd7db1f1d
3b35d12bd7161f1d
3b35d12bd7db1f1d
3b35d12bd7171f1d
3b35d12bd7db1f1d
3b35d12bd7181f1d
3b35d12bd7db1f1d
3b35d12bd7191f1d
3b35d12bd7db1f1d
3b35d12bd71a1f1d
3b35d12bd7db1f1d
3b35d12bd71b1f1d
3b35d12bd7db1f1d
3b35d12bd71c1f1d
3b35d12bd7db1f1d
3b35d12bd71d1f1d
3b35d12bd7db1f1d
3b35d12bd71e1f1d
3b35d12bd7db1f1d
3b35d12bd71f1f1d
3b35d12bd7db1f1d
3b35d12bd7201f1d
3b35d12bd7db1f1d
3b35d12bd7211f1d
3b35d12bd7db1f1d
3b35d12bd7221f1d
3b35d12bd7db1f1d
3b35d12bd7231f1d
3b35d12bd7db1f1d
3b35d12bd7241f1d
3b35d12bd7db1f1d
3b35d12bd7251f1d
3b35d12bd7db1f1d
3b35d12bd7261f1d
3b35d12bd7db1f1d
3b35d12bd7271f1d
3b35d12bd7db1f1d
3b35d12bd7281f1d
3b35d12bd7db1f1d
3b35d12bd7291f1d
3b35d12bd7db1f1d
3b35d12bd72a1f1d
3b35d12bd7db1f1d
3b35d12bd72b1f1d
3b35d12bd7db1f1d
3b35d12bd72c1f1d
3b35d12bd7db1f1d
3b35d12bd72d1f1d
3b35d12bd7db1f1d
3b35d12bd72e1f1d
3b35d12bd7db1f1d
3b35d12bd72f1f1d
3b35d12bd7db1f1d
3b35d12bd7301f1d
3b35d12bd7db1f1d
3b35d12bd7311f1d
3b35d12bd7db1f1d
3b35d12bd7321f1d
3b35d12bd7db1f1d
3b35d12bd7331f1d
3b35d12bd7db1f1d
3b35d12bd7341f1d
3b35d12bd7db1f1d
3b35d12bd7351f1d
3b35d12bd7db1f1d
3b35d12bd7361f1d
3b35d12bd7db1f1d
3b35d12bd7371f1d
3b35d12bd7db1f1d
3b35d12bd7381f1d
3b35d12bd7db1f1d
3b35d12bd7391f1d
3b35d12bd7db1f1d
3b35d12bd73a1f1d
3b35d12bd7db1f1d
3b35d12bd73b1f1d
3b35d12bd7db1f1d
3b35d12bd73c1f1d
3b35d12bd7db1f1d
3b35d12bd73d1f1d
3b35d12bd7db1f1d
3b35d12bd73e1f1d
3b35d12bd7db1f1d
3b35d12bd73f1f1d
3b35d12bd7db1f1d
3b35d12bd7401f1d
3b35d12bd7db1f1d
3b35d12bd7411f1d
3b35d12bd7db1f1d
3b35d12bd7421f1d
3b35d12bd7db1f1d
3b35d12bd7431f1d
3b35d12bd7db1f1d
3b35d12bd7441f1d
3b35d12bd7db1f1d
3b35d12bd7451f1d
3b35d12bd7db1f1d
3b35d12bd7461f1d
3b35d12bd7db1f1d
3b35d12bd7471f1d
3b35d12bd7db1f1d
3b35d12bd7481f1d
3b35d12bd7db1f1d
3b35d12bd7491f1d
3b35d12bd7db1f1d
3b35d12bd74a1f1d
3b35d12bd7db1f1d
3b35d12bd74b1f1d
3b35d12bd7db1f1d
3b35d12bd74c1f1d
3b35d12bd7db1f1d
3b35d12bd74d1f1d
3b35d12bd7db1f1d
3b35d12bd74e1f1d
3b35d12bd7db1f1d
3b35d12bd74f1f1d
3b35d12bd7db1f1d
3b35d12bd7501f1d
3b35d12bd7db1f1d
3b35d12bd7511f1d
3b35d12bd7db1f1d
3b35d12bd7521f1d
3b35d12bd7db1f1d
3b35d12bd7531f1d
3b35d12bd7db1f1d
3b35d12bd7541f1d
3b35d12bd7db1f1d
3b35d12bd7551f1d
3b35d12bd7db1f1d
3b35d12bd7561f1d
3b35d12bd7db1f1d
3b35d12bd7571f1d
3b35d12bd7db1f1d
3b35d12bd7581f1d
3b35d12bd7db1f1d
3b35d12bd7591f1d
3b35d12bd7db1f1d
3b35d12bd75a1f1d
3b35d12bd7db1f1d
3b35d12bd75b1f1d
3b35d12bd7db1f1d
3b35d12bd75c1f1d
3b35d12bd7db1f1d
3b35d12bd75d1f1d
3b35d12bd7db1f1d
3b35d12bd75e1f1d
3b35d12bd7db1f1d
3b35d12bd75f1f1d
3b35d12bd7db1f1d
3b35d12bd7601f1d
3b35d12bd7db1f1d
3b35d12bd7611f1d
3b35d12bd7db1f1d
3b35d12bd7621f1d
3b35d12bd7db1f1d
3b35d12bd7631f1d
3b35d12bd7db1f1d
3b35d12bd7641f1d
3b35d12bd7db1f1d
3b35d12bd7651f1d
3b35d12bd7db1f1d
3b35d12bd7661f1d
3b35d12bd7db1f1d
3b35d12bd7671f1d
3b35d12bd7db1f1d
3b35d12bd7681f1d
3b35d12bd7db1f1d
3b35d12bd7691f1d
3b35d12bd7db1f1d
3b35d12bd76a1f1d
3b35d12bd7db1f1d
3b35d12bd76b1f1d
3b35d12bd7db1f1d
3b35d12bd76c1f1d
3b35d12bd7db1f1d
3b35d12bd76d1f1d
3b35d12bd7db1f1d
3b35d12bd76e1f1d
3b35d12bd7db1f1d
3b35d12bd76f1f1d
3b35d12bd7db1f1d
3b35d12bd7701f1d
3b35d12bd7db1f1d
3b35d12bd7711f1d
3b35d12bd7db1f1d
3b35d12bd7721f1d
3b35d12bd7db1f1d
3b35d12bd7731f1d
3b35d12bd7db1f1d
3b35d12bd7741f1d
3b35d12bd7db1f1d
3b35d12bd7751f1d
3b35d12bd7db1f1d
3b35d12bd7761f1d
3b35d12bd7db1f1d
3b35d12bd7771f1d
3b35d12bd7db1f1d
3b35d12bd7781f1d
3b35d12bd7db1f1d
3b35d12bd7791f1d
3b35d12bd7db1f1d
3b35d12bd77a1f1d
3b35d12bd7db1f1d
3b35d12bd77b1f1d
3b35d12bd7db1f1d
3b35d12bd77c1f1d
3b35d12bd7db1f1d
3b35d12bd77d1f1d
3b35d12bd7db1f1d
3b35d12bd77e1f1d
3b35d12bd7db1f1d
3b35d12bd77f1f1d
3b35d12bd7db1f1d
3b35d12b80db1f1d
3b35d12bd7db1f1d
3b35d12b81db1f1d
3b35d12bd7db1f1d
3b35d12b82db1f1d
3b35d12bd7db1f1d
3b35d12b83db1f1d
3b35d12bd7db1f1d
3b35d12b84db1f1d
3b35d12bd7db1f1d
3b35d12b85db1f1d
3b35d12bd7db1f1d
3b35d12b86db1f1d
3b35d12bd7db1f1d
3b35d12b87db1f1d
3b35d12bd7db1f1d
3b35d12b88db1f1d
3b35d12bd7db1f1d
3b35d12b89db1f1d
3b35d12bd7db1f1d
3b35d12b8adb1f1d
3b35d12bd7db1f1d
3b35d12b8bdb1f1d
3b35d12bd7db1f1d
3b35d12b8cdb1f1d
3b35d12bd7db1f1d
3b35d12b8ddb1f1d
3b35d12bd7db1f1d
3b35d12b8edb1f1d
3b35d12bd7db1f1d
3b35d12b8fdb1f1d
3b35d12bd7db1f1d
3b35d12b90db1f1d
3b35d12bd7db1f1d
3b35d12b91db1f1d
3b35d12bd7db1f1d
3b35d12b92db1f1d
3b35d12bd7db1f1d
3b35d12b93db1f1d
3b35d12bd7db1f1d
3b35d12b94db1f1d
3b35d12bd7db1f1d
3b35d12b95db1f1d
3b35d12bd7db1f1d
3b35d12b96db1f1d
3b35d12bd7db1f1d
3b35d12b97db1f1d
3b35d12bd7db1f1d
3b35d12b98db1f1d
3b35d12bd7db1f1d
3b35d12b99db1f1d
3b35d12bd7db1f1d
3b35d12b9adb1f1d
3b35d12bd7db1f1d
3b35d12b9bdb1f1d
3b35d12bd7db1f1d
3b35d12b9cdb1f1d
3b35d12bd7db1f1d
3b35d12b9ddb1f1d
3b35d12bd7db1f1d
3b35d12b9edb1f1d
3b35d12bd7db1f1d
3b35d12b9fdb1f1d
3b35d12bd7db1f1d
3b35d12ba0db1f1d
3b35d12bd7db1f1d
3b35d12ba1db1f1d
3b35d12bd7db1f1d
3b35d12ba2db1f1d
3b35d12bd7db1f1d
3b35d12ba3db1f1d
3b35d12bd7db1f1d
3b35d12ba4db1f1d
3b35d12bd7db1f1d
3b35d12ba5db1f1d
3b35d12bd7db1f1d
3b35d12ba6db1f1d
3b35d12bd7db1f1d
3b35d12ba7db1f1d
3b35d12bd7db1f1d
3b35d12ba8db1f1d
3b35d12bd7db1f1d
3b35d12ba9db1f1d
3b35d12bd7db1f1d
3b35d12baadb1f1d
3b35d12bd7db1f1d
3b35d12babdb1f1d
3b35d12bd7db1f1d
3b35d12bacdb1f1d
3b35d12bd7db1f1d
3b35d12baddb1f1d
3b35d12bd7db1f1d
3b35d12baedb1f1d
3b35d12bd7db1f1d
3b35d12bafdb1f1d
3b35d12bd7db1f1d
3b35d12bb0db1f1d
3b35d12bd7db1f1d
3b35d12bb1db1f1d
3b35d12bd7db1f1d
3b35d12bb2db1f1d
3b35d12bd7db1f1d
3b35d12bb3db1f1d
3b35d12bd7db1f1d
3b35d12bb4db1f1d
3b35d12bd7db1f1d
3b35d12bb5db1f1d
3b35d12bd7db1f1d
3b35d12bb6db1f1d
3b35d12bd7db1f1d
3b35d12bb7db1f1d
3b35d12bd7db1f1d
3b35d12bb8db1f1d
3b35d12bd7db1f1d
3b35d12bb9db1f1d
3b35d12bd7db1f1d
3b35d12bbadb1f1d
3b35d12bd7db1f1d
3b35d12bbbdb1f1d
3b35d12bd7db1f1d
3b35d12bbcdb1f1d
3b35d12bd7db1f1d
3b35d12bbddb1f1d
3b35d12bd7db1f1d
3b35d12bbedb1f1d
3b35d12bd7db1f1d
3b35d12bbfdb1f1d
3b35d12bd7db1f1d
3b35d12bc0db1f1d
3b35d12bd7db1f1d
3b35d12bc1db1f1d
3b35d12bd7db1f1d
3b35d12bc2db1f1d
3b35d12bd7db1f1d
3b35d12bc3db1f1d
3b35d12bd7db1f1d
3b35d12bc4db1f1d
3b35d12bd7db1f1d
3b35d12bc5db1f1d
3b35d12bd7db1f1d
3b35d12bc6db1f1d
3b35d12bd7db1f1d
3b35d12bc7db1f1d
3b35d12bd7db1f1d
3b35d12bc8db1f1d
3b35d12bd7db1f1d
3b35d12bc9db1f1d
3b35d12bd7db1f1d
3b35d12bcadb1f1d
3b35d12bd7db1f1d
3b35d12bcbdb1f1d
3b35d12bd7db1f1d
3b35d12bccdb1f1d
3b35d12bd7db1f1d
3b35d12bcddb1f1d
3b35d12bd7db1f1d
3b35d12bcedb1f1d
3b35d12bd7db1f1d
3b35d12bcfdb1f1d
3b35d12bd7db1f1d
3b35d12bd0db1f1d
3b35d12bd7db1f1d
3b35d12bd1db1f1d
3b35d12bd7db1f1d
3b35d12bd2db1f1d
3b35d12bd7db1f1d
3b35d12bd3db1f1d
3b35d12bd7db1f1d
3b35d12bd4db1f1d
3b35d12bd7db1f1d
3b35d12bd5db1f1d
3b35d12bd7db1f1d
3b35d12bd6db1f1d
3b35d12bd7db1f1d
3b35d12bd7db1f1d
3b35d12bd7db1f1d
3b35d12bd8db1f1d
3b35d12bd7db1f1d
3b35d12bd9db1f1d
3b35d12bd7db1f1d
3b35d12bdadb1f1d
3b35d12bd7db1f1d
3b35d12bdbdb1f1d
3b35d12bd7db1f1d
3b35d12bdcdb1f1d
3b35d12bd7db1f1d
3b35d12bdddb1f1d
3b35d12bd7db1f1d
3b35d12bdedb1f1d
3b35d12bd7db1f1d
3b35d12bdfdb1f1d
3b35d12bd7db1f1d
3b35d12be0db1f1d
3b35d12bd7db1f1d
3b35d12be1db1f1d
3b35d12bd7db1f1d
3b35d12be2db1f1d
3b35d12bd7db1f1d
3b35d12be3db1f1d
3b35d12bd7db1f1d
3b35d12be4db1f1d
3b35d12bd7db1f1d
3b35d12be5db1f1d
3b35d12bd7db1f1d
3b35d12be6db1f1d
3b35d12bd7db1f1d
3b35d12be7db1f1d
3b35d12bd7db1f1d
3b35d12be8db1f1d
3b35d12bd7db1f1d
3b35d12be9db1f1d
3b35d12bd7db1f1d
3b35d12beadb1f1d
3b35d12bd7db1f1d
3b35d12bebdb1f1d
3b35d12bd7db1f1d
3b35d12becdb1f1d
3b35d12bd7db1f1d
3b35d12beddb1f1d
3b35d12bd7db1f1d
3b35d12beedb1f1d
3b35d12bd7db1f1d
3b35d12befdb1f1d
3b35d12bd7db1f1d
3b35d12bf0db1f1d
3b35d12bd7db1f1d
3b35d12bf1db1f1d
3b35d12bd7db1f1d
3b35d12bf2db1f1d
3b35d12bd7db1f1d
3b35d12bf3db1f1d
3b35d12bd7db1f1d
3b35d12bf4db1f1d
3b35d12bd7db1f1d
3b35d12bf5db1f1d
3b35d12bd7db1f1d
3b35d12bf6db1f1d
3b35d12bd7db1f1d
3b35d12bf7db1f1d
3b35d12bd7db1f1d
3b35d12bf8db1f1d
3b35d12bd7db1f1d
3b35d12bf9db1f1d
3b35d12bd7db1f1d
3b35d12bfadb1f1d
3b35d12bd7db1f1d
3b35d12bfbdb1f1d
3b35d12bd7db1f1d
3b35d12bfcdb1f1d
3b35d12bd7db1f1d
3b35d12bfddb1f1d
3b35d12bd7db1f1d
3b35d12bfedb1f1d
3b35d12bd7db1f1d
3b35d12bffdb1f1d
3b35d12bd7db1f1d
3b35d12b00db1f1d
3b35d12bd7db1f1d
3b35d12b01db1f1d
3b35d12bd7db1f1d
3b35d12b02db1f1d
3b35d12bd7db1f1d
3b35d12b03db1f1d
3b35d12bd7db1f1d
3b35d12b04db1f1d
3b35d12bd7db1f1d
3b35d12b05db1f1d
3b35d12bd7db1f1d
3b35d12b06db1f1d
3b35d12bd7db1f1d
3b35d12b07db1f1d
3b35d12bd7db1f1d
3b35d12b08db1f1d
3b35d12bd7db1f1d
3b35d12b09db1f1d
3b35d12bd7db1f1d
3b35d12b0adb1f1d
3b35d12bd7db1f1d
3b35d12b0bdb1f1d
3b35d12bd7db1f1d
3b35d12b0cdb1f1d
3b35d12bd7db1f1d
3b35d12b0ddb1f1d
3b35d12bd7db1f1d
3b35d12b0edb1f1d
3b35d12bd7db1f1d
3b35d12b0fdb1f1d
3b35d12bd7db1f1d
3b35d12b10db1f1d
3b35d12bd7db1f1d
3b35d12b11db1f1d
3b35d12bd7db1f1d
3b35d12b12db1f1d
3b35d12bd7db1f1d
3b35d12b13db1f1d
3b35d12bd7db1f1d
3b35d12b14db1f1d
3b35d12bd7db1f1d
3b35d12b15db1f1d
3b35d12bd7db1f1d
3b35d12b16db1f1d
3b35d12bd7db1f1d
3b35d12b17db1f1d
3b35d12bd7db1f1d
3b35d12b18db1f1d
3b35d12bd7db1f1d
3b35d12b19db1f1d
3b35d12bd7db1f1d
3b35d12b1adb1f1d
3b35d12bd7db1f1d
3b35d12b1bdb1f1d
3b35d12bd7db1f1d
3b35d12b1cdb1f1d
3b35d12bd7db1f1d
3b35d12b1ddb1f1d
3b35d12bd7db1f1d
3b35d12b1edb1f1d
3b35d12bd7db1f1d
3b35d12b1fdb1f1d
3b35d12bd7db1f1d
3b35d12b20db1f1d
3b35d12bd7db1f1d
3b35d12b21db1f1d
3b35d12bd7db1f1d
3b35d12b22db1f1d
3b35d12bd7db1f1d
3b35d12b23db1f1d
3b35d12bd7db1f1d
3b35d12b24db1f1d
3b35d12bd7db1f1d
3b35d12b25db1f1d
3b35d12bd7db1f1d
3b35d12b26db1f1d
3b35d12bd7db1f1d
3b35d12b27db1f1d
3b35d12bd7db1f1d
3b35d12b28db1f1d
3b35d12bd7db1f1d
3b35d12b29db1f1d
3b35d12bd7db1f1d
3b35d12b2adb1f1d
3b35d12bd7db1f1d
3b35d12b2bdb1f1d
3b35d12bd7db1f1d
3b35d12b2cdb1f1d
3b35d12bd7db1f1d
3b35d12b2ddb1f1d
3b35d12bd7db1f1d
3b35d12b2edb1f1d
3b35d12bd7db1f1d
3b35d12b2fdb1f1d
3b35d12bd7db1f1d
3b35d12b30db1f1d
3b35d12bd7db1f1d
3b35d12b31db1f1d
3b35d12bd7db1f1d
3b35d12b32db1f1d
3b35d12bd7db1f1d
3b35d12b33db1f1d
3b35d12bd7db1f1d
3b35d12b34db1f1d
3b35d12bd7db1f1d
3b35d12b35db1f1d
3b35d12bd7db1f1d
3b35d12b36db1f1d
3b35d12bd7db1f1d
3b35d12b37db1f1d
3b35d12bd7db1f1d
3b35d12b38db1f1d
3b35d12bd7db1f1d
3b35d12b39db1f1d
3b35d12bd7db1f1d
3b35d12b3adb1f1d
3b35d12bd7db1f1d
3b35d12b3bdb1f1d
3b35d12bd7db1f1d
3b35d12b3cdb1f1d
3b35d12bd7db1f1d
3b35d12b3ddb1f1d
3b35d12bd7db1f1d
3b35d12b3edb1f1d
3b35d12bd7db1f1d
3b35d12b3fdb1f1d
3b35d12bd7db1f1d
3b35d12b40db1f1d
3b35d12bd7db1f1d
3b35d12b41db1f1d
3b35d12bd7db1f1d
3b35d12b42db1f1d
3b35d12bd7db1f1d
3b35d12b43db1f1d
3b35d12bd7db1f1d
3b35d12b44db1f1d
3b35d12bd7db1f1d
3b35d12b45db1f1d
3b35d12bd7db1f1d
3b35d12b46db1f1d
3b35d12bd7db1f1d
3b35d12b47db1f1d
3b35d12bd7db1f1d
3b35d12b48db1f1d
3b35d12bd7db1f1d
3b35d12b49db1f1d
3b35d12bd7db1f1d
3b35d12b4adb1f1d
3b35d12bd7db1f1d
3b35d12b4bdb1f1d
3b35d12bd7db1f1d
3b35d12b4cdb1f1d
3b35d12bd7db1f1d
3b35d12b4ddb1f1d
3b35d12bd7db1f1d
3b35d12b4edb1f1d
3b35d12bd7db1f1d
3b35d12b4fdb1f1d
3b35d12bd7db1f1d
3b35d12b50db1f1d
3b35d12bd7db1f1d
3b35d12b51db1f1d
3b35d12bd7db1f1d
3b35d12b52db1f1d
3b35d12bd7db1f1d
3b35d12b53db1f1d
3b35d12bd7db1f1d
3b35d12b54db1f1d
3b35d12bd7db1f1d
3b35d12b55db1f1d
3b35d12bd7db1f1d
3b35d12b56db1f1d
3b35d12bd7db1f1d
3b35d12b57db1f1d
3b35d12bd7db1f1d
3b35d12b58db1f1d
3b35d12bd7db1f1d
3b35d12b59db1f1d
3b35d12bd7db1f1d
3b35d12b5adb1f1d
3b35d12bd7db1f1d
3b35d12b5bdb1f1d
3b35d12bd7db1f1d
3b35d12b5cdb1f1d
3b35d12bd7db1f1d
3b35d12b5ddb1f1d
3b35d12bd7db1f1d
3b35d12b5edb1f1d
3b35d12bd7db1f1d
3b35d12b5fdb1f1d
3b35d12bd7db1f1d
3b35d12b60db1f1d
3b35d12bd7db1f1d
3b35d12b61db1f1d
3b35d12bd7db1f1d
3b35d12b62db1f1d
3b35d12bd7db1f1d
3b35d12b63db1f1d
3b35d12bd7db1f1d
3b35d12b64db1f1d
3b35d12bd7db1f1d
3b35d12b65db1f1d
3b35d12bd7db1f1d
3b35d12b66db1f1d
3b35d12bd7db1f1d
3b35d12b67db1f1d
3b35d12bd7db1f1d
3b35d12b68db1f1d
3b35d12bd7db1f1d
3b35d12b69db1f1d
3b35d12bd7db1f1d
3b35d12b6adb1f1d
3b35d12bd7db1f1d
3b35d12b6bdb1f1d
3b35d12bd7db1f1d
3b35d12b6cdb1f1d
3b35d12bd7db1f1d
3b35d12b6ddb1f1d
3b35d12bd7db1f1d
3b35d12b6edb1f1d
3b35d12bd7db1f1d
3b35d12b6fdb1f1d
3b35d12bd7db1f1d
3b35d12b70db1f1d
3b35d12bd7db1f1d
3b35d12b71db1f1d
3b35d12bd7db1f1d
3b35d12b72db1f1d
3b35d12bd7db1f1d
3b35d12b73db1f1d
3b35d12bd7db1f1d
3b35d12b74db1f1d
3b35d12bd7db1f1d
3b35d12b75db1f1d
3b35d12bd7db1f1d
3b35d12b76db1f1d
3b35d12bd7db1f1d
3b35d12b77db1f1d
3b35d12bd7db1f1d
3b35d12b78db1f1d
3b35d12bd7db1f1d
3b35d12b79db1f1d
3b35d12bd7db1f1d
3b35d12b7adb1f1d
3b35d12bd7db1f1d
3b35d12b7bdb1f1d
3b35d12bd7db1f1d
3b35d12b7cdb1f1d
3b35d12bd7db1f1d
3b35d12b7ddb1f1d
3b35d12bd7db1f1d
3b35d12b7edb1f1d
3b35d12bd7db1f1d
3b35d12b7fdb1f1d
3b35d12bd7db1f1d
3b35d180d7db1f1d
3b35d12bd7db1f1d
3b35d181d7db1f1d
3b35d12bd7db1f1d
3b35d182d7db1f1d
3b35d12bd7db1f1d
3b35d183d7db1f1d
3b35d12bd7db1f1d
3b35d184d7db1f1d
3b35d12bd7db1f1d
3b35d185d7db1f1d
3b35d12bd7db1f1d
3b35d186d7db1f1d
3b35d12bd7db1f1d
3b35d187d7db1f1d
3b35d12bd7db1f1d
3b35d188d7db1f1d
3b35d12bd7db1f1d
3b35d189d7db1f1d
3b35d12bd7db1f1d
3b35d18ad7db1f1d
3b35d12bd7db1f1d
3b35d18bd7db1f1d
3b35d12bd7db1f1d
3b35d18cd7db1f1d
3b35d12bd7db1f1d
3b35d18dd7db1f1d
3b35d12bd7db1f1d
3b35d18ed7db1f1d
3b35d12bd7db1f1d
3b35d18fd7db1f1d
3b35d12bd7db1f1d
3b35d190d7db1f1d
3b35d12bd7db1f1d
3b35d191d7db1f1d
3b35d12bd7db1f1d
3b35d192d7db1f1d
3b35d12bd7db1f1d
3b35d193d7db1f1d
3b35d12bd7db1f1d
3b35d194d7db1f1d
3b35d12bd7db1f1d
3b35d195d7db1f1d
3b35d12bd7db1f1d
3b35d196d7db1f1d
3b35d12bd7db1f1d
3b35d197d7db1f1d
3b35d12bd7db1f1d
3b35d198d7db1f1d
3b35d12bd7db1f1d
3b35d199d7db1f1d
3b35d12bd7db1f1d
3b35d19ad7db1f1d
3b35d12bd7db1f1d
3b35d19bd7db1f1d
3b35d12bd7db1f1d
3b35d19cd7db1f1d
3b35d12bd7db1f1d
3b35d19dd7db1f1d
3b35d12bd7db1f1d
3b35d19ed7db1f1d
3b35d12bd7db1f1d
3b35d19fd7db1f1d
3b35d12bd7db1f1d
3b35d1a0d7db1f1d
3b35d12bd7db1f1d
3b35d1a1d7db1f1d
3b35d12bd7db1f1d
3b35d1a2d7db1f1d
3b35d12bd7db1f1d
3b35d1a3d7db1f1d
3b35d12bd7db1f1d
3b35d1a4d7db1f1d
3b35d12bd7db1f1d
3b35d1a5d7db1f1d
3b35d12bd7db1f1d
3b35d1a6d7db1f1d
3b35d12bd7db1f1d
3b35d1a7d7db1f1d
3b35d12bd7db1f1d
3b35d1a8d7db1f1d
3b35d12bd7db1f1d
3b35d1a9d7db1f1d
3b35d12bd7db1f1d
3b35d1aad7db1f1d
3b35d12bd7db1f1d
3b35d1abd7db1f1d
3b35d12bd7db1f1d
3b35d1acd7db1f1d
3b35d12bd7db1f1d
3b35d1add7db1f1d
3b35d12bd7db1f1d
3b35d1aed7db1f1d
3b35d12bd7db1f1d
3b35d1afd7db1f1d
3b35d12bd7db1f1d
3b35d1b0d7db1f1d
3b35d12bd7db1f1d
3b35d1b1d7db1f1d
3b35d12bd7db1f1d
3b35d1b2d7db1f1d
3b35d12bd7db1f1d
3b35d1b3d7db1f1d
3b35d12bd7db1f1d
3b35d1b4d7db1f1d
3b35d12bd7db1f1d
3b35d1b5d7db1f1d
3b35d12bd7db1f1d
3b35d1b6d7db1f1d
3b35d12bd7db1f1d
3b35d1b7d7db1f1d
3b35d12bd7db1f1d
3b35d1b8d7db1f1d
3b35d12bd7db1f1d
3b35d1b9d7db1f1d
3b35d12bd7db1f1d
3b35d1bad7db1f1d
3b35d12bd7db1f1d
3b35d1bbd7db1f1d
3b35d12bd7db1f1d
3b35d1bcd7db1f1d
3b35d12bd7db1f1d
3b35d1bdd7db1f1d
3b35d12bd7db1f1d
3b35d1bed7db1f1d
3b35d12bd7db1f1d
3b35d1bfd7db1f1d
3b35d12bd7db1f1d
3b35d1c0d7db1f1d
3b35d12bd7db1f1d
3b35d1c1d7db1f1d
3b35d12bd7db1f1d
3b35d1c2d7db1f1d
3b35d12bd7db1f1d
3b35d1c3d7db1f1d
3b35d12bd7db1f1d
3b35d1c4d7db1f1d
3b35d12bd7db1f1d
3b35d1c5d7db1f1d
3b35d12bd7db1f1d
3b35d1c6d7db1f1d
3b35d12bd7db1f1d
3b35d1c7d7db1f1d
3b35d12bd7db1f1d
3b35d1c8d7db1f1d
3b35d12bd7db1f1d
3b35d1c9d7db1f1d
3b35d12bd7db1f1d
3b35d1cad7db1f1d
3b35d12bd7db1f1d
3b35d1cbd7db1f1d
3b35d12bd7db1f1d
3b35d1ccd7db1f1d
3b35d12bd7db1f1d
3b35d1cdd7db1f1d
3b35d12bd7db1f1d
3b35d1ced7db1f1d
3b35d12bd7db1f1d
3b35d1cfd7db1f1d
3b35d12bd7db1f1d
3b35d1d0d7db1f1d
3b35d12bd7db1f1d
3b35d1d1d7db1f1d
3b35d12bd7db1f1d
3b35d1d2d7db1f1d
3b35d12bd7db1f1d
3b35d1d3d7db1f1d
3b35d12bd7db1f1d
3b35d1d4d7db1f1d
3b35d12bd7db1f1d
3b35d1d5d7db1f1d
3b35d12bd7db1f1d
3b35d1d6d7db1f1d
3b35d12bd7db1f1d
3b35d1d7d7db1f1d
3b35d12bd7db1f1d
3b35d1d8d7db1f1d
3b35d12bd7db1f1d
3b35d1d9d7db1f1d
3b35d12bd7db1f1d
3b35d1dad7db1f1d
3b35d12bd7db1f1d
3b35d1dbd7db1f1d
3b35d12bd7db1f1d
3b35d1dcd7db1f1d
3b35d12bd7db1f1d
3b35d1ddd7db1f1d
3b35d12bd7db1f1d
3b35d1ded7db1f1d
3b35d12bd7db1f1d
3b35d1dfd7db1f1d
3b35d12bd7db1f1d
3b35d1e0d7db1f1d
3b35d12bd7db1f1d
3b35d1e1d7db1f1d
3b35d12bd7db1f1d
3b35d1e2d7db1f1d
3b35d12bd7db1f1d
3b35d1e3d7db1f1d
3b35d12bd7db1f1d
3b35d1e4d7db1f1d
3b35d12bd7db1f1d
3b35d1e5d7db1f1d
3b35d12bd7db1f1d
3b35d1e6d7db1f1d
3b35d12bd7db1f1d
3b35d1e7d7db1f1d
3b35d12bd7db1f1d
3b35d1e8d7db1f1d
3b35d12bd7db1f1d
3b35d1e9d7db1f1d
3b35d12bd7db1f1d
3b35d1ead7db1f1d
3b35d12bd7db1f1d
3b35d1ebd7db1f1d
3b35d12bd7db1f1d
3b35d1ecd7db1f1d
3b35d12bd7db1f1d
3b35d1edd7db1f1d
3b35d12bd7db1f1d
3b35d1eed7db1f1d
3b35d12bd7db1f1d
3b35d1efd7db1f1d
3b35d12bd7db1f1d
3b35d1f0d7db1f1d
3b35d12bd7db1f1d
3b35d1f1d7db1f1d
3b35d12bd7db1f1d
3b35d1f2d7db1f1d
3b35d12bd7db1f1d
3b35d1f3d7db1f1d
3b35d12bd7db1f1d
3b35d1f4d7db1f1d
3b35d12bd7db1f1d
3b35d1f5d7db1f1d
3b35d12bd7db1f1d
3b35d1f6d7db1f1d
3b35d12bd7db1f1d
3b35d1f7d7db1f1d
3b35d12bd7db1f1d
3b35d1f8d7db1f1d
3b35d12bd7db1f1d
3b35d1f9d7db1f1d
3b35d12bd7db1f1d
3b35d1fad7db1f1d
3b35d12bd7db1f1d
3b35d1fbd7db1f1d
3b35d12bd7db1f1d
3b35d1fcd7db1f1d
3b35d12bd7db1f1d
3b35d1fdd7db1f1d
3b35d12bd7db1f1d
3b35d1fed7db1f1d
3b35d12bd7db1f1d
3b35d1ffd7db1f1d
3b35d12bd7db1f1d
3b35d100d7db1f1d
3b35d12bd7db1f1d
3b35d101d7db1f1d
3b35d12bd7db1f1d
3b35d102d7db1f1d
3b35d12bd7db1f1d
3b35d103d7db1f1d
3b35d12bd7db1f1d
3b35d104d7db1f1d
3b35d12bd7db1f1d
3b35d105d7db1f1d
3b35d12bd7db1f1d
3b35d106d7db1f1d
3b35d12bd7db1f1d
3b35d107d7db1f1d
3b35d12bd7db1f1d
3b35d108d7db1f1d
3b35d12bd7db1f1d
3b35d109d7db1f1d
3b35d12bd7db1f1d
3b35d10ad7db1f1d
3b35d12bd7db1f1d
3b35d10bd7db1f1d
3b35d12bd7db1f1d
3b35d10cd7db1f1d
3b35d12bd7db1f1d
3b35d10dd7db1f1d
3b35d12bd7db1f1d
3b35d10ed7db1f1d
3b35d12bd7db1f1d
3b35d10fd7db1f1d
3b35d12bd7db1f1d
3b35d110d7db1f1d
3b35d12bd7db1f1d
3b35d111d7db1f1d
3b35d12bd7db1f1d
3b35d112d7db1f1d
3b35d12bd7db1f1d
3b35d113d7db1f1d
3b35d12bd7db1f1d
3b35d114d7db1f1d
3b35d12bd7db1f1d
3b35d115d7db1f1d
3b35d12bd7db1f1d
3b35d116d7db1f1d
3b35d12bd7db1f1d
3b35d117d7db1f1d
3b35d12bd7db1f1d
3b35d118d7db1f1d
3b35d12bd7db1f1d
3b35d119d7db1f1d
3b35d12bd7db1f1d
3b35d11ad7db1f1d
3b35d12bd7db1f1d
3b35d11bd7db1f1d
3b35d12bd7db1f1d
3b35d11cd7db1f1d
3b35d12bd7db1f1d
3b35d11dd7db1f1d
3b35d12bd7db1f1d
3b35d11ed7db1f1d
3b35d12bd7db1f1d
3b35d11fd7db1f1d
3b35d12bd7db1f1d
3b35d120d7db1f1d
3b35d12bd7db1f1d
3b35d121d7db1f1d
3b35d12bd7db1f1d
3b35d122d7db1f1d
3b35d12bd7db1f1d
3b35d123d7db1f1d
3b35d12bd7db1f1d
3b35d124d7db1f1d
3b35d12bd7db1f1d
3b35d125d7db1f1d
3b35d12bd7db1f1d
3b35d126d7db1f1d
3b35d12bd7db1f1d
3b35d127d7db1f1d
3b35d12bd7db1f1d
3b35d128d7db1f1d
3b35d12bd7db1f1d
3b35d129d7db1f1d
3b35d12bd7db1f1d
3b35d12ad7db1f1d
3b35d12bd7db1f1d
3b35d12bd7db1f1d
3b35d12bd7db1f1d
3b35d12cd7db1f1d
3b35d12bd7db1f1d
3b35d12dd7db1f1d
3b35d12bd7db1f1d
3b35d12ed7db1f1d
3b35d12bd7db1f1d
3b35d12fd7db1f1d
3b35d12bd7db1f1d
3b35d130d7db1f1d
3b35d12bd7db1f1d
3b35d131d7db1f1d
3b35d12bd7db1f1d
3b35d132d7db1f1d
3b35d12bd7db1f1d
3b35d133d7db1f1d
3b35d12bd7db1f1d
3b35d134d7db1f1d
3b35d12bd7db1f1d
3b35d135d7db1f1d
3b35d12bd7db1f1d
3b35d136d7db1f1d
3b35d12bd7db1f1d
3b35d137d7db1f1d
3b35d12bd7db1f1d
3b35d138d7db1f1d
3b35d12bd7db1f1d
3b35d139d7db1f1d
3b35d12bd7db1f1d
3b35d13ad7db1f1d
3b35d12bd7db1f1d
3b35d13bd7db1f1d
3b35d12bd7db1f1d
3b35d13cd7db1f1d
3b35d12bd7db1f1d
3b35d13dd7db1f1d
3b35d12bd7db1f1d
3b35d13ed7db1f1d
3b35d12bd7db1f1d
3b35d13fd7db1f1d
3b35d12bd7db1f1d
3b35d140d7db1f1d
3b35d12bd7db1f1d
3b35d141d7db1f1d
3b35d12bd7db1f1d
3b35d142d7db1f1d
3b35d12bd7db1f1d
3b35d143d7db1f1d
3b35d12bd7db1f1d
3b35d144d7db1f1d
3b35d12bd7db1f1d
3b35d145d7db1f1d
3b35d12bd7db1f1d
3b35d146d7db1f1d
3b35d12bd7db1f1d
3b35d147d7db1f1d
3b35d12bd7db1f1d
3b35d148d7db1f1d
3b35d12bd7db1f1d
3b35d149d7db1f1d
3b35d12bd7db1f1d
3b35d14ad7db1f1d
3b35d12bd7db1f1d
3b35d14bd7db1f1d
3b35d12bd7db1f1d
3b35d14cd7db1f1d
3b35d12bd7db1f1d
3b35d14dd7db1f1d
3b35d12bd7db1f1d
3b35d14ed7db1f1d
3b35d12bd7db1f1d
3b35d14fd7db1f1d
3b35d12bd7db1f1d
3b35d150d7db1f1d
3b35d12bd7db1f1d
3b35d151d7db1f1d
3b35d12bd7db1f1d
3b35d152d7db1f1d
3b35d12bd7db1f1d
3b35d153d7db1f1d
3b35d12bd7db1f1d
3b35d154d7db1f1d
3b35d12bd7db1f1d
3b35d155d7db1f1d
3b35d12bd7db1f1d
3b35d156d7db1f1d
3b35d12bd7db1f1d
3b35d157d7db1f1d
3b35d12bd7db1f1d
3b35d158d7db1f1d
3b35d12bd7db1f1d
3b35d159d7db1f1d
3b35d12bd7db1f1d
3b35d15ad7db1f1d
3b35d12bd7db1f1d
3b35d15bd7db1f1d
3b35d12bd7db1f1d
3b35d15cd7db1f1d
3b35d12bd7db1f1d
3b35d15dd7db1f1d
3b35d12bd7db1f1d
3b35d15ed7db1f1d
3b35d12bd7db1f1d
3b35d15fd7db1f1d
3b35d12bd7db1f1d
3b35d160d7db1f1d
3b35d12bd7db1f1d
3b35d161d7db1f1d
3b35d12bd7db1f1d
3b35d162d7db1f1d
3b35d12bd7db1f1d
3b35d163d7db1f1d
3b35d12bd7db1f1d
3b35d164d7db1f1d
3b35d12bd7db1f1d
3b35d165d7db1f1d
3b35d12bd7db1f1d
3b35d166d7db1f1d
3b35d12bd7db1f1d
3b35d167d7db1f1d
3b35d12bd7db1f1d
3b35d168d7db1f1d
3b35d12bd7db1f1d
3b35d169d7db1f1d
3b35d12bd7db1f1d
3b35d16ad7db1f1d
3b35d12bd7db1f1d
3b35d16bd7db1f1d
3b35d12bd7db1f1d
3b35d16cd7db1f1d
3b35d12bd7db1f1d
3b35d16dd7db1f1d
3b35d12bd7db1f1d
3b35d16ed7db1f1d
3b35d12bd7db1f1d
3b35d16fd7db1f1d
3b35d12bd7db1f1d
3b35d170d7db1f1d
3b35d12bd7db1f1d
3b35d171d7db1f1d
3b35d12bd7db1f1d
3b35d172d7db1f1d
3b35d12bd7db1f1d
3b35d173d7db1f1d
3b35d12bd7db1f1d
3b35d174d7db1f1d
3b35d12bd7db1f1d
3b35d175d7db1f1d
3b35d12bd7db1f1d
3b35d176d7db1f1d
3b35d12bd7db1f1d
3b35d177d7db1f1d
3b35d12bd7db1f1d
3b35d178d7db1f1d
3b35d12bd7db1f1d
3b35d179d7db1f1d
3b35d12bd7db1f1d
3b35d17ad7db1f1d
3b35d12bd7db1f1d
3b35d17bd7db1f1d
3b35d12bd7db1f1d
3b35d17cd7db1f1d
3b35d12bd7db1f1d
3b35d17dd7db1f1d
3b35d12bd7db1f1d
3b35d17ed7db1f1d
3b35d12bd7db1f1d
3b35d17fd7db1f1d
3b35d12bd7db1f1d
3b35802bd7db1f1d
3b35d12bd7db1f1d
3b35812bd7db1f1d
3b35d12bd7db1f1d
3b35822bd7db1f1d
3b35d12bd7db1f1d
3b35832bd7db1f1d
3b35d12bd7db1f1d
3b35842bd7db1f1d
3b35d12bd7db1f1d
3b35852bd7db1f1d
3b35d12bd7db1f1d
3b35862bd7db1f1d
3b35d12bd7db1f1d
3b35872bd7db1f1d
3b35d12bd7db1f1d
3b35882bd7db1f1d
3b35d12bd7db1f1d
3b35892bd7db1f1d
3b35d12bd7db1f1d
3b358a2bd7db1f1d
3b35d12bd7db1f1d
3b358b2bd7db1f1d
3b35d12bd7db1f1d
3b358c2bd7db1f1d
3b35d12bd7db1f1d
3b358d2bd7db1f1d
3b35d12bd7db1f1d
3b358e2bd7db1f1d
3b35d12bd7db1f1d
3b358f2bd7db1f1d
3b35d12bd7db1f1d
3b35902bd7db1f1d
3b35d12bd7db1f1d
3b35912bd7db1f1d
3b35d12bd7db1f1d
3b35922bd7db1f1d
3b35d12bd7db1f1d
3b35932bd7db1f1d
3b35d12bd7db1f1d
3b35942bd7db1f1d
3b35d12bd7db1f1d
3b35952bd7db1f1d
3b35d12bd7db1f1d
3b35962bd7db1f1d
3b35d12bd7db1f1d
3b35972bd7db1f1d
3b35d12bd7db1f1d
3b35982bd7db1f1d
3b35d12bd7db1f1d
3b35992bd7db1f1d
3b35d12bd7db1f1d
3b359a2bd7db1f1d
3b35d12bd7db1f1d
3b359b2bd7db1f1d
3b35d12bd7db1f1d
3b359c2bd7db1f1d
3b35d12bd7db1f1d
3b359d2bd7db1f1d
3b35d12bd7db1f1d
3b359e2bd7db1f1d
3b35d12bd7db1f1d
3b359f2bd7db1f1d
3b35d12bd7db1f1d
3b35a02bd7db1f1d
3b35d12bd7db1f1d
3b35a12bd7db1f1d
3b35d12bd7db1f1d
3b35a22bd7db1f1d
3b35d12bd7db1f1d
3b35a32bd7db1f1d
3b35d12bd7db1f1d
3b35a42bd7db1f1d
3b35d12bd7db1f1d
3b35a52bd7db1f1d
3b35d12bd7db1f1d
3b35a62bd7db1f1d
3b35d12bd7db1f1d
3b35a72bd7db1f1d
3b35d12bd7db1f1d
3b35a82bd7db1f1d
3b35d12bd7db1f1d
3b35a92bd7db1f1d
3b35d12bd7db1f1d
3b35aa2bd7db1f1d
3b35d12bd7db1f1d
3b35ab2bd7db1f1d
3b35d12bd7db1f1d
3b35ac2bd7db1f1d
3b35d12bd7db1f1d
3b35ad2bd7db1f1d
3b35d12bd7db1f1d
3b35ae2bd7db1f1d
3b35d12bd7db1f1d
3b35af2bd7db1f1d
3b35d12bd7db1f1d
3b35b02bd7db1f1d
3b35d12bd7db1f1d
3b35b12bd7db1f1d
3b35d12bd7db1f1d
3b35b22bd7db1f1d
3b35d12bd7db1f1d
3b35b32bd7db1f1d
3b35d12bd7db1f1d
3b35b42bd7db1f1d
3b35d12bd7db1f1d
3b35b52bd7db1f1d
3b35d12bd7db1f1d
3b35b62bd7db1f1d
3b35d12bd7db1f1d
3b35b72bd7db1f1d
3b35d12bd7db1f1d
3b35b82bd7db1f1d
3b35d12bd7db1f1d
3b35b92bd7db1f1d
3b35d12bd7db1f1d
3b35ba2bd7db1f1d
3b35d12bd7db1f1d
3b35bb2bd7db1f1d
3b35d12bd7db1f1d
3b35bc2bd7db1f1d
3b35d12bd7db1f1d
3b35bd2bd7db1f1d
3b35d12bd7db1f1d
3b35be2bd7db1f1d
3b35d12bd7db1f1d
3b35bf2bd7db1f1d
3b35d12bd7db1f1d
3b35c02bd7db1f1d
3b35d12bd7db1f1d
3b35c12bd7db1f1d
3b35d12bd7db1f1d
3b35c22bd7db1f1d
3b35d12bd7db1f1d
3b35c32bd7db1f1d
3b35d12bd7db1f1d
3b35c42bd7db1f1d
3b35d12bd7db1f1d
3b35c52bd7db1f1d
3b35d12bd7db1f1d
3b35c62bd7db1f1d
3b35d12bd7db1f1d
3b35c72bd7db1f1d
3b35d12bd7db1f1d
3b35c82bd7db1f1d
3b35d12bd7db1f1d
3b35c92bd7db1f1d
3b35d12bd7db1f1d
3b35ca2bd7db1f1d
3b35d12bd7db1f1d
3b35cb2bd7db1f1d
3b35d12bd7db1f1d
3b35cc2bd7db1f1d
3b35d12bd7db1f1d
3b35cd2bd7db1f1d
3b35d12bd7db1f1d
3b35ce2bd7db1f1d
3b35d12bd7db1f1d
3b35cf2bd7db1f1d
3b35d12bd7db1f1d
3b35d02bd7db1f1d
3b35d12bd7db1f1d
3b35d12bd7db1f1d
3b35d12bd7db1f1d
3b35d22bd7db1f1d
3b35d12bd7db1f1d
3b35d32bd7db1f1d
3b35d12bd7db1f1d
3b35d42bd7db1f1d
3b35d12bd7db1f1d
3b35d52bd7db1f1d
3b35d12bd7db1f1d
3b35d62bd7db1f1d
3b35d12bd7db1f1d
3b35d72bd7db1f1d
3b35d12bd7db1f1d
3b35d82bd7db1f1d
3b35d12bd7db1f1d
3b35d92bd7db1f1d
3b35d12bd7db1f1d
3b35da2bd7db1f1d
3b35d12bd7db1f1d
3b35db2bd7db1f1d
3b35d12bd7db1f1d
3b35dc2bd7db1f1d
3b35d12bd7db1f1d
3b35dd2bd7db1f1d
3b35d12bd7db1f1d
3b35de2bd7db1f1d
3b35d12bd7db1f1d
3b35df2bd7db1f1d
3b35d12bd7db1f1d
3b35e02bd7db1f1d
3b35d12bd7db1f1d
3b35e12bd7db1f1d
3b35d12bd7db1f1d
3b35e22bd7db1f1d
3b35d12bd7db1f1d
3b35e32bd7db1f1d
3b35d12bd7db1f1d
3b35e42bd7db1f1d
3b35d12bd7db1f1d
3b35e52bd7db1f1d
3b35d12bd7db1f1d
3b35e62bd7db1f1d
3b35d12bd7db1f1d
3b35e72bd7db1f1d
3b35d12bd7db1f1d
3b35e82bd7db1f1d
3b35d12bd7db1f1d
3b35e92bd7db1f1d
3b35d12bd7db1f1d
3b35ea2bd7db1f1d
3b35d12bd7db1f1d
3b35eb2bd7db1f1d
3b35d12bd7db1f1d
3b35ec2bd7db1f1d
3b35d12bd7db1f1d
3b35ed2bd7db1f1d
3b35d12bd7db1f1d
3b35ee2bd7db1f1d
3b35d12bd7db1f1d
3b35ef2bd7db1f1d
3b35d12bd7db1f1d
3b35f02bd7db1f1d
3b35d12bd7db1f1d
3b35f12bd7db1f1d
3b35d12bd7db1f1d
3b35f22bd7db1f1d
3b35d12bd7db1f1d
3b35f32bd7db1f1d
3b35d12bd7db1f1d
3b35f42bd7db1f1d
3b35d12bd7db1f1d
3b35f52bd7db1f1d
3b35d12bd7db1f1d
3b35f62bd7db1f1d
3b35d12bd7db1f1d
3b35f72bd7db1f1d
3b35d12bd7db1f1d
3b35f82bd7db1f1d
3b35d12bd7db1f1d
3b35f92bd7db1f1d
3b35d12bd7db1f1d
3b35fa2bd7db1f1d
3b35d12bd7db1f1d
3b35fb2bd7db1f1d
3b35d12bd7db1f1d
3b35fc2bd7db1f1d
3b35d12bd7db1f1d
3b35fd2bd7db1f1d
3b35d12bd7db1f1d
3b35fe2bd7db1f1d
3b35d12bd7db1f1d
3b35ff2bd7db1f1d
3b35d12bd7db1f1d
3b35002bd7db1f1d
3b35d12bd7db1f1d
3b35012bd7db1f1d
3b35d12bd7db1f1d
3b35022bd7db1f1d
3b35d12bd7db1f1d
3b35032bd7db1f1d
3b35d12bd7db1f1d
3b35042bd7db1f1d
3b35d12bd7db1f1d
3b35052bd7db1f1d
3b35d12bd7db1f1d
3b35062bd7db1f1d
3b35d12bd7db1f1d
3b35072bd7db1f1d
3b35d12bd7db1f1d
3b35082bd7db1f1d
3b35d12bd7db1f1d
3b35092bd7db1f1d
3b35d12bd7db1f1d
3b350a2bd7db1f1d
3b35d12bd7db1f1d
3b350b2bd7db1f1d
3b35d12bd7db1f1d
3b350c2bd7db1f1d
3b35d12bd7db1f1d
3b350d2bd7db1f1d
3b35d12bd7db1f1d
3b350e2bd7db1f1d
3b35d12bd7db1f1d
3b350f2bd7db1f1d
3b35d12bd7db1f1d
3b35102bd7db1f1d
3b35d12bd7db1f1d
3b35112bd7db1f1d
3b35d12bd7db1f1d
3b35122bd7db1f1d
3b35d12bd7db1f1d
3b35132bd7db1f1d
3b35d12bd7db1f1d
3b35142bd7db1f1d
3b35d12bd7db1f1d
3b35152bd7db1f1d
3b35d12bd7db1f1d
3b35162bd7db1f1d
3b35d12bd7db1f1d
3b35172bd7db1f1d
3b35d12bd7db1f1d
3b35182bd7db1f1d
3b35d12bd7db1f1d
3b35192bd7db1f1d
3b35d12bd7db1f1d
3b351a2bd7db1f1d
3b35d12bd7db1f1d
3b351b2bd7db1f1d
3b35d12bd7db1f1d
3b351c2bd7db1f1d
3b35d12bd7db1f1d
3b351d2bd7db1f1d
3b35d12bd7db1f1d
3b351e2bd7db1f1d
3b35d12bd7db1f1d
3b351f2bd7db1f1d
3b35d12bd7db1f1d
3b35202bd7db1f1d
3b35d12bd7db1f1d
3b35212bd7db1f1d
3b35d12bd7db1f1d
3b35222bd7db1f1d
3b35d12bd7db1f1d
3b35232bd7db1f1d
3b35d12bd7db1f1d
3b35242bd7db1f1d
3b35d12bd7db1f1d
3b35252bd7db1f1d
3b35d12bd7db1f1d
3b35262bd7db1f1d
3b35d12bd7db1f1d
3b35272bd7db1f1d
3b35d12bd7db1f1d
3b35282bd7db1f1d
3b35d12bd7db1f1d
3b35292bd7db1f1d
3b35d12bd7db1f1d
3b352a2bd7db1f1d
3b35d12bd7db1f1d
3b352b2bd7db1f1d
3b35d12bd7db1f1d
3b352c2bd7db1f1d
3b35d12bd7db1f1d
3b352d2bd7db1f1d
3b35d12bd7db1f1d
3b352e2bd7db1f1d
3b35d12bd7db1f1d
3b352f2bd7db1f1d
3b35d12bd7db1f1d
3b35302bd7db1f1d
3b35d12bd7db1f1d
3b35312bd7db1f1d
3b35d12bd7db1f1d
3b35322bd7db1f1d
3b35d12bd7db1f1d
3b35332bd7db1f1d
3b35d12bd7db1f1d
3b35342bd7db1f1d
3b35d12bd7db1f1d
3b35352bd7db1f1d
3b35d12bd7db1f1d
3b35362bd7db1f1d
3b35d12bd7db1f1d
3b35372bd7db1f1d
3b35d12bd7db1f1d
3b35382bd7db1f1d
3b35d12bd7db1f1d
3b35392bd7db1f1d
3b35d12bd7db1f1d
3b353a2bd7db1f1d
3b35d12bd7db1f1d
3b353b2bd7db1f1d
3b35d12bd7db1f1d
3b353c2bd7db1f1d
3b35d12bd7db1f1d
3b353d2bd7db1f1d
3b35d12bd7db1f1d
3b353e2bd7db1f1d
3b35d12bd7db1f1d
3b353f2bd7db1f1d
3b35d12bd7db1f1d
3b35402bd7db1f1d
3b35d12bd7db1f1d
3b35412bd7db1f1d
3b35d12bd7db1f1d
3b35422bd7db1f1d
3b35d12bd7db1f1d
3b35432bd7db1f1d
3b35d12bd7db1f1d
3b35442bd7db1f1d
3b35d12bd7db1f1d
3b35452bd7db1f1d
3b35d12bd7db1f1d
3b35462bd7db1f1d
3b35d12bd7db1f1d
3b35472bd7db1f1d
3b35d12bd7db1f1d
3b35482bd7db1f1d
3b35d12bd7db1f1d
3b35492bd7db1f1d
3b35d12bd7db1f1d
3b354a2bd7db1f1d
3b35d12bd7db1f1d
3b354b2bd7db1f1d
3b35d12bd7db1f1d
3b354c2bd7db1f1d
3b35d12bd7db1f1d
3b354d2bd7db1f1d
3b35d12bd7db1f1d
3b354e2bd7db1f1d
3b35d12bd7db1f1d
3b354f2bd7db1f1d
3b35d12bd7db1f1d
3b35502bd7db1f1d
3b35d12bd7db1f1d
3b35512bd7db1f1d
3b35d12bd7db1f1d
3b35522bd7db1f1d
3b35d12bd7db1f1d
3b35532bd7db1f1d
3b35d12bd7db1f1d
3b35542bd7db1f1d
3b35d12bd7db1f1d
3b35552bd7db1f1d
3b35d12bd7db1f1d
3b35562bd7db1f1d
3b35d12bd7db1f1d
3b35572bd7db1f1d
3b35d12bd7db1f1d
3b35582bd7db1f1d
3b35d12bd7db1f1d
3b35592bd7db1f1d
3b35d12bd7db1f1d
3b355a2bd7db1f1d
3b35d12bd7db1f1d
3b355b2bd7db1f1d
3b35d12bd7db1f1d
3b355c2bd7db1f1d
3b35d12bd7db1f1d
3b355d2bd7db1f1d
3b35d12bd7db1f1d
3b355e2bd7db1f1d
3b35d12bd7db1f1d
3b355f2bd7db1f1d
3b35d12bd7db1f1d
3b35602bd7db1f1d
3b35d12bd7db1f1d
3b35612bd7db1f1d
3b35d12bd7db1f1d
3b35622bd7db1f1d
3b35d12bd7db1f1d
3b35632bd7db1f1d
3b35d12bd7db1f1d
3b35642bd7db1f1d
3b35d12bd7db1f1d
3b35652bd7db1f1d
3b35d12bd7db1f1d
3b35662bd7db1f1d
3b35d12bd7db1f1d
3b35672bd7db1f1d
3b35d12bd7db1f1d
3b35682bd7db1f1d
3b35d12bd7db1f1d
3b35692bd7db1f1d
3b35d12bd7db1f1d
3b356a2bd7db1f1d
3b35d12bd7db1f1d
3b356b2bd7db1f1d
3b35d12bd7db1f1d
3b356c2bd7db1f1d
3b35d12bd7db1f1d
3b356d2bd7db1f1d
3b35d12bd7db1f1d
3b356e2bd7db1f1d
3b35d12bd7db1f1d
3b356f2bd7db1f1d
3b35d12bd7db1f1d
3b35702bd7db1f1d
3b35d12bd7db1f1d
3b35712bd7db1f1d
3b35d12bd7db1f1d
3b35722bd7db1f1d
3b35d12bd7db1f1d
3b35732bd7db1f1d
3b35d12bd7db1f1d
3b35742bd7db1f1d
3b35d12bd7db1f1d
3b35752bd7db1f1d
3b35d12bd7db1f1d
3b35762bd7db1f1d
3b35d12bd7db1f1d
3b35772bd7db1f1d
3b35d12bd7db1f1d
3b35782bd7db1f1d
3b35d12bd7db1f1d
3b35792bd7db1f1d
3b35d12bd7db1f1d
3b357a2bd7db1f1d
3b35d12bd7db1f1d
3b357b2bd7db1f1d
3b35d12bd7db1f1d
3b357c2bd7db1f1d
3b35d12bd7db1f1d
3b357d2bd7db1f1d
3b35d12bd7db1f1d
3b357e2bd7db1f1d
3b35d12bd7db1f1d
3b357f2bd7db1f1d
3b35d12bd7db1f1d
3b80d12bd7db1f1d
3b35d12bd7db1f1d
3b81d12bd7db1f1d
3b35d12bd7db1f1d
3b82d12bd7db1f1d
3b35d12bd7db1f1d
3b83d12bd7db1f1d
3b35d12bd7db1f1d
3b84d12bd7db1f1d
3b35d12bd7db1f1d
3b85d12bd7db1f1d
3b35d12bd7db1f1d
3b86d12bd7db1f1d
3b35d12bd7db1f1d
3b87d12bd7db1f1d
3b35d12bd7db1f1d
3b88d12bd7db1f1d
3b35d12bd7db1f1d
3b89d12bd7db1f1d
3b35d12bd7db1f1d
3b8ad12bd7db1f1d
3b35d12bd7db1f1d
3b8bd12bd7db1f1d
3b35d12bd7db1f1d
3b8cd12bd7db1f1d
3b35d12bd7db1f1d
3b8dd12bd7db1f1d
3b35d12bd7db1f1d
3b8ed12bd7db1f1d
3b35d12bd7db1f1d
3b8fd12bd7db1f1d
3b35d12bd7db1f1d
3b90d12bd7db1f1d
3b35d12bd7db1f1d
3b91d12bd7db1f1d
3b35d12bd7db1f1d
3b92d12bd7db1f1d
3b35d12bd7db1f1d
3b93d12bd7db1f1d
3b35d12bd7db1f1d
3b94d12bd7db1f1d
3b35d12bd7db1f1d
3b95d12bd7db1f1d
3b35d12bd7db1f1d
3b96d12bd7db1f1d
3b35d12bd7db1f1d
3b97d12bd7db1f1d
3b35d12bd7db1f1d
3b98d12bd7db1f1d
3b35d12bd7db1f1d
3b99d12bd7db1f1d
3b35d12bd7db1f1d
3b9ad12bd7db1f1d
3b35d12bd7db1f1d
3b9bd12bd7db1f1d
3b35d12bd7db1f1d
3b9cd12bd7db1f1d
3b35d12bd7db1f1d
3b9dd12bd7db1f1d
3b35d12bd7db1f1d
3b9ed12bd7db1f1d
3b35d12bd7db1f1d
3b9fd12bd7db1f1d
3b35d12bd7db1f1d
3ba0d12bd7db1f1d
3b35d12bd7db1f1d
3ba1d12bd7db1f1d
3b35d12bd7db1f1d
3ba2d12bd7db1f1d
3b35d12bd7db1f1d
3ba3d12bd7db1f1d
3b35d12bd7db1f1d
3ba4d12bd7db1f1d
3b35d12bd7db1f1d
3ba5d12bd7db1f1d
3b35d12bd7db1f1d
3ba6d12bd7db1f1d
3b35d12bd7db1f1d
3ba7d12bd7db1f1d
3b35d12bd7db1f1d
3ba8d12bd7db1f1d
3b35d12bd7db1f1d
3ba9d12bd7db1f1d
3b35d12bd7db1f1d
3baad12bd7db1f1d
3b35d12bd7db1f1d
3babd12bd7db1f1d
3b35d12bd7db1f1d
3bacd12bd7db1f1d
3b35d12bd7db1f1d
3badd12bd7db1f1d
3b35d12bd7db1f1d
3baed12bd7db1f1d
3b35d12bd7db1f1d
3bafd12bd7db1f1d
3b35d12bd7db1f1d
3bb0d12bd7db1f1d
3b35d12bd7db1f1d
3bb1d12bd7db1f1d
3b35d12bd7db1f1d
3bb2d12bd7db1f1d
3b35d12bd7db1f1d
3bb3d12bd7db1f1d
3b35d12bd7db1f1d
3bb4d12bd7db1f1d
3b35d12bd7db1f1d
3bb5d12bd7db1f1d
3b35d12bd7db1f1d
3bb6d12bd7db1f1d
3b35d12bd7db1f1d
3bb7d12bd7db1f1d
3b35d12bd7db1f1d
3bb8d12bd7db1f1d
3b35d12bd7db1f1d
3bb9d12bd7db1f1d
3b35d12bd7db1f1d
3bbad12bd7db1f1d
3b35d12bd7db1f1d
3bbbd12bd7db1f1d
3b35d12bd7db1f1d
3bbcd12bd7db1f1d
3b35d12bd7db1f1d
3bbdd12bd7db1f1d
3b35d12bd7db1f1d
3bbed12bd7db1f1d
3b35d12bd7db1f1d
3bbfd12bd7db1f1d
3b35d12bd7db1f1d
3bc0d12bd7db1f1d
3b35d12bd7db1f1d
3bc1d12bd7db1f1d
3b35d12bd7db1f1d
3bc2d12bd7db1f1d
3b35d12bd7db1f1d
3bc3d12bd7db1f1d
3b35d12bd7db1f1d
3bc4d12bd7db1f1d
3b35d12bd7db1f1d
3bc5d12bd7db1f1d
3b35d12bd7db1f1d
3bc6d12bd7db1f1d
3b35d12bd7db1f1d
3bc7d12bd7db1f1d
3b35d12bd7db1f1d
3bc8d12bd7db1f1d
3b35d12bd7db1f1d
3bc9d12bd7db1f1d
3b35d12bd7db1f1d
3bcad12bd7db1f1d
3b35d12bd7db1f1d
3bcbd12bd7db1f1d
3b35d12bd7db1f1d
3bccd12bd7db1f1d
3b35d12bd7db1f1d
3bcdd12bd7db1f1d
3b35d12bd7db1f1d
3bced12bd7db1f1d
3b35d12bd7db1f1d
3bcfd12bd7db1f1d
3b35d12bd7db1f1d
3bd0d12bd7db1f1d
3b35d12bd7db1f1d
3bd1d12bd7db1f1d
3b35d12bd7db1f1d
3bd2d12bd7db1f1d
3b35d12bd7db1f1d
3bd3d12bd7db1f1d
3b35d12bd7db1f1d
3bd4d12bd7db1f1d
3b35d12bd7db1f1d
3bd5d12bd7db1f1d
3b35d12bd7db1f1d
3bd6d12bd7db1f1d
3b35d12bd7db1f1d
3bd7d12bd7db1f1d
3b35d12bd7db1f1d
3bd8d12bd7db1f1d
3b35d12bd7db1f1d
3bd9d12bd7db1f1d
3b35d12bd7db1f1d
3bdad12bd7db1f1d
3b35d12bd7db1f1d
3bdbd12bd7db1f1d
3b35d12bd7db1f1d
3bdcd12bd7db1f1d
3b35d12bd7db1f1d
3bddd12bd7db1f1d
3b35d12bd7db1f1d
3bded12bd7db1f1d
3b35d12bd7db1f1d
3bdfd12bd7db1f1d
3b35d12bd7db1f1d
3be0d12bd7db1f1d
3b35d12bd7db1f1d
3be1d12bd7db1f1d
3b35d12bd7db1f1d
3be2d12bd7db1f1d
3b35d12bd7db1f1d
3be3d12bd7db1f1d
3b35d12bd7db1f1d
3be4d12bd7db1f1d
3b35d12bd7db1f1d
3be5d12bd7db1f1d
3b35d12bd7db1f1d
3be6d12bd7db1f1d
3b35d12bd7db1f1d
3be7d12bd7db1f1d
3b35d12bd7db1f1d
3be8d12bd7db1f1d
3b35d12bd7db1f1d
3be9d12bd7db1f1d
3b35d12bd7db1f1d
3bead12bd7db1f1d
3b35d12bd7db1f1d
3bebd12bd7db1f1d
3b35d12bd7db1f1d
3becd12bd7db1f1d
3b35d12bd7db1f1d
3bedd12bd7db1f1d
3b35d12bd7db1f1d
3beed12bd7db1f1d
3b35d12bd7db1f1d
3befd12bd7db1f1d
3b35d12bd7db1f1d
3bf0d12bd7db1f1d
3b35d12bd7db1f1d
3bf1d12bd7db1f1d
3b35d12bd7db1f1d
3bf2d12bd7db1f1d
3b35d12bd7db1f1d
3bf3d12bd7db1f1d
3b35d12bd7db1f1d
3bf4d12bd7db1f1d
3b35d12bd7db1f1d
3bf5d12bd7db1f1d
3b35d12bd7db1f1d
3bf6d12bd7db1f1d
3b35d12bd7db1f1d
3bf7d12bd7db1f1d
3b35d12bd7db1f1d
3bf8d12bd7db1f1d
3b35d12bd7db1f1d
3bf9d12bd7db1f1d
3b35d12bd7db1f1d
3bfad12bd7db1f1d
3b35d12bd7db1f1d
3bfbd12bd7db1f1d
3b35d12bd7db1f1d
3bfcd12bd7db1f1d
3b35d12bd7db1f1d
3bfdd12bd7db1f1d
3b35d12bd7db1f1d
3bfed12bd7db1f1d
3b35d12bd7db1f1d
3bffd12bd7db1f1d
3b35d12bd7db1f1d
3b00d12bd7db1f1d
3b35d12bd7db1f1d
3b01d12bd7db1f1d
3b35d12bd7db1f1d
3b02d12bd7db1f1d
3b35d12bd7db1f1d
3b03d12bd7db1f1d
3b35d12bd7db1f1d
3b04d12bd7db1f1d
3b35d12bd7db1f1d
3b05d12bd7db1f1d
3b35d12bd7db1f1d
3b06d12bd7db1f1d
3b35d12bd7db1f1d
3b07d12bd7db1f1d
3b35d12bd7db1f1d
3b08d12bd7db1f1d
3b35d12bd7db1f1d
3b09d12bd7db1f1d
3b35d12bd7db1f1d
3b0ad12bd7db1f1d
3b35d12bd7db1f1d
3b0bd12bd7db1f1d
3b35d12bd7db1f1d
3b0cd12bd7db1f1d
3b35d12bd7db1f1d
3b0dd12bd7db1f1d
3b35d12bd7db1f1d
3b0ed12bd7db1f1d
3b35d12bd7db1f1d
3b0fd12bd7db1f1d
3b35d12bd7db1f1d
3b10d12bd7db1f1d
3b35d12bd7db1f1d
3b11d12bd7db1f1d
3b35d12bd7db1f1d
3b12d12bd7db1f1d
3b35d12bd7db1f1d
3b13d12bd7db1f1d
3b35d12bd7db1f1d
3b14d12bd7db1f1d
3b35d12bd7db1f1d
3b15d12bd7db1f1d
3b35d12bd7db1f1d
3b16d12bd7db1f1d
3b35d12bd7db1f1d
3b17d12bd7db1f1d
3b35d12bd7db1f1d
3b18d12bd7db1f1d
3b35d12bd7db1f1d
3b19d12bd7db1f1d
3b35d12bd7db1f1d
3b1ad12bd7db1f1d
3b35d12bd7db1f1d
3b1bd12bd7db1f1d
3b35d12bd7db1f1d
3b1cd12bd7db1f1d
3b35d12bd7db1f1d
3b1dd12bd7db1f1d
3b35d12bd7db1f1d
3b1ed12bd7db1f1d
3b35d12bd7db1f1d
3b1fd12bd7db1f1d
3b35d12bd7db1f1d
3b20d12bd7db1f1d
3b35d12bd7db1f1d
3b21d12bd7db1f1d
3b35d12bd7db1f1d
3b22d12bd7db1f1d
3b35d12bd7db1f1d
3b23d12bd7db1f1d
3b35d12bd7db1f1d
3b24d12bd7db1f1d
3b35d12bd7db1f1d
3b25d12bd7db1f1d
3b35d12bd7db1f1d
3b26d12bd7db1f1d
3b35d12bd7db1f1d
3b27d12bd7db1f1d
3b35d12bd7db1f1d
3b28d12bd7db1f1d
3b35d12bd7db1f1d
3b29d12bd7db1f1d
3b35d12bd7db1f1d
3b2ad12bd7db1f1d
3b35d12bd7db1f1d
3b2bd12bd7db1f1d
3b35d12bd7db1f1d
3b2cd12bd7db1f1d
3b35d12bd7db1f1d
3b2dd12bd7db1f1d
3b35d12bd7db1f1d
3b2ed12bd7db1f1d
3b35d12bd7db1f1d
3b2fd12bd7db1f1d
3b35d12bd7db1f1d
3b30d12bd7db1f1d
3b35d12bd7db1f1d
3b31d12bd7db1f1d
3b35d12bd7db1f1d
3b32d12bd7db1f1d
3b35d12bd7db1f1d
3b33d12bd7db1f1d
3b35d12bd7db1f1d
3b34d12bd7db1f1d
3b35d12bd7db1f1d
3b35d12bd7db1f1d
3b35d12bd7db1f1d
3b36d12bd7db1f1d
3b35d12bd7db1f1d
3b37d12bd7db1f1d
3b35d12bd7db1f1d
3b38d12bd7db1f1d
3b35d12bd7db1f1d
3b39d12bd7db1f1d
3b35d12bd7db1f1d
3b3ad12bd7db1f1d
3b35d12bd7db1f1d
3b3bd12bd7db1f1d
3b35d12bd7db1f1d
3b3cd12bd7db1f1d
3b35d12bd7db1f1d
3b3dd12bd7db1f1d
3b35d12bd7db1f1d
3b3ed12bd7db1f1d
3b35d12bd7db1f1d
3b3fd12bd7db1f1d
3b35d12bd7db1f1d
3b40d12bd7db1f1d
3b35d12bd7db1f1d
3b41d12bd7db1f1d
3b35d12bd7db1f1d
3b42d12bd7db1f1d
3b35d12bd7db1f1d
3b43d12bd7db1f1d
3b35d12bd7db1f1d
3b44d12bd7db1f1d
3b35d12bd7db1f1d
3b45d12bd7db1f1d
3b35d12bd7db1f1d
3b46d12bd7db1f1d
3b35d12bd7db1f1d
3b47d12bd7db1f1d
3b35d12bd7db1f1d
3b48d12bd7db1f1d
3b35d12bd7db1f1d
3b49d12bd7db1f1d
3b35d12bd7db1f1d
3b4ad12bd7db1f1d
3b35d12bd7db1f1d
3b4bd12bd7db1f1d
3b35d12bd7db1f1d
3b4cd12bd7db1f1d
3b35d12bd7db1f1d
3b4dd12bd7db1f1d
3b35d12bd7db1f1d
3b4ed12bd7db1f1d
3b35d12bd7db1f1d
3b4fd12bd7db1f1d
3b35d12bd7db1f1d
3b50d12bd7db1f1d
3b35d12bd7db1f1d
3b51d12bd7db1f1d
3b35d12bd7db1f1d
3b52d12bd7db1f1d
3b35d12bd7db1f1d
3b53d12bd7db1f1d
3b35d12bd7db1f1d
3b54d12bd7db1f1d
3b35d12bd7db1f1d
3b55d12bd7db1f1d
3b35d12bd7db1f1d
3b56d12bd7db1f1d
3b35d12bd7db1f1d
3b57d12bd7db1f1d
3b35d12bd7db1f1d
3b58d12bd7db1f1d
3b35d12bd7db1f1d
3b59d12bd7db1f1d
3b35d12bd7db1f1d
3b5ad12bd7db1f1d
3b35d12bd7db1f1d
3b5bd12bd7db1f1d
3b35d12bd7db1f1d
3b5cd12bd7db1f1d
3b35d12bd7db1f1d
3b5dd12bd7db1f1d
3b35d12bd7db1f1d
3b5ed12bd7db1f1d
3b35d12bd7db1f1d
3b5fd12bd7db1f1d
3b35d12bd7db1f1d
3b60d12bd7db1f1d
3b35d12bd7db1f1d
3b61d12bd7db1f1d
3b35d12bd7db1f1d
3b62d12bd7db1f1d
3b35d12bd7db1f1d
3b63d12bd7db1f1d
3b35d12bd7db1f1d
3b64d12bd7db1f1d
3b35d12bd7db1f1d
3b65d12bd7db1f1d
3b35d12bd7db1f1d
3b66d12bd7db1f1d
3b35d12bd7db1f1d
3b67d12bd7db1f1d
3b35d12bd7db1f1d
3b68d12bd7db1f1d
3b35d12bd7db1f1d
3b69d12bd7db1f1d
3b35d12bd7db1f1d
3b6ad12bd7db1f1d
3b35d12bd7db1f1d
3b6bd12bd7db1f1d
3b35d12bd7db1f1d
3b6cd12bd7db1f1d
3b35d12bd7db1f1d
3b6dd12bd7db1f1d
3b35d12bd7db1f1d
3b6ed12bd7db1f1d
3b35d12bd7db1f1d
3b6fd12bd7db1f1d
3b35d12bd7db1f1d
3b70d12bd7db1f1d
3b35d12bd7db1f1d
3b71d12bd7db1f1d
3b35d12bd7db1f1d
3b72d12bd7db1f1d
3b35d12bd7db1f1d
3b73d12bd7db1f1d
3b35d12bd7db1f1d
3b74d12bd7db1f1d
3b35d12bd7db1f1d
3b75d12bd7db1f1d
3b35d12bd7db1f1d
3b76d12bd7db1f1d
3b35d12bd7db1f1d
3b77d12bd7db1f1d
3b35d12bd7db1f1d
3b78d12bd7db1f1d
3b35d12bd7db1f1d
3b79d12bd7db1f1d
3b35d12bd7db1f1d
3b7ad12bd7db1f1d
3b35d12bd7db1f1d
3b7bd12bd7db1f1d
3b35d12bd7db1f1d
3b7cd12bd7db1f1d
3b35d12bd7db1f1d
3b7dd12bd7db1f1d
3b35d12bd7db1f1d
3b7ed12bd7db1f1d
3b35d12bd7db1f1d
3b7fd12bd7db1f1d
3b35d12bd7db1f1d
8035d12bd7db1f1d
3b35d12bd7db1f1d
8135d12bd7db1f1d
3b35d12bd7db1f1d
8235d12bd7db1f1d
3b35d12bd7db1f1d
8335d12bd7db1f1d
3b35d12bd7db1f1d
8435d12bd7db1f1d
3b35d12bd7db1f1d
8535d12bd7db1f1d
3b35d12bd7db1f1d
8635d12bd7db1f1d
3b35d12bd7db1f1d
8735d12bd7db1f1d
3b35d12bd7db1f1d
8835d12bd7db1f1d
3b35d12bd7db1f1d
8935d12bd7db1f1d
3b35d12bd7db1f1d
8a35d12bd7db1f1d
3b35d12bd7db1f1d
8b35d12bd7db1f1d
3b35d12bd7db1f1d
8c35d12bd7db1f1d
3b35d12bd7db1f1d
8d35d12bd7db1f1d
3b35d12bd7db1f1d
8e35d12bd7db1f1d
3b35d12bd7db1f1d
8f35d12bd7db1f1d
3b35d12bd7db1f1d
9035d12bd7db1f1d
3b35d12bd7db1f1d
9135d12bd7db1f1d
3b35d12bd7db1f1d
9235d12bd7db1f1d
3b35d12bd7db1f1d
9335d12bd7db1f1d
3b35d12bd7db1f1d
9435d12bd7db1f1d
3b35d12bd7db1f1d
9535d12bd7db1f1d
3b35d12bd7db1f1d
9635d12bd7db1f1d
3b35d12bd7db1f1d
9735d12bd7db1f1d
3b35d12bd7db1f1d
9835d12bd7db1f1d
3b35d12bd7db1f1d
9935d12bd7db1f1d
3b35d12bd7db1f1d
9a35d12bd7db1f1d
3b35d12bd7db1f1d
9b35d12bd7db1f1d
3b35d12bd7db1f1d
9c35d12bd7db1f1d
3b35d12bd7db1f1d
9d35d12bd7db1f1d
3b35d12bd7db1f1d
9e35d12bd7db1f1d
3b35d12bd7db1f1d
9f35d12bd7db1f1d
3b35d12bd7db1f1d
a035d12bd7db1f1d
3b35d12bd7db1f1d
a135d12bd7db1f1d
3b35d12bd7db1f1d
a235d12bd7db1f1d
3b35d12bd7db1f1d
a335d12bd7db1f1d
3b35d12bd7db1f1d
a435d12bd7db1f1d
3b35d12bd7db1f1d
a535d12bd7db1f1d
3b35d12bd7db1f1d
a635d12bd7db1f1d
3b35d12bd7db1f1d
a735d12bd7db1f1d
3b35d12bd7db1f1d
a835d12bd7db1f1d
3b35d12bd7db1f1d
a935d12bd7db1f1d
3b35d12bd7db1f1d
aa35d12bd7db1f1d
3b35d12bd7db1f1d
ab35d12bd7db1f1d
3b35d12bd7db1f1d
ac35d12bd7db1f1d
3b35d12bd7db1f1d
ad35d12bd7db1f1d
3b35d12bd7db1f1d
ae35d12bd7db1f1d
3b35d12bd7db1f1d
af35d12bd7db1f1d
3b35d12bd7db1f1d
b035d12bd7db1f1d
3b35d12bd7db1f1d
b135d12bd7db1f1d
3b35d12bd7db1f1d
b235d12bd7db1f1d
3b35d12bd7db1f1d
b335d12bd7db1f1d
3b35d12bd7db1f1d
b435d12bd7db1f1d
3b35d12bd7db1f1d
b535d12bd7db1f1d
3b35d12bd7db1f1d
b635d12bd7db1f1d
3b35d12bd7db1f1d
b735d12bd7db1f1d
3b35d12bd7db1f1d
b835d12bd7db1f1d
3b35d12bd7db1f1d
b935d12bd7db1f1d
3b35d12bd7db1f1d
ba35d12bd7db1f1d
3b35d12bd7db1f1d
bb35d12bd7db1f1d
3b35d12bd7db1f1d
bc35d12bd7db1f1d
3b35d12bd7db1f1d
bd35d12bd7db1f1d
3b35d12bd7db1f1d
be35d12bd7db1f1d
3b35d12bd7db1f1d
bf35d12bd7db1f1d
3b35d12bd7db1f1d
c035d12bd7db1f1d
3b35d12bd7db1f1d
c135d12bd7db1f1d
3b35d12bd7db1f1d
c235d12bd7db1f1d
3b35d12bd7db1f1d
c335d12bd7db1f1d
3b35d12bd7db1f1d
c435d12bd7db1f1d
3b35d12bd7db1f1d
c535d12bd7db1f1d
3b35d12bd7db1f1d
c635d12bd7db1f1d
3b35d12bd7db1f1d
c735d12bd7db1f1d
3b35d12bd7db1f1d
c835d12bd7db1f1d
3b35d12bd7db1f1d
c935d12bd7db1f1d
3b35d12bd7db1f1d
ca35d12bd7db1f1d
3b35d12bd7db1f1d
cb35d12bd7db1f1d
3b35d12bd7db1f1d
cc35d12bd7db1f1d
3b35d12bd7db1f1d
cd35d12bd7db1f1d
3b35d12bd7db1f1d
ce35d12bd7db1f1d
3b35d12bd7db1f1d
cf35d12bd7db1f1d
3b35d12bd7db1f1d
d035d12bd7db1f1d
3b35d12bd7db1f1d
d135d12bd7db1f1d
3b35d12bd7db1f1d
d235d12bd7db1f1d
3b35d12bd7db1f1d
d335d12bd7db1f1d
3b35d12bd7db1f1d
d435d12bd7db1f1d
3b35d12bd7db1f1d
d535d12bd7db1f1d
3b35d12bd7db1f1d
d635d12bd7db1f1d
3b35d12bd7db1f1d
d735d12bd7db1f1d
3b35d12bd7db1f1d
d835d12bd7db1f1d
3b35d12bd7db1f1d
d935d12bd7db1f1d
3b35d12bd7db1f1d
da35d12bd7db1f1d
3b35d12bd7db1f1d
db35d12bd7db1f1d
3b35d12bd7db1f1d
dc35d12bd7db1f1d
3b35d12bd7db1f1d
dd35d12bd7db1f1d
3b35d12bd7db1f1d
de35d12bd7db1f1d
3b35d12bd7db1f1d
df35d12bd7db1f1d
3b35d12bd7db1f1d
e035d12bd7db1f1d
3b35d12bd7db1f1d
e135d12bd7db1f1d
3b35d12bd7db1f1d
e235d12bd7db1f1d
3b35d12bd7db1f1d
e335d12bd7db1f1d
3b35d12bd7db1f1d
e435d12bd7db1f1d
3b35d12bd7db1f1d
e535d12bd7db1f1d
3b35d12bd7db1f1d
e635d12bd7db1f1d
3b35d12bd7db1f1d
e735d12bd7db1f1d
3b35d12bd7db1f1d
e835d12bd7db1f1d
3b35d12bd7db1f1d
e935d12bd7db1f1d
3b35d12bd7db1f1d
ea35d12bd7db1f1d
3b35d12bd7db1f1d
eb35d12bd7db1f1d
3b35d12bd7db1f1d
ec35d12bd7db1f1d
3b35d12bd7db1f1d
ed35d12bd7db1f1d
3b35d12bd7db1f1d
ee35d12bd7db1f1d
3b35d12bd7db1f1d
ef35d12bd7db1f1d
3b35d12bd7db1f1d
f035d12bd7db1f1d
3b35d12bd7db1f1d
f135d12bd7db1f1d
3b35d12bd7db1f1d
f235d12bd7db1f1d
3b35d12bd7db1f1d
f335d12bd7db1f1d
3b35d12bd7db1f1d
f435d12bd7db1f1d
3b35d12bd7db1f1d
f535d12bd7db1f1d
3b35d12bd7db1f1d
f635d12bd7db1f1d
3b35d12bd7db1f1d
f735d12bd7db1f1d
3b35d12bd7db1f1d
f835d12bd7db1f1d
3b35d12bd7db1f1d
f935d12bd7db1f1d
3b35d12bd7db1f1d
fa35d12bd7db1f1d
3b35d12bd7db1f1d
fb35d12bd7db1f1d
3b35d12bd7db1f1d
fc35d12bd7db1f1d
3b35d12bd7db1f1d
fd35d12bd7db1f1d
3b35d12bd7db1f1d
fe35d12bd7db1f1d
3b35d12bd7db1f1d
ff35d12bd7db1f1d
3b35d12bd7db1f1d
0035d12bd7db1f1d
3b35d12bd7db1f1d
0135d12bd7db1f1d
3b35d12bd7db1f1d
0235d12bd7db1f1d
3b35d12bd7db1f1d
0335d12bd7db1f1d
3b35d12bd7db1f1d
0435d12bd7db1f1d
3b35d12bd7db1f1d
0535d12bd7db1f1d
3b35d12bd7db1f1d
0635d12bd7db1f1d
3b35d12bd7db1f1d
0735d12bd7db1f1d
3b35d12bd7db1f1d
0835d12bd7db1f1d
3b35d12bd7db1f1d
0935d12bd7db1f1d
3b35d12bd7db1f1d
0a35d12bd7db1f1d
3b35d12bd7db1f1d
0b35d12bd7db1f1d
3b35d12bd7db1f1d
0c35d12bd7db1f1d
3b35d12bd7db1f1d
0d35d12bd7db1f1d
3b35d12bd7db1f1d
0e35d12bd7db1f1d
3b35d12bd7db1f1d
0f35d12bd7db1f1d
3b35d12bd7db1f1d
1035d12bd7db1f1d
3b35d12bd7db1f1d
1135d12bd7db1f1d
3b35d12bd7db1f1d
1235d12bd7db1f1d
3b35d12bd7db1f1d
1335d12bd7db1f1d
3b35d12bd7db1f1d
1435d12bd7db1f1d
3b35d12bd7db1f1d
1535d12bd7db1f1d
3b35d12bd7db1f1d
1635d12bd7db1f1d
3b35d12bd7db1f1d
1735d12bd7db1f1d
3b35d12bd7db1f1d
1835d12bd7db1f1d
3b35d12bd7db1f1d
1935d12bd7db1f1d
3b35d12bd7db1f1d
1a35d12bd7db1f1d
3b35d12bd7db1f1d
1b35d12bd7db1f1d
3b35d12bd7db1f1d
1c35d12bd7db1f1d
3b35d12bd7db1f1d
1d35d12bd7db1f1d
3b35d12bd7db1f1d
1e35d12bd7db1f1d
3b35d12bd7db1f1d
1f35d12bd7db1f1d
3b35d12bd7db1f1d
2035d12bd7db1f1d
3b35d12bd7db1f1d
2135d12bd7db1f1d
3b35d12bd7db1f1d
2235d12bd7db1f1d
3b35d12bd7db1f1d
2335d12bd7db1f1d
3b35d12bd7db1f1d
2435d12bd7db1f1d
3b35d12bd7db1f1d
2535d12bd7db1f1d
3b35d12bd7db1f1d
2635d12bd7db1f1d
3b35d12bd7db1f1d
2735d12bd7db1f1d
3b35d12bd7db1f1d
2835d12bd7db1f1d
3b35d12bd7db1f1d
2935d12bd7db1f1d
3b35d12bd7db1f1d
2a35d12bd7db1f1d
3b35d12bd7db1f1d
2b35d12bd7db1f1d
3b35d12bd7db1f1d
2c35d12bd7db1f1d
3b35d12bd7db1f1d
2d35d12bd7db1f1d
3b35d12bd7db1f1d
2e35d12bd7db1f1d
3b35d12bd7db1f1d
2f35d12bd7db1f1d
3b35d12bd7db1f1d
3035d12bd7db1f1d
3b35d12bd7db1f1d
3135d12bd7db1f1d
3b35d12bd7db1f1d
3235d12bd7db1f1d
3b35d12bd7db1f1d
3335d12bd7db1f1d
3b35d12bd7db1f1d
3435d12bd7db1f1d
3b35d12bd7db1f1d
3535d12bd7db1f1d
3b35d12bd7db1f1d
3635d12bd7db1f1d
3b35d12bd7db1f1d
3735d12bd7db1f1d
3b35d12bd7db1f1d
3835d12bd7db1f1d
3b35d12bd7db1f1d
3935d12bd7db1f1d
3b35d12bd7db1f1d
3a35d12bd7db1f1d
3b35d12bd7db1f1d
3b35d12bd7db1f1d
3b35d12bd7db1f1d
3c35d12bd7db1f1d
3b35d12bd7db1f1d
3d35d12bd7db1f1d
3b35d12bd7db1f1d
3e35d12bd7db1f1d
3b35d12bd7db1f1d
3f35d12bd7db1f1d
3b35d12bd7db1f1d
4035d12bd7db1f1d
3b35d12bd7db1f1d
4135d12bd7db1f1d
3b35d12bd7db1f1d
4235d12bd7db1f1d
3b35d12bd7db1f1d
4335d12bd7db1f1d
3b35d12bd7db1f1d
4435d12bd7db1f1d
3b35d12bd7db1f1d
4535d12bd7db1f1d
3b35d12bd7db1f1d
4635d12bd7db1f1d
3b35d12bd7db1f1d
4735d12bd7db1f1d
3b35d12bd7db1f1d
4835d12bd7db1f1d
3b35d12bd7db1f1d
4935d12bd7db1f1d
3b35d12bd7db1f1d
4a35d12bd7db1f1d
3b35d12bd7db1f1d
4b35d12bd7db1f1d
3b35d12bd7db1f1d
4c35d12bd7db1f1d
3b35d12bd7db1f1d
4d35d12bd7db1f1d
3b35d12bd7db1f1d
4e35d12bd7db1f1d
3b35d12bd7db1f1d
4f35d12bd7db1f1d
3b35d12bd7db1f1d
5035d12bd7db1f1d
3b35d12bd7db1f1d
5135d12bd7db1f1d
3b35d12bd7db1f1d
5235d12bd7db1f1d
3b35d12bd7db1f1d
5335d12bd7db1f1d
3b35d12bd7db1f1d
5435d12bd7db1f1d
3b35d12bd7db1f1d
5535d12bd7db1f1d
3b35d12bd7db1f1d
5635d12bd7db1f1d
3b35d12bd7db1f1d
5735d12bd7db1f1d
3b35d12bd7db1f1d
5835d12bd7db1f1d
3b35d12bd7db1f1d
5935d12bd7db1f1d
3b35d12bd7db1f1d
5a35d12bd7db1f1d
3b35d12bd7db1f1d
5b35d12bd7db1f1d
3b35d12bd7db1f1d
5c35d12bd7db1f1d
3b35d12bd7db1f1d
5d35d12bd7db1f1d
3b35d12bd7db1f1d
5e35d12bd7db1f1d
3b35d12bd7db1f1d
5f35d12bd7db1f1d
3b35d12bd7db1f1d
6035d12bd7db1f1d
3b35d12bd7db1f1d
6135d12bd7db1f1d
3b35d12bd7db1f1d
6235d12bd7db1f1d
3b35d12bd7db1f1d
6335d12bd7db1f1d
3b35d12bd7db1f1d
6435d12bd7db1f1d
3b35d12bd7db1f1d
6535d12bd7db1f1d
3b35d12bd7db1f1d
6635d12bd7db1f1d
3b35d12bd7db1f1d
6735d12bd7db1f1d
3b35d12bd7db1f1d
6835d12bd7db1f1d
3b35d12bd7db1f1d
6935d12bd7db1f1d
3b35d12bd7db1f1d
6a35d12bd7db1f1d
3b35d12bd7db1f1d
6b35d12bd7db1f1d
3b35d12bd7db1f1d
6c35d12bd7db1f1d
3b35d12bd7db1f1d
6d35d12bd7db1f1d
3b35d12bd7db1f1d
6e35d12bd7db1f1d
3b35d12bd7db1f1d
6f35d12bd7db1f1d
3b35d12bd7db1f1d
7035d12bd7db1f1d
3b35d12bd7db1f1d
7135d12bd7db1f1d
3b35d12bd7db1f1d
7235d12bd7db1f1d
3b35d12bd7db1f1d
7335d12bd7db1f1d
3b35d12bd7db1f1d
7435d12bd7db1f1d
3b35d12bd7db1f1d
7535d12bd7db1f1d
3b35d12bd7db1f1d
7635d12bd7db1f1d
3b35d12bd7db1f1d
7735d12bd7db1f1d
3b35d12bd7db1f1d
7835d12bd7db1f1d
3b35d12bd7db1f1d
7935d12bd7db1f1d
3b35d12bd7db1f1d
7a35d12bd7db1f1d
3b35d12bd7db1f1d
7b35d12bd7db1f1d
3b35d12bd7db1f1d
7c35d12bd7db1f1d
3b35d12bd7db1f1d
7d35d12bd7db1f1d
3b35d12bd7db1f1d
7e35d12bd7db1f1d
3b35d12bd7db1f1d
7f35d12bd7db1f1d
3b35d12bd7db1f80
3b35d12bd7db1f81
3b35d12bd7db1fff
3b35d12bd7db1f00
3b35d12bd7db1f01
3b35d12bd7db1f7e
3b35d12bd7db1f7f
3b35d12bd7db1f80
3b35d12bd7db1f81
3b35d12bd7db1fff
3b35d12bd7db1f00
3b35d12bd7db1f01
3b35d12bd7db1f7e
3b35d12bd7db1f7f
3b35d12bd7db1f80
3b35d12bd7db1f81
3b35d12bd7db1fff
3b35d12bd7db1f00
3b35d12bd7db1f01
3b35d12bd7db1f7e
3b35d12bd7db1f7f
3b35d12bd7db1f80
3b35d12bd7db1f81
3b35d12bd7db1fff
3b35d12bd7db1f00
3b35d12bd7db1f01
3b35d12bd7db1f7e
3b35d12bd7db1f7f
3b35d12bd7db1f80
3b35d12bd7db1f81
3b35d12bd7db1fff
3b35d12bd7db1f00
3b35d12bd7db1f01
3b35d12bd7db1f7e
3b35d12bd7db1f7f
3b35d12bd7db1f80
3b35d12bd7db1f81
3b35d12bd7db1fff
3b35d12bd7db1f00
3b35d12bd7db1f01
3b35d12bd7db1f7e
3b35d12bd7db1f7f
3b35d12bd7db1f80
3b35d12bd7db1f81
3b35d12bd7db1fff
3b35d12bd7db1f00
3b35d12bd7db1f01
3b35d12bd7db1f7e
3b35d12bd7db1f7f
3b35d12bd7db801d
3b35d12bd7db811d
3b35d12bd7dbff1d
3b35d12bd7db001d
3b35d12bd7db011d
3b35d12bd7db7e1d
3b35d12bd7db7f1d
3b35d12bd7db801d
3b35d12bd7db811d
3b35d12bd7dbff1d
3b35d12bd7db001d
3b35d12bd7db011d
3b35d12bd7db7e1d
3b35d12bd7db7f1d
3b35d12bd7db801d
3b35d12bd7db811d
3b35d12bd7dbff1d
3b35d12bd7db001d
3b35d12bd7db011d
3b35d12bd7db7e1d
3b35d12bd7db7f1d
3b35d12bd7db801d
3b35d12bd7db811d
3b35d12bd7dbff1d
3b35d12bd7db001d
3b35d12bd7db011d
3b35d12bd7db7e1d
3b35d12bd7db7f1d
3b35d12bd7db801d
3b35d12bd7db811d
3b35d12bd7dbff1d
3b35d12bd7db001d
3b35d12bd7db011d
3b35d12bd7db7e1d
3b35d12bd7db7f1d
3b35d12bd7db801d
3b35d12bd7db811d
3b35d12bd7dbff1d
3b35d12bd7db001d
3b35d12bd7db011d
3b35d12bd7db7e1d
3b35d12bd7db7f1d
3b35d12bd7db801d
3b35d12bd7db811d
3b35d12bd7dbff1d
3b35d12bd7db001d
3b35d12bd7db011d
3b35d12bd7db7e1d
3b35d12bd7db7f1d
3b35d12bd7801f1d
3b35d12bd7811f1d
3b35d12bd7ff1f1d
3b35d12bd7001f1d
3b35d12bd7011f1d
3b35d12bd77e1f1d
3b35d12bd77f1f1d
3b35d12bd7801f1d
3b35d12bd7811f1d
3b35d12bd7ff1f1d
3b35d12bd7001f1d
3b35d12bd7011f1d
3b35d12bd77e1f1d
3b35d12bd77f1f1d
3b35d12bd7801f1d
3b35d12bd7811f1d
3b35d12bd7ff1f1d
3b35d12bd7001f1d
3b35d12bd7011f1d
3b35d12bd77e1f1d
3b35d12bd77f1f1d
3b35d12bd7801f1d
3b35d12bd7811f1d
3b35d12bd7ff1f1d
3b35d12bd7001f1d
3b35d12bd7011f1d
3b35d12bd77e1f1d
3b35d12bd77f1f1d
3b35d12bd7801f1d
3b35d12bd7811f1d
3b35d12bd7ff1f1d
3b35d12bd7001f1d
3b35d12bd7011f1d
3b35d12bd77e1f1d
3b35d12bd77f1f1d
3b35d12bd7801f1d
3b35d12bd7811f1d
3b35d12bd7ff1f1d
3b35d12bd7001f1d
3b35d12bd7011f1d
3b35d12bd77e1f1d
3b35d12bd77f1f1d
3b35d12bd7801f1d
3b35d12bd7811f1d
3b35d12bd7ff1f1d
3b35d12bd7001f1d
3b35d12bd7011f1d
3b35d12bd77e1f1d
3b35d12bd77f1f1d
3b35d12b80db1f1d
3b35d12b81db1f1d
3b35d12bffdb1f1d
3b35d12b00db1f1d
3b35d12b01db1f1d
3b35d12b7edb1f1d
3b35d12b7fdb1f1d
3b35d12b80db1f1d
3b35d12b81db1f1d
3b35d12bffdb1f1d
3b35d12b00db1f1d
3b35d12b01db1f1d
3b35d12b7edb1f1d
3b35d12b7fdb1f1d
3b35d12b80db1f1d
3b35d12b81db1f1d
3b35d12bffdb1f1d
3b35d12b00db1f1d
3b35d12b01db1f1d
3b35d12b7edb1f1d
3b35d12b7fdb1f1d
3b35d12b80db1f1d
3b35d12b81db1f1d
3b35d12bffdb1f1d
3b35d12b00db1f1d
3b35d12b01db1f1d
3b35d12b7edb1f1d
3b35d12b7fdb1f1d
3b35d12b80db1f1d
3b35d12b81db1f1d
3b35d12bffdb1f1d
3b35d12b00db1f1d
3b35d12b01db1f1d
3b35d12b7edb1f1d
3b35d12b7fdb1f1d
3b35d12b80db1f1d
3b35d12b81db1f1d
3b35d12bffdb1f1d
3b35d12b00db1f1d
3b35d12b01db1f1d
3b35d12b7edb1f1d
3b35d12b7fdb1f1d
3b35d12b80db1f1d
3b35d12b81db1f1d
3b35d12bffdb1f1d
3b35d12b00db1f1d
3b35d12b01db1f1d
3b35d12b7edb1f1d
3b35d12b7fdb1f1d
3b35d180d7db1f1d
3b35d181d7db1f1d
3b35d1ffd7db1f1d
3b35d100d7db1f1d
3b35d101d7db1f1d
3b35d17ed7db1f1d
3b35d17fd7db1f1d
3b35d180d7db1f1d
3b35d181d7db1f1d
3b35d1ffd7db1f1d
3b35d100d7db1f1d
3b35d101d7db1f1d
3b35d17ed7db1f1d
3b35d17fd7db1f1d
3b35d180d7db1f1d
3b35d181d7db1f1d
3b35d1ffd7db1f1d
3b35d100d7db1f1d
3b35d101d7db1f1d
3b35d17ed7db1f1d
3b35d17fd7db1f1d
3b35d180d7db1f1d
3b35d181d7db1f1d
3b35d1ffd7db1f1d
3b35d100d7db1f1d
3b35d101d7db1f1d
3b35d17ed7db1f1d
3b35d17fd7db1f1d
3b35d180d7db1f1d
3b35d181d7db1f1d
3b35d1ffd7db1f1d
3b35d100d7db1f1d
3b35d101d7db1f1d
3b35d17ed7db1f1d
3b35d17fd7db1f1d
3b35d180d7db1f1d
3b35d181d7db1f1d
3b35d1ffd7db1f1d
3b35d100d7db1f1d
3b35d101d7db1f1d
3b35d17ed7db1f1d
3b35d17fd7db1f1d
3b35d180d7db1f1d
3b35d181d7db1f1d
3b35d1ffd7db1f1d
3b35d100d7db1f1d
3b35d101d7db1f1d
3b35d17ed7db1f1d
3b35d17fd7db1f1d
3b35802bd7db1f1d
3b35812bd7db1f1d
3b35ff2bd7db1f1d
3b35002bd7db1f1d
3b35012bd7db1f1d
3b357e2bd7db1f1d
3b357f2bd7db1f1d
3b35802bd7db1f1d
3b35812bd7db1f1d
3b35ff2bd7db1f1d
3b35002bd7db1f1d
3b35012bd7db1f1d
3b357e2bd7db1f1d
3b357f2bd7db1f1d
3b35802bd7db1f1d
3b35812bd7db1f1d
3b35ff2bd7db1f1d
3b35002bd7db1f1d
3b35012bd7db1f1d
3b357e2bd7db1f1d
3b357f2bd7db1f1d
3b35802bd7db1f1d
3b35812bd7db1f1d
3b35ff2bd7db1f1d
3b35002bd7db1f1d
3b35012bd7db1f1d
3b357e2bd7db1f1d
3b357f2bd7db1f1d
3b35802bd7db1f1d
3b35812bd7db1f1d
3b35ff2bd7db1f1d
3b35002bd7db1f1d
3b35012bd7db1f1d
3b357e2bd7db1f1d
3b357f2bd7db1f1d
3b35802bd7db1f1d
3b35812bd7db1f1d
3b35ff2bd7db1f1d
3b35002bd7db1f1d
3b35012bd7db1f1d
3b357e2bd7db1f1d
3b357f2bd7db1f1d
3b35802bd7db1f1d
3b35812bd7db1f1d
3b35ff2bd7db1f1d
3b35002bd7db1f1d
3b35012bd7db1f1d
3b357e2bd7db1f1d
3b357f2bd7db1f1d
3b80d12bd7db1f1d
3b81d12bd7db1f1d
3bffd12bd7db1f1d
3b00d12bd7db1f1d
3b01d12bd7db1f1d
3b7ed12bd7db1f1d
3b7fd12bd7db1f1d
3b80d12bd7db1f1d
3b81d12bd7db1f1d
3bffd12bd7db1f1d
3b00d12bd7db1f1d
3b01d12bd7db1f1d
3b7ed12bd7db1f1d
3b7fd12bd7db1f1d
3b80d12bd7db1f1d
3b81d12bd7db1f1d
3bffd12bd7db1f1d
3b00d12bd7db1f1d
3b01d12bd7db1f1d
3b7ed12bd7db1f1d
3b7fd12bd7db1f1d
3b80d12bd7db1f1d
3b81d12bd7db1f1d
3bffd12bd7db1f1d
3b00d12bd7db1f1d
3b01d12bd7db1f1d
3b7ed12bd7db1f1d
3b7fd12bd7db1f1d
3b80d12bd7db1f1d
3b81d12bd7db1f1d
3bffd12bd7db1f1d
3b00d12bd7db1f1d
3b01d12bd7db1f1d
3b7ed12bd7db1f1d
3b7fd12bd7db1f1d
3b80d12bd7db1f1d
3b81d12bd7db1f1d
3bffd12bd7db1f1d
3b00d12bd7db1f1d
3b01d12bd7db1f1d
3b7ed12bd7db1f1d
3b7fd12bd7db1f1d
3b80d12bd7db1f1d
3b81d12bd7db1f1d
3bffd12bd7db1f1d
3b00d12bd7db1f1d
3b01d12bd7db1f1d
3b7ed12bd7db1f1d
3b7fd12bd7db1f1d
8035d12bd7db1f1d
8135d12bd7db1f1d
ff35d12bd7db1f1d
0035d12bd7db1f1d
0135d12bd7db1f1d
7e35d12bd7db1f1d
7f35d12bd7db1f1d
8035d12bd7db1f1d
8135d12bd7db1f1d
ff35d12bd7db1f1d
0035d12bd7db1f1d
0135d12bd7db1f1d
7e35d12bd7db1f1d
7f35d12bd7db1f1d
8035d12bd7db1f1d
8135d12bd7db1f1d
ff35d12bd7db1f1d
0035d12bd7db1f1d
0135d12bd7db1f1d
7e35d12bd7db1f1d
7f35d12bd7db1f1d
8035d12bd7db1f1d
8135d12bd7db1f1d
ff35d12bd7db1f1d
0035d12bd7db1f1d
0135d12bd7db1f1d
7e35d12bd7db1f1d
7f35d12bd7db1f1d
8035d12bd7db1f1d
8135d12bd7db1f1d
ff35d12bd7db1f1d
0035d12bd7db1f1d
0135d12bd7db1f1d
7e35d12bd7db1f1d
7f35d12bd7db1f1d
8035d12bd7db1f1d
8135d12bd7db1f1d
ff35d12bd7db1f1d
0035d12bd7db1f1d
0135d12bd7db1f1d
7e35d12bd7db1f1d
7f35d12bd7db1f1d
8035d12bd7db1f1d
8135d12bd7db1f1d
ff35d12bd7db1f1d
0035d12bd7db1f1d
0135d12bd7db1f1d
7e35d12bd7db1f1d
7f35d12bd7db1f1d
110579511b090301
01110579511b0903
0301110579511b09
090301110579511b
1b09030111057951
511b090301110579
79511b0903011105
0579511b09030111
ed11f30bf905fd02
02ed11f30bf905fd
fd02ed11f30bf905
05fd02ed11f30bf9
f905fd02ed11f30b
0bf905fd02ed11f3
f30bf905fd02ed11
11f30bf905fd02ed
8080808080808080
7f7f7f7f7f7f7f7f
7f7f7f7f7f7f7f7f
8080808080808080
0101010101010101
8080808080808080
3b35d12bd7db1f80
3b35d12bd7db1f7f
3b35d12bd7db1f7f
3b35d12bd7db801d
3b35d12bd7db7f1d
3b35d12bd7db7f1d
3b35d12bd7801f1d
3b35d12bd77f1f1d
3b35d12bd77f1f1d
3b35d12b80db1f1d
3b35d12b7fdb1f1d
3b35d12b7fdb1f1d
3b35d180d7db1f1d
3b35d17fd7db1f1d
3b35d17fd7db1f1d
3b35802bd7db1f1d
3b357f2bd7db1f1d
3b357f2bd7db1f1d
3b80d12bd7db1f1d
3b7fd12bd7db1f1d
3b7fd12bd7db1f1d
8035d12bd7db1f1d
7f35d12bd7db1f1d
7f35d12bd7db1f1d
f9f907fcfbf68080
06030902040a7f80
8080f6fbfc07f9f9
0b0a0b05fb0a2028
fff50b020cf1e719
28200afb050b0a0b
a38c1ae33b209823
44598f250e27f909
09c5a9b9655b8cba
8911cefb30c29c4a
43eba58f985e000a
078fbe0d8f09d3c5
b305994407da98c3
b7fd9e673a5515a9
4896466f18deb915
96dad013ee8b856d
9ad81abff21f3387
2df017a5c1ea535c
80ee7275d62ee33a
02257186fb7bf998
8d4a4ec9e6e3a9b9
439872ce99f67ab2
11cc39a06749b288
d221963ab5989d1d
a388f0337bfac6d4
ca50725cb6d82a7f
aa41df8debeaee39
98538c85131c0687
94cebb5683e473b7
a12c56c33b1b26f0
a65cdc49c310f5cf
238cdb31a8b0460d
205f3393d83704fc
cc85f41c456a7e66
2bdbc5d3eaf1f859
7bacb47b438625e3
e3fab65c5d339d8a
dc7bfec09d7d25ec
496c71e954a90728
7ccf0861608f997f
d53aa9cdba8ca222
b31006de453fdf71
477b5b968f61e002
e99934fec0898431
c35b2a1eebd00c3e
4672e663cd5cea01
a5355bd66481f5ed
839303151df7c3a7
8b97687a4ea22323
39f4af0d92f11ba1
ab6830a3647fc0ec
833aad34442db82e
b7aae538720a74fc
8d94b814ac2f99f2
3d22b22dcce0fe39
113799c19402002e
d8fd43481a60c354
b4064c944a319e58
33ebb664ea18f914
1fb126c93c8228a9
ec7364027c8a35b0
c9397385fb73a827
3252ec6614ae03b5
f3a0984c8d16cbba
beac8535a9ac19b3
8f4fc2959e5f241e
a91e0e81de1c0736
8c209135dc63f396
0d542c572fc3a4eb
7635e6a1642eb816
0329700d11fc0415
f5623de7dcbf4a76
f19de32baa812405
4d17a1ec6f855ee5
91715929f76aac51
5ce0390326c6fe33
18035f2f35a00764
507970e5554276b1
a2fbd1995834bef3
bba8c4ce65e7a19b
b1da7647f895b36c
ea560cb8b888580f
dad793f362d1b9e6
e19b9e5fa9fdd32f
e92298a248947f2a
174b1b1dead4c38a
fae7147d4d6d8753
8eec405e2f3ea329
4f5f6bfbec1dbc50
a58bb6d970356e07
a4ab01691ee837de
235f0e76e1845ca1
2305a5be8400fd3d
93f891b6df7bf78b
2756f96822de1aee
26889c785fee5c03
3835184d1863e5f3
63bd373066af3252
facc625c68c7f05b
a0a6fa8ac9965a76
56ccd62b4413f4c9
625845b8c115f9f9
1dc4a5e6cb87fac6
7a9b879e1a2b51ce
c93d01f1a378ca30
b55f9e2207c6008d
89a7d07d0674c7fc
d7fb9e0a1b8879b3
5eb56963bbefdcbd
c5eb4a8e31ebcd60
9d4eacba443bf04a
469cce078c1ef792
a6398875154b1743
b63793ea73e976b1
3497c5636e6ceb65
04371e8d651a3b3b
aeda9cd1a97393dc
e8f2a2886b10ae17
ec7ed20ed2c0860b
386da843154abb86
ca136ac281644b37
7b9c78526ddb7e9d
a14bd81d63b30193
a75d8783cea359d9
f71a8e102dd1ae56
459c9716b9d756b3
5e96eedafebc022a
15b2bfd944b3ba5e
5a59137940e18dc4
6d47c25b543e0470
7b242d5d83f5e8cf
bc8d828082592f1a
3f5304fbe8a53c62
c789f68bdb42e03f
b880e8bca3185b7d
657746e750470bc7
05fea634df5e00e7
7a2dd47bedcc5885
699fe2fce5c1d77a
e6613185cb84690d
784e22c50521eb3d
f907e851a4e8cd9d
f99423199f985636
18be989d4f5f9e74
86424a72fd1ec861
1a9c919603edd178
af5aeef8a225c299
78776a256ad88ad5
dd7af27b641909ed
a716f40a52dc1c7b
fe364b8437460f66
f8a884005b7eb50c
1248a993cb36dbe3
7ed22c228bfdee3a
6ab4f8429213760c
7c44fc860d273c44
911d97b2e6e5a2d3
34409981664f4f2c
3303b6d253e4e237
1930765eb5400ee3
60604c432cb51e7d
32d26bb5d9e14770
41cd14c4f41a03a6
327df233935b765c
35177b80087b22ca
2e0e567250be5cc6
906fb360308780e5
87b37adab3f688cd
50cb6b619b28a47f
f29cf852931b79d1
03932374e2da831d
ecc27ac96ea9f3fd
818c5947b6ea5531
3d3321a35562fdf5
00edb1b90703a095
32c1c483c5f33ddf
f6be4efca109a74f
a528c45fbba98987
8e554d74c338c1b6
c6fa3566c8edc967
103cb118693ce73c
4f73270a9057aa6e
297dd95fc9fe00e5
e2b6ea3d30565cc4
1aff22e86c8bf156
1ab10d3ee7e63882
2c39f899974ce8ed
dd68f9b65a286af8
201322826fcd5dce
aad2241a7372fb3c
e19da5c5b92b821f
e4dc0bcce32d0503
ca6c17a327591811
11775dcc0dd51540
9610096c6208e0cd
4cb61091bf963152
bd2662ec2e8dc7c8
b64ab9293c887f32
41bf02cb643f7ac8
4d9dcbaa45ee6706
15726f883bd6b39f
8973e612a5c440b2
ea11493705a3dbb9
542a7988b961c55d
c77c9049d1fadcd4
25d14270bd73d45d
76f296cb0f46a2a6
2305b1d7920e4542
3262dad4616bd5cd
45d7480c3f31088f
7058704ed0b43328
e8c6c3fc7ab0bfc0
a9ca9615d29527d9
af06c41b7dab7f82
8ee3081e585db018
21318b5b4316d331
5268899b314c9cbf
d2c62dfb1ca8cc72
c21eb55bce4d002e
b9afd9707c529d3f
50843ba348c99d89
c472368368be39bf
4dbda6f3de5d4630
14e1248579be4f2e
d206bc8e283b64ca
cd9d9002ed716855
99b2045ff011b6fa
cc6329b4d2a3fcb8
1883cfdbd369056a
81989194df39e7e6
64c4eb60691cb342
487d9d527d9142a6
64634ffbdbd57447
5ff4127d6fc414b2
35a59f156669fcbe
2553baa9d71d4816
a8247ae12100a225
efa50bb3e40b5f77
cac88813206c3dfd
df1263569734e921
ca157d800bc5d3cb
b251315c687b03aa
3de1bbe3f7588ee9
a56950d9c8950b77
9de8fc115c0847ba
a700d74ee83eda8d
0407676707182da0
2f2dcf78d0c4c321
ccae439f7fe2dec7
88d546bb3372a1a7
8838399969e2a8e4
7ef52009488d9d76
ad37663e478a0b56
1dda7519313f3d41
9d1a0d0315c2c5b1
b48570d8731c8f24
636a72727e3b42ee
58f15737c76e7e08
a77c056d16f7d692
93d0d5354b45b989
43b6cca40910a1a3
ca307bf477a3643c
6af8b5d14ab61527
5f9a21c41c0b5744
0c93c0a94ddc7c1c
28d1517da214092a
3abe1d190b22129e
52729092b5fd000a
5aa20d78305be5c7
fdb50d66df48dbf2
4e8e052b5c3a67cf
920469b614028fdf
041d19f0d0f0242a
e629e8755b3eb369
812d3089312733f4
fb40181ee84740b4
6bf7f30c18c76e6b
7e2c65515fd479ee
64270863b654f1ae
074364031a7f7767
fad844d77de97a0d
5e6c61023a8ea695
c736d4ac80d97906
0ef595216ea0b349
a63c04b9d3781576
516d82ffba585063
1e0b709d27289a4b
d3d561ef747474b3
b97e833f7f5c8bbf
2e173dd2e734187e
ef1c9490482ad9f2
33dcc6d21faa798b
4d7cd064a68e773d
9a1968e761df54bb
434cf0dfe01d8e4b
09532e5c8bf3bcc6
e28242a024a2d7ec
8402cdc8e3f347d7
579b50c1be0f42be
a13e25dcac237b04
ef59fdd898d21b26
a97b29023b69ad58
c18124bc0561c4d9
3664ef4c753397d0
973a35403f6b6a5c
4777252793e219e2
2c5bc35132e67548
bd4a248157263812
27e68f856ca04d10
234ae5ca5632351d
7412fec613c8b8f5
6ee846ff3c4cd14c
cf6545873491b9fc
c693968382556fae
fc7026195fce4da0
c97dff9e36abe794
68093209d6453f3c
1a875e833fbc2a4c
6d510000e28141e7
bf26f204d1ec195c
183bdb3b7116956d
8f14f5290ffc1664
861336c0c6886bca
66468f6cb74e6c80
3aaa833a32e1f2fe
d5ea3a1ba710fd15
e72b1d9b594e9d44
34e3b66743bc7430
d5ed344de783b038
61635c3bea1b17d1
d2d846765a34e218
83ecfbb4cb0f6e39
36e11c3091fec06b
5673a46c578a8a4f
b1414d4d9c7ba70e
7c7af4e992eb74a9
087abae046bea6d8
6b5c1748c7945e34
34f4970866cccb13
09d55927924dcb87
33b9a60e8ba4ef5b
c01418dcf765599d
74b29baa587746d0
033a0f7ae4ac9367
0e4f201dffbd46ad
434273208f352a1e
b06356679add205d
e930b10e618d7e83
d1a9f93cf4a75704
b244efca7ee77095
79cd6b3f99664fff
598419c7df15d89e
a0343bc2f951d7ce
e638258f84b4fa8f
b368a4107d579111
dfdb4087fabd9578
8a23832ebdc1598b
f25059d75ef485f0
7c4f6b177945adae
84bf54a4d3b2fb6a
7799425152fd0690
f0198c2479479c16
0cf7202f730ee6fd
e25b77a58c8c60c0
c47b4bceb7398c44
caaa96938bf72229
54decf700a6d4a33
aee6f888609c1292
dcc31f1d1a9beb77
f0a71e7c96caaaa4
18786bb399f7e211
2e96b7703d5f43ef
efae9e4a29683864
5595b2b3b1627db8
8225502288b9fc30
ae1c20ee7ee9a84c
939ca106a722a332
0f5b6f279db1e111
bb5da855a820b8f2
052c39bbe0d04ecb
354e07a9bdc145bd
b248879d49462e80
2ed6594b07f91f0f
c7d438ee9128f84c
e29b2bada22f1a96
3b29215bd8b374d4
304ec6cb94311f3d
08117a2c716b28af
b95bca2d8e09a79b
9a59aed6830e0550
a1e0939f6f23f795
530bee78d8ae0004
00db769f3c4e5a8a
4331676587af6b87
b574e02c93f2b9f0
72e48f20009f86f4
e7dcd380f2c32e01
f5a69254f6c0f80b
020eba2056b9cd30
fa83e95ff04038cf
1b5ee032cf97db36
07fb11712f54d9c5
10f76e833657fd6f
3811840e6439e919
984132f208eca565
43d115766e5523ab
fdd69108274f45c9
ae9df3e889e46f39
2cae25c2ad553df6
ffb1469f67364a6f
ba862e70f66e1c0a
4131e825502393fc
843c99917c27fd87
d4fe87509535f181
5b0c9c3e6f9d233c
e60131e442139d1f
943ec4bee9324e65
8c75c640c7831e83
da7636888250f6c2
5a8079550aa53dff
c8b252df999acc85
ef7ce16f31c0e878
f603fa4ef13b3832
306f48355c369fbb
4180c5ba44ea5c6f
2b74ea897b8087b0
13feb7c4ba366e2f
38a34e7d23ade54c
2423e4f12498d0e4
860076fae27bd00c
1fb56140ddf6e352
8cbc6284cfd2be06
e716bc0c95a32381
562e25fae86e3393
6c81d43bc4be54d0
8e6874c2940b1775
7e11f02010479ac5
7315073c87032170
85704a5d417d74f2
6ace61f5e0cfadb8
fdeed0d352b76dfa
1a965a97278cbec7
42eeebc7b15a0802
b7f6e2c05646204e
3d88b892fc515d08
b2b29f0774e9b658
219109d1974cafec
95fdb0f4a32bf88e
784783b08e90aaf2
b77365f83d4c5dd0
4661f2870e8b1dd4
6cbf16d91500f973
c246476b055a6b22
e4cf15ddd7b0a91d
c9cd31ef8eae43b7
65fe73f8e3f0ceff
6927047ea6b4910e
6e8bae6d0be80edb
4b3e0402d2575db8
37a99e903c05d717
d4f432b8462218b1
e3ad4b242bf76bf1
fb1532fbf69427f7
795cd41e1c98dc1d
ecc1607621099e4e
ca91d20ba44279f0
562395392bdfa2a5
9d2a53461880ce90
9700a8e283cc8e5e
1628c699ea9cac83
a76f8022e3b6f12d
a2af8542b2dcb6cb
52f301afb6aee9cc
493af2fa8953680d
817e009303a0785f
48736e07c7c0ec92
e345b8ebe7055ab7
fb891fb5ae6e8f1c
e6eff7dc1374a587
362bd258b1915171
f730e3fd03ad3bbb
8d93c8cd44e9dac5
e6111533204c5541
8a78e81eaecd76b8
114ecc3227c5e911
c75b672a25c54bf0
75f05d07e9d236d5
7a1fa81fb2232a0e
c2993125a07fa22a
b80d14add4ab51bb
53250751b9798980
f039a6dfec6f9c91
9a44c348dccb7f66
5cdd108fe1161cb8
8d78a6cc5d6f8d8c
ac734ad254d00a3a
115cb7880b58e2f9
7e42d5eac7eb3c25
4887b4f0a61e387e
de980f397b0b8642
7618ce420da87eb5
e418d8b0e823d901
4167d86b5591b142
5e86e56133dbab6f
f0a5922c5b1e2249
23fedc57de930d47
bd60c2074c07d2dc
fa9c5401817615d1
cce859254a403010
fd824ca940fa3117
ae68f83be3c14ed8
76855bad730531fa
de05b754e7307422
becf4efed449af60
5821d540e90d8d9d
25c2664949557e50
12be7c7d38c5ecbf
093256851c7f007c
4114a6eb5c859978
8f5f01cc95d8ced6
f7953f3a0ebb42b7
3ad5f2ee9d71ed5a
efeee49e479430df
33580957f1a3215f
950b3ac173284017
7f2c006181abbb8f
6793934f3721518a
aea359024ac75fa5
4c848244e7872c78
6fb12b6b04567ee5
ce3b4f5e9b21edf1
414b663e80c6b134
f908f2001be9156a
848c4edd2761de4a
6efd082942c4410b
355c3326b531e021
f0542f6fc9681edf
364167f1f1bab990
e0bb82a9fd7374a4
25551f54df18f210
76950c01bc54f2af
4eb84858e02baec3
9fa7802a16560818
3754d0a7c3e05bda
5df58beb50260c21
21619e4f0abf5f97
7a81ce7a83dd1c68
0c2a79e0228c8471
7fa00168dfa64b84
a02fd94145708487
fc985858b83978d6
8b50d70e1d9e2993
d1f3e02d157e7ac1
ab96828844d2c9b3
b463f080071ce274
85aae43b1e713b67
24bfb818ca7e0626
55905e09abd467e7
43d3bf31d801b1d9
278e7aea5b6f7f6f
752a83c41fc37875
abae00505305f3cb
88ec48d3ab2d2e5d
c319c68ecbe4fee9
030bc1b0f3ff6a29
980758be59599ae6
09dc54d1ab532100
0ce6f725bbb6c9c0
99a2d4e2153764e6
6c0b9a32a13c4ecd
9dd0dd78fac82179
feb19d24aec60549
a98678fef04d6079
67ba04310200072c
c7f17fef962b2151
13b3252acec22b39
fcc15c4dd4e05f38
43f889ef6634f5d2
2136716e43d03b31
cdbd56acbf3fda84
4a661fc2dc5fb95e
d4f8a88c9fc5e62f
b10ed409da44ca13
31110eb55e0ae6cb
fd4389b6f97821ba
00a9bfdc2b201e08
d251e8d3f47ebcdd
736c53d05b807564
34a23a1d12a69d39
4d1f684cd2d1c71e
041a97f434d8e748
ee741c49f751c547
29dfe42fadcbd886
ed12e42df1438997
e184d53ed60843bb
6880dfdd1d88729b
b478a2075d861e3d
9e2aad9e4dd2b01d
ca4f0f42bf5aa895
92489bd7354bfa7c
97e2307e5ac4757a
347601c088c7314c
f9fa7c2081a3ab58
781fe71e9e4b223e
e891bb42694d6161
930e1e8f6617c3b9
b4b0f143b3b142f9
b80428205b896875
d145f0d400ecfb88
84db771f740952d6
3014c39ccefcaa80
510df526866f8dbc
08d1a08dad7c43eb
c0d2701dd7b71302
6f832bc3656bd701
83a0434806c6e3fe
c70c8bf11ffebb2f
2317ae10c7918aab
ee8f042208515011
7b03760edaafc247
e7b8574b238b0fab
eda5457206baacc2
48b04967cc6373f4
c4c37cc139a3fa5a
1b1acbf1d5165547
b01960f69dbbf496
a82319f0a14bbf89
f8d2db25d9f3953a
28bfaa97dffe7d80
23c141230ebdb61c
ed6b991b981f2829
c5d82dce8e0a843d
7e4ec9cb6a7bbbd9
07bba8d43153d9ef
3dcb2562eaba182a
f0b4b0f8646e0093
ed43d8ee833b0649
4cef730f315011c2
e665705aa8fe7bcf
b67058d1f73bdc0e
4a78ce1ce90ceec4
0c3eb1d936e3e5d1
0f1405a7b4ef83c9
870169656a379fa0
78270c1e56e86cb6
ccae066450b88ac9
7751cd7170f99a72
52749ef81aa9b377
eb0225cc39014981
7a67ad3bdbd1b73b
e72408b14d230c78
ac93fd1b34014cae
dada1165bde2fa80
1a4dc0bd123c4cff
8d93e15273aaadb1
bdefb638b8804f95
d1115513df130fc2
b83ebc600fe07629
e486a3771032c116
15dfa2ea6d495cbc
22123ea64d0bb93f
d777bbb27b51696d
ea66c10d74d19566
6a687ea56ace9c8c
a67a14d713ab3fcb
1fe3cceda18bc3b3
5278b0f4d3fa0646
4e62cb32dc4e997a
26ed4bc83e96479b
c8984bcb67d3a1e4
3206fbae09d93bb3
76847171cfeb6c3e
ab451f389eaa0ffd
37e5d7c58b7163c6
eeec7b20f405adfd
9de4e1eafc2a7447
619fb5d415339f7a
d25846d36089f168
d777b418ee8b91c1
e369fd3cb84da2f6
ae3107682fb3ced4
b28850b82c9e50be
c4433631a68640ef
09a4a1f85cb2b1cb
837e9b8db3259ebc
87bf267f79f903b4
4f253cbe7b360b70
d9675b446171e984
ce25ce00b16b78b0
4713210a24f6e28f
a2f45f975c491afc
1d5ce54d7159d057
15cac06eb3a83c2f
d91cb7d27a8ecae6
65f7e4f38ad89ac9
4015be9263a8cdd8
3555724cf3dee204
9ddc71a11146f9f8
9ab9cf7195d72c44
f499dd00495378a3
e5595e4b096476e2
29b8b139f8c2cac9
76382b85b3b641bb
7413dd370a7d1dec
36ab231091160cf0
4484fd5be5570065
d90744b0a8d98db4
a75b0d9c85075b10
5e8a1de0b2a1b52b
d4d443095aa35abe
21208778ee85b580
4e748468a217c46d
dbbc8e4fb93f8e46
f343ad9239736137
ccb28844b1ca0ac8
b73e89634d46eb6b
a2aa71579152aa4f
86fd3acf42eaf700
19fe77c311b602ec
39c553dabec517bb
3672ac845efe38e5
9b4006de1d37cfc4
e6f97cc9f30914d0
54375bcf6265fa61
e174f83250f01801
1c79d532c5c5f2a8
29f3880be0316193
6367181f569e4dc8
6f42d757be7b0213
9e5c5c4f1ea682b4
8ac1772c342fb042
414a6d60ec6562a2
d85cdb7892005f6f
518bf50aaaa05d33
8c97352f5f6713b0
99eee892ed9327f7
d85a71e2dfdca5a8
f51ccb54a2f919ce
ee03b012fa91449c
de0ead1ea6366d3e
bf990390087481b0
ba7ada9ac81c8041
62241b03cc7a6e9d
e6b76ea8e6ea4f66
a93184b10040c1fb
1758dedbac2e1314
93f4df4d71a10620
1bdfa7215126a70e
e32506e351cfe2ad
68a17eef42730fa4
5b6c9e50dbbcf18c
0b4d6fe7a236a712
d7af5bdef2c54a85
7b6ce65f2323af94
3d6979f8e1aabd21
7881db3950640736
681b06b1548b2c78
81f6448b82b6fc02
59c5106c847c72db
b5f645a35303ea23
c14d25cc8c3aa338
a62e0c0091a8727e
1cf687e4a5444fee
d56a441300c156cc
ab0e9882f23dea99
069c4e103755f01c
3aea86dc360725f8
d64f45a86d3b4970
0c1b6c38f497a7be
525cfc4a2e0795ea
edf1eaae1e51202d
d94b8bddbd29c255
5e582dac21a45156
03069314fd8a3df0
22707898b17b4443
39058f31ae708ca3
3bf4d6d25e39bec6
b2a29987bd4dad4d
41110908495c645a
2a9446092dea170d
ca40310583ee1e5c
2afd3a763dd1e5db
63e3b2c4b4c1e32b
403bf85bfe42179b
713391b67cbaed12
c03b0b9b5d5483ae
9b9ac7f96847cb53
543866f2a622e57d
4c1427d98ca032ef
a66d8b10a2f9de7e
13e037d8a86f5e7b
85c0d2518f942171
d0d1cac678b7b0fb
5c061dbef870ea9f
50e67ebdf6344697
4fa36ec8a52d09a8
e3ca57b1355a1f15
500a0e58ddccda68
7302a135d19c57e5
e863fbe945e9faf5
baaa68cd58cc1652
928dd49f84c715c8
5b15f6f8f87c6576
253330c885f8db4e
c76521b80c108db6
8158f6fc6b90c639
50093f4710e2f819
f054ce6ae944a85f
dbed0929d8401638
a6582be18c62116c
db88ad2f60663e1b
da3eaa6faf63787c
49abe0d888a56d1d
d6386d4721a8d852
a3722ef531ff27c9
3074e8a38b85e056
017fc95e36283840
03da40d507e12b48
60a67eabee97066e
13bc3a9e2dfbec2a
55f2c23570823485
6b0c26c70152e9b9
70b96b0ce5fa7d8a
6fdb318ad4f67c15
684c5d436a92d0a2
6313ec4ce3103763
c7182e67e1c9e86a
f200c0d3a2feddb5
7c7aa4c7e89c7bce
7b459b3b4f0cb5b1
671d083d9ce1b690
dce5423a8af0e4b7
e778f04a495a3b24
20775cc2c7fc2430
d4afc5eb4116b2c4
e30555b632c1b5a8
e28ab7b3cd0f31e9
7f14b4eb62da2247
c82bea56890f6541
ab0f91ec7dfe60ec
ec21f1b100a32197
aa9901b9256190bb
96ef793e65d84c8d
cfaeb7730327d9d3
1b1016f4d3ebde13
1c48c14e4dc75d8c
09814dc094276b66
abfc8ceb697d5c37
ea7279a93bcc847e
a737f557228e6440
6b097b87fdecfad5
d346ae2c28dfdc4c
90645886acc8f33d
02c5bcf1ec1d42e1
628564a623c1dc2a
6a79f04bfb3fe5f8
b33952939a6895a8
6e49690a85609eeb
3ec481ba84cbc284
1461ad60ee0ca701
6f5eedd58fb6e4ea
bb5aedde8e70e2bd
bb02603d34fe61c3
05be2b3f9ee77235
3331dac5994b9d84
8eef30ab5a21befc
1964d49a6c5571b4
b9cb2ccd76ff231e
3c285e3d22f00efd
820c0b7a909d5cbc
17584621596dad10
a0dc6c810815342d
240e42c82d023744
4b1cca351c07498b
fcd7562e52a6a2df
2e2e817f7334043c
92ffc246ce603da2
d4457bdb97d8588e
7884ec02a9ffab27
71f408f8e8b0cf25
60af863f8d13a2e7
50dc099afd5d4c1e
fb1934579fe94482
2f3842144ee83ad2
c6149c9f85bef1fc
92936d2ede1637b5
9a527edebc281212
e909c7a46743b794
68b46bbfbd561f2c
2b7a06a46c0c5f8b
6912aba52cc269d6
36232366bc1493ef
1a224d648b3dd6e3
7f8e86a79290aeb8
a484bd2ca578929b
bc215223689ac0d9
82260eb997eaa26c
2972fc882af02fa7
9a4f5896224104fd
fdbe590102e538e8
67842b3cda2fac65
f2d845f984eb9d6b
fb36d8472092c1f0
68b49a54db7eb395
407b0fa1a87853ee
8dcf0f24c6bfe9f4
1c72797f54d0d06e
e9da87460e78fc01
d946439f85ce5e4c
53128e43d81caf50
c2bc98d6cce352a8
fe0d9823bc9bbfed
7a1c63fd7bcdd14b
14a2b35cba0dba46
3421e2a5d5b61c47
9bacb45f67776e2e
cbdc1d83ca89269c
750522729f54cd1c
421c7ebaaa0c25a0
523bcf8c9b4cfec4
368af73861399f42
feb1711aabe37804
931b1af0cbc0c220
d678381c7cbc5cc0
fc4e303cd7125556
b38d262e5e8b8506
95a00e94e2cab7f6
cf690758a48d2d17
1a942633b9ab180c
244b7468ab1784a1
541bb8e21c058fd8
55deaf21507d412d
4818f435511a9615
765202abdb06450c
8e4b513783648d27
7085aac2dd640776
5ddadaea13369580
a175aba29098ceba
a968e788f920d49a
568a7fdcc4c287db
0879308b42b91403
2f2fbb6eb18755ae
918ebdb34ee01dc1
cb1835a277417885
5bfd03b48acc3d23
f920ca768075c956
9f0d2aea1f407f0e
a752adfba0872ec5
4191c0c93c19f9cb
834352c6175b5d10
8338498947c98fe9
9fb306d0e64995b2
7cb535f32999b002
b199f867887c52c7
70059ace1e336898
468fb9b8e5d8c410
cb852c58da799ce6
636c7e09d79bbaa4
5a16297aecdd1393
a7b5aa52869a75d0
02a68487d728db1a
4d8900c6024a1adb
9939e118543bce0c
08c24fe2d847d99c
8e498885a8ffacdb
e89ede7d36d79300
cdc5bbaaa8f5f134
f7a22ecbba1e8fd0
93c31bcd39f077af
1f850f0d60eacb06
2f6f5f04bd22dd7f
4d9112c4751a4848
629108b75722cdad
d22210dedd66d84d
b1230406f1466517
04ddb1bdb11a529e
9b4d52f8e653e086
9aac5e71ab0143b1
f93bad792bbceb5e
9f6bbefd7d878f86
d3f2c35eaad8602e
37b3cc6dbf166be6
4809855761fb9e6c
58480c7c46b657c2
a4ab5a4d935b6d4d
b0d34d72426915fe
4e8e2ab88c0f6d7c
8a840a5079f29bab
1d68a8c29fb4b42e
4c99fc18b0f24435
9fd77755ce6b288d
7c1f001b25fb635c
ae274fc70caac296
ae1c79f94a35917f
171381124eb5a833
20543a4a5321b255
53d3f4c2a9fd8753
939f8e218f4df782
a4f32efeff0b79c6
eb7e99c6b6754191
7f4135eefa3d1d2e
cd7cb4634480ce22
3bbaad947d31da2c
94ddd0ce1037161b
e5662852667fba71
487e2c5edf89b533
37fd5e1ad2790bb8
12ed0490693b10bc
2e597f1e3312eaea
619a351ec5b10824
075752ba53106ab9
d012ecac36016a70
ee53d17cfd4517cb
c12de68923eafc17
a1d02387d471c66f
d78cfcb4ae03909c
7b318f80f1f38b40
ae41dae106c7eeec
44f0666fd862051c
9367c2ccc46b9920
97ac020f5c1fa648
89804ee76318bcd1
0e4a840f69b69535
0f62bd8279d96e1e
709068ea547d26fa
51889216e9e9c7c3
35fea1daaa286fce
3870d6d7c8f559aa
4f05dc4176b517c9
ab02890fba74791f
4961803ce2db28e8
997e753ea7c17ba7
c796d4948947c457
240958894f160da7
502b1c25d176fb47
e272e4038bff5271
27f21b04d1dcd946
3f7bdde4488077bc
82be504a39ddd53f
42f21d5d1d275316
7ae1a72044185e20
e35b519f581a214f
7b4b6d0a3dfb0495
66757aff755625c8
41cdf14b6bfe4e1f
88d610696f3bb639
96b2b7920da6ea4f
98c1395d09297919
a182ddfe002e5733
0ad8049efdc9916b
7ea844a76f65c28a
8b4693ee54d4d197
686d691949e48aac
95aeb989a49fb6de
3858bcf27b6f3c5c
8342f7b70ca3d5e8
87fc24cced920733
4a76d3feb5e7fe34
d02cde5075af7d66
0f988bcd9f2b3ab5
64e01c6b45651053
d9f7d43bc60638d5
99cc7c3a2febd5db
8af4e491cdd97d6c
83057e9ff7251409
641714fd1c0fbed8
78d2c8e1ff0d5d94
f774f7e2a4ad358c
4323e4796b3c25f3
5f072dc80d1b474b
48dfe8c1d8d98ed5
3c84a6b64016a2a5
e3badc9c6fd47854
ae06198cb1447dbf
b4834d9ecc45f7c9
736f6b1410416dc5
ae131bfe46e7d61c
a5e062d18bccef7e
0275acc2c1cf8205
79428ab1a2a1f424
29b37750a33e2eed
f8b9762b572f4514
45678d032b5fd27a
1b89e86ec5059116
5ecab193363c81c9
8feff67e9ca503f5
9b3709d7e2f4d573
3b87e9f9fdbcee35
94195525d8ca99f9
af5d34fddfb65827
25414625cdffad1c
e65ba383f1644d01
c9bd876a6f829ce7
45d814596e9f3b2d
6af0d11676677eb9
2f956978317e01c8
3652d564ec68e509
eb1c9c82e1451246
e93e46731ca38459
14e34d671ea3301e
f92db2436c4a0f67
1f4c81642d15cc84
42283979a3c26565
b1c69324004f74f5
de36b312165be8a1
75c6458da6918df4
39bc45327791b239
d329b2c9d917f385
91f904cd2d81fe6a
1d7f6b7bcf3b2453
d1d23f5c3ce4b320
81489a0bb25ee247
1a4f3bfc5c25dbe5
3b2ef26c19874a2d
7adb0c007a337a1d
fc473126a001be43
44d543762b95cca2
423a107a00bf7dd1
d58a0d9207ccd6bc
7f5ac5c7d56d2bc1
cdcf968e1bff5769
5a3d98101a9ddc78
c5aff57c8954c8b7
0293ecc80f800651
4b6d211f5b9121ce
3f850e90ef78d23a
e3b1931230c341bc
1dfafc0db7d103d2
d3f09ee127885572
133941746de8149d
26f3e606454454fd
cade55e4f7543bdc
34d427aac3958dff
f69a7f5a28ca2212
6cec870c58c423e3
6b93496b32e5c393
8dd21495c6a5d9fe
aeda6741039f7f27
ab7c0cade041b6bf
f2a27a0ee7fb8c7e
2b439eb7cb8417ba
6ef94d82b8f9598d
616e816a9e16b09c
1387e542de4314a3
6be69ea8972c48fe
12957426d54da485
1065209a1cb0e929
fc53ca5f8186e714
a82676f89201a158
ba93f3d302f2a39f
a3aac3047e3f948d
d391638a2c11d824
dc1b5e29c92616b1
29d42bb41fc4ddb7
0cda72e162387725
d63ff3bb270cc540
15095a04f7e73ded
3ae17c25f2a00d22
9ef7e12e38527b4b
cc794ddc1018946b
5e7cae5d8943695e
8cada10bcdfd1a0f
3c6b4661a91ebe99
a34c26d1ecb112b1
d0a707423f313c74
8af2ba66951206c8
56fc123044c62e79
f4006e77a909b05a
5ffaf50d81e0a6e9
2d0e7c37d0dd38ef
656cdcfb99e8e457
d0e22a5eacfffdee
5f05f845b0e316c9
ad166fe46e3aa078
f82b0fff89a84088
407c7d8e01fb0d52
3303b6f0fe174a3a
ee06b5ce0915af8f
89e059c3df5e1b3e
62a0747149283431
04d019f7cfa8d1da
466df29839a0cf61
0fe5291e4ab81db2
c1f82724b5a8238f
c3adb9f6a5dd5e39
bd541c5b1779863d
2510600719dfcaed
b5df05eaf2e9b8f2
50855bc1e2a9d1bf
ec0a2b8d8fd79fe0
e6fa5d4c1254f187
2d57db7b41f55072
b01a5547f6ec5366
2f0806c58474b269
60fd8c871e3b8ec6
1a6d8f23b87b31e8
984706caea0472da
21ef92a46cdb642f
b149e6a52ee4013a
465998630b49d0ac
e318945ea485336e
9b4de1983eee338c
e7df883074ebc669
3e4c7ae9cc9227a4
dbea2cb71a23a5d9
2a734f13c9ae62af
17d0b3cfb3347569
8b059e6dfe0cf362
76b24f0a8210b6f8
72646669427a3bf3
97cefe3c7348dc52
2718f6b71292dc18
9a01804a59faae08
2ba9f64a40be280a
4a654d23503ebf59
505d9b44d04f9def
2d56b8ac26907f3b
f19b3411904f99cc
73dcd31f0f807c62
a92a93f569678181
2f3272b77e2f48f5
60480be37af76712
d8cf36618326132b
96cbbbe27d17da90
8af87d30edb5642c
6e716edfd9e44aef
f5d9e4b03999c6a1
2537935c73aa82e4
d1cd31f4fa6c4072
ff7ae03e172824e9
5c07ea5fe9a21234
31d0fab03a59a2c8
0abe7cce7c3c706e
b84c087a51d1bdbf
237ea4deb29f4469
3256d5bd3436d67e
7b21cbd7d4910eef
a7314cf4401a7e69
bcb9350c0658278f
fdf550b37313bdf4
5b741914a45e1733
6ad264c0564ff485
9945d6ffeb16f824
a3a173d1b1e8ac1b
3dc320bdd647fed0
39025007629b6467
a1ec029d0e79401f
9535817ff27e9a29
d78528d34d134448
a905b956ab1adf2d
cf850b666be83de5
9c8fb4c0d00d5987
26e5a4939f022f39
a9dec2115a16282d
2598b77712531646
86bed6bc263c6ace
55015c99a1797ea0
9e7db00a43d5433b
39c78a62d3675dd1
980034c449e3486b
63f4d074ef3d7ed2
9257e5e14b61edbe
0d823e8fcd0f2cde
9fa11d3512b0284c
16bc38e2aa53e078
062bf47f9f8079c1
6eec8791baef31f7
03c87ff220b4c906
8b19da66b9657469
c274b31c2096994c
878069324cd48a93
91bff21d33228389
15138b625b93d2be
9c01938bec3ea9ef
abc192d9d5b105c5
5ff7e068e16b803e
214a10e13a8d7215
91037a5b7f54ea65
e0a75d77b7b1f773
8b3db24c08213ae9
c2fa05e72ce86801
3beb9e38ebcdb12c
b2d0842f409bcd30
59ffde2cee9369fa
dbff28f8dd7fe338
8172a3a772ed8ab6
47be4733a3f7a153
b3c940aeba7e9932
1a6297482a07a5e0
7f0c2fcc9a202049
4433ca3643369500
92f604f90923bfa2
d184143938594069
8aabc38c2bee9590
6d9fbf0d9ca0c73c
44b607ca38f46f7a
80abe6af14cc09d3
a4504b604e2585a4
222dcd289449ba99
3295cf52e68f9997
120ffe912956d5d8
ef48b55c9507f389
a437875335be55cb
2e6444a718fb5dc1
a8d57da4ec4b9a23
a70db260fa97615d
721f6b82754da50c
9d8c209971f71492
bfe4f39c5098de3e
ecb98fda124714eb
d92f59908d0aa4d2
2eab948a30c0bc1f
ad99819ac52b9d10
b2ef118dc14f96b7
f991373d1696d453
cdf915316506b17a
9b7a8abf624632c5
3bb8a3a0419dbbed
725b0d3ff3e5fce2
f56286025e839084
4e9608ee5d763569
1b2f6c771184da36
7c32a221cf5ced66
517eba301d8d4a52
36992907bfdf4b65
057bde217dbbe010
da1b839c7539b353
c88eccd704ac30c3
39e2f50b98b11a99
372a33f4bcfefa1e
515c96ce9663dfce
43ce2a687d3bf82f
e3b9c2775df4cfaa
e7b65d0224df2b1d
6214d7aacf873dac
67c510967e848414
6d21c3a38ecbe09f
0b5357539a1b88e3
12beb2dd67ed8806
b5a4d9de98c8c1bf
4cbd3cc55148abfc
9ae37690deab53af
620289c8114248d8
1e5b9e33c28f9540
5bfaefb5dbcd7b1b
234370b872d74109
cbbc28bdb343626e
6fa502f54e91ace0
ee595227b4904002
3340f9bec5e393ad
dc95c03b32c4534f
1d9c5ac4486d2bb9
57189019f31f860f
46edb9a51761deec
f184da74378dcc77
811e224ea6ed5ede
1e5a31e64fc8cc79
3588be34a518e884
35a06932868a8cc1
34fac9ae2ff8d5ba
6ce9ecd8f056cca9
3685d5082b864d63
58d5d7aa68f74624
e1ed1e0f7e6a759d
e72450e3db727a5e
c2c37a849a82e185
36094b50cfa69d22
787f72e997218807
291a30ce5ead47f1
cad4f0c217b1150f
c2bd58b806469b7a
4d8d35f783b8c560
599e6482559945e0
ceff42922bb05f61
8392064efbafa80b
e64520612d3cbc6e
a6e3608b3df6a3f2
00448fc3c8a0670d
3daac297c51e527b
d31e5d9f92ece395
c1f646d78651cc58
d3503d11858a2da4
0f5306399aa095d8
32eac5e6298a086d
a499cc049409652b
25c61978244baf0d
e6c7d0b07e4a6e4a
44fd446841466cb1
89da57c0bbf398d8
45822a2488a72d3b
c9255c0656a71142
b78aa82594ca2f63
b64b7cd130e6557d
7576c3855e3682ee
b3e6778fea29b38f
0861c1b89c5fb96e
89cbb0bb0fb654f2
f1c011e86d1e4a21
b7b4e8c1114b2090
38f59ab00d69403e
94aef55ecc49190f
35f578f18e2dfd8e
e85158da82ae9f5a
0693e4654b10334f
5b73e39df2569360
853ac01a8c9d0dd0
db966f1a88c0770c
6b650343db128bce
f69efb106b5b8a51
47effae517b28c92
2ae97b4291362563
3429a697b946654b
2f8dae5a600d62ee
ed226ea7a9c05f57
7399e2b717cb7ea3
857bcfaa991a0c84
fecd826bb531446a
fbf328a8cc0b128b
c572d06a9f53197b
1f2fae1c2585071f
1bce4365b1cd07bd
087a057debae6823
0dc399e15f6095bd
da4c8cb9e5e82b05
6079d9bd040a0dce
74de9f31847708b4
ad30269429f30258
5204dc093f50227b
25d74ea071894697
1c43331625175426
bc0094e4d9317670
1cd7a47b41045ec3
dcc22119329041d3
90ea43eee9786229
55435491342fd470
db27c83f9917b54d
a089e53484529fc5
2b293138c9755ecc
d4bd895ae84c347c
3dde2090140fa0c0
e51769574c308c44
eec5ebc9328bb695
0dd05f33134989bc
b2043f3005b70f34
baf2640672b8a976
5efecbab3978d08e
0a08eb6d2db5ff4b
2d72bdf46fd82b3d
7765deac502de14f
adf933ea1b292ef4
3aeff6eec6e7b592
662696b9958771ea
37984c7efba5d671
d60a88c92a094c88
c7e5e45abaeaef89
4e92907b03614142
b50f43694b20c481
6b6be05948d1a4fd
2ed3015d97ab16ef
7bc22c2a7ee61bb8
1c54bf114c06b090
a1b5d15400de0774
86711c70202fb6ba
462c9e732de65b39
9995449083da3771
d39f48c91c202d7c
a28bb13e65ef9688
ad9671ee617bb95d
898d1015932440da
7a5e7e4ff8c71c68
a404d54bdc59eeee
5ee2f011b7a2b36c
8d99107b7bc1a6f8
df5f47cdf19a60d4
862e981bf81bcd5d
7926179f1ea18e5a
6fb56e8275b0e4da
799967b17447bb07
5f8503fda503a16e
c4c01fe59e19ddc7
6c4998947bd9146c
c63b5962772e11f3
35d7d0d3e775a0c0
c31a83c9c3b4bd99
715335b1109b6f6d
41fae1b4ff2d8aea
ee8cab3d3c5ba4e0
cba20cc258e9a287
bbac04feafc939e4
69515f01843e43b5
4155aa19335b14a9
604245f2436d51b0
8d7522c3423b880a
036fca876a893b7e
40a77f5b8961f5cd
05a08d39579d34ca
09a506e432127f62
33f28215c41f34b7
49672dcf48afc862
8a09d556b262d68e
2e5d8227a761307c
c46a3c03e6f1044c
8471ee73b2a3317d
da4c6933b7b9d45d
46b443582b6bed71
8306981e0e91494f
51f1158550f6542a
694729d06684600e
22263960ed0ed51b
840c7b30e02d2998
a75821e1150805a3
a2392895734d2835
ea3cdf6816d05acc
da420ba87c28ced1
cf1ef74f368e6f92
910e2c804afc4712
3d945eac3e0d73cf
74092280e1f6c533
2543684eeb679863
ba6aa35af4c80e4c
b9a5cc70357998d6
1d4989d7b811ca01
ee1d670ea1777f67
67d47739796af532
870908ea1dec31a4
d4cd4c9d6b0be6b3
2638e1a73907c9dc
80d1daf95e7d21e5
c11932dc2c342881
50b234c42377583a
70e445c31bb01fae
48f68950aa81d4c0
062fcd97e565ef9b
e100bb29011fbd1b
a22b780af3309390
2e6dc4438ee185e0
941e7431753d6584
8bedb402675a5745
fc4158dff0220dc6
1f43aec90f74a388
17d574bbd0154b65
8e6332fd6937b63d
baf97281a47e5cf9
c753cb79126655d9
810bc1ac7a8028d8
33ff255d9e01aa26
724d8246a28a4228
3b10ef895d7094bc
1d8a3c812e87b2e5
2290903973439cfb
21165c0537b3f371
d0fe852d65787e4b
9d1581cfe828f535
9afe09cf217732d8
47161ccf9fe33a00
9ee1116a85379618
f5526b6b4ea7a84e
5f6fafb69c0fd7b3
fd183fce0a18bc1e
0854b665a62b6e38
2e2926078aa8bc2a
233a5cb8b4f46cf6
34bc6886627ecd87
339be0cde24690f4
94d1fe1eb45c7802
efab5ec734c5accf
caf552ec87ddd682
421573b926462048
b92beadbed4810c5
6248b5ef0fd81c82
ab0878328edd7041
e960310bb7bfbf6c
43fb8bb04e656a0d
c66bdd417e82e734
519d41f9697a0fb9
59fa294bd2c9ced6
e61fca94ae8defc1
e2d1f7773f423d1e
038726f6113e0384
09bca6ea1a256c9f
3ccd0c54709386c7
a8c988d82de99bba
b97c2f3e66ce08df
f3a01007456ce775
716002102eff6234
4c458f40f98c2eb5
84585ea3bfbbc566
0d09d6480ed4697e
7e10b85058e164dc
bde33011a9f8b1f4
ecffb58094f0e854
b963d0392abe60bb
355fbfc23a072c9a
520c1db9f3dc3dbf
7287daacc3246bbd
6f15b30a3f1c5ca7
5a777545a043caee
cb229f377332de68
4fec48d6fb00002c
73b0e961598fd579
d52d32d1bcbb6652
9919251f059c1c3d
050d76932428bb87
6c1df73d6afb1415
7150e030bda24bcf
1a5b3139f4dc0e68
5a6169765045e9c2
eb5067f2882aa060
516a726c0b27fd7b
06da03280ca5a2b0
eab0b56f4fc9db2c
3696d8ff43478157
887328db8f920f6e
40c1f9e2248b831e
8fb38f720283725a
73b8f03dadcc82a8
a738a29173d00954
705ef9cfed5ec6d9
1cc7c1bb1177b469
b0f919e7480eeaca
5f978b6a1c60941e
619d8cddd9b19904
c97aad59f8ff70d9
364c6fbfe2d32d3f
b709a9cd16179884
88dc01ecfeb7e9d8
2b1abc3c4b67e660
b0df7af3ad08938e
1eab095438c58c92
d1eaed51f1b1fe0d
389b79f908f66fa6
d14a54cbed19cded
7c5de0aef53508a4
e068575343b4afcd
2e5c80cf79115178
f76bdbb7d35dcb13
649ff78484b506bc
1cbadd26513bf88d
d1670d92f95ae3c7
6b5f9b36a2383882
8119840f4fa71fb9
95c8daef81f6a70e
0fd31697eacc9add
c6a8877a65217f7f
6bcd8bfe58edcb1c
17926828031c2512
9b45319af033be02
87668ae11395fced
483ff3143afae7dc
94804759987a6667
e6c531b1e16b2f63
68afd36dc22c26fa
5affdb1127b51969
c713dfe43aabbfb3
804fc28ab83e59ad
8e8f357cb21ca3f6
1afe4bccd67bb31b
4ee7a3c4ffbe2510
5286ec6e1a212e9d
cdb1d2fa42d2ac0e
b14a5ebb61d4b1e9
f3c49ec24c770a5e
94909ceed7aad284
3d53aa6f4d63f5a2
5fe6e1e7b32cfec0
3f35739a0dfc4f93
38f08456354a3a72
55a8c07cf85ad523
8d8659a9136bd87f
baa04ba6fc034dd4
7c3c0bcf75685a3b
5595f9b3828d7ea3
ea628f09139f8604
87144c533e334151
68b001f28fb8fdb6
b4c87f075afe50a2
a0755c356d8ecfa2
141f87a41ed2a385
9585f08dd9d2e3d0
03e7ad23ebadc40e
ab73dab7fb32568a
077bd1ce5f548f0c
7cba93ee5c2151f2
bd18631f16faaaba
d74532e2226ce450
638d10eb7eda38cd
9ee55528a42db2e5
b0e35a8da8018670
5a924e4e4b20c67d
5a4e66e631a6dc25
25736df673b638ed
a634cb96e9001280
e7b008744ccc686a
c7693410e16eaae8
cc4fca5f81b43884
8f8ce3c0fbde71a5
3471d50a8d2c3429
9fd6dc84c594ba55
4feaf29986f7f93d
7c4024384b1550b4
15494979fc5d0447
16f7255e0d955e70
14927d106ecaa5d3
e67465bf262393bb
c17ccba47aed4db6
16582448f4c51b92
c6fbe62e2c92e950
c9e485d809f276cc
1b57df7e0bdd6b42
2f6c4b36249d827b
36513c974b29d3ae
058c212f42933e06
a4518c28eb7aeecb
f92dbe03e38e21c4
c5343f744b037b50
de1590fa6bc52d7a
49e6112c452cf601
88e3f48163768bb9
9d3bfd288312e9ca
90a7c2807de2cac3
e5f03bd4c9037eef
ea3309eb693fb10e
97754db20484ab1d
60e7a168f0241c4d
211593d9e7044c4e
32313c3d07582202
fead7c5adcb4c9e7
39b8fc500f9ddb0c
70dd9ab799025831
dfc7c67e61afc93b
ad5ea3f6198c01e2
3ab864c9957e7813
8cb0569a3a328dd4
783bea3c8e716504
3c5faa1e3597dc23
cc3a1cd0923da28c
a9a4a8084565343c
7ec2a812a3abe6ca
9d3c9f1f12238777
25c2e2ac996b7851
99960b214b39ef28
cf6266fa41a30aad
9565af0201feb58f
46beb512acdf59bf
8cead8de13539689
eeaac5a2eb69cb80
4958d989b1d112c3
45be18105c0ffdab
a31914f8ab7b4281
7a7fc9ad19c530ec
1570476d8056447a
0e014ed0fd8e6265
93d778c693bb303f
8357da61e4f16a4f
bb78d7639ab21625
cbce7730acdd603c
8ba756218e10373c
aac22f564433c9a5
88af8c42dd9f03e5
d40cd3913959c500
bb5ede48db8b8e35
9f135e8331dad80b
ed4b8620041ecd6b
e19f238b2d2a5837
e26a8d1eb1aeee50
6d9d867a910e3745
3f9080f3edb35db3
9d990dbfad3f0d11
c1397b6f5d13909b
0ea27a131f982dee
d36f0924a1decc3f
d01cf43792c816f2
7cbc35c46b0ef83b
2ef12c2026029730
a47a0ec83f395b8c
a64e3c596d36c51d
36b0140453ec69d4
4afaab1847619fa3
197711152e4b095e
9995dd4a3fb0e315
312296f8534f2e9d
a4cdec80688c0580
f204dae1279030fc
5923dc4ad1545ca9
abb8a82d60ab9961
e62b5dbe32199c80
7583b636e4a68e9a
066e06def20bc006
333e6e69e5198629
a9339ef6be24785c
1af4dd0d87e56e25
65e7dc5ad2acd4d9
8a4c8a97355f8742
6acfadc2d81d9439
7ea3bf92b832267e
7605f4e2b31067f4
e7ac61d0e8b5cd78
903e55b13c48eaa6
d18bbe9cbbec752b
b9eb73002ea635e8
3c658535fefb4a42
928397ddecc85183
606e23dfbf16fca0
ae4d28549113bc64
e7b56f3ed516fdbd
a34726353d07c17a
1559fc4a70eec320
3a96f2dc67206626
3c4d0a92cc0a5089
7271376e4d49010c
b2d31d242a6a0c97
7893393b70352e70
fbfb1bb945d298e7
9cf554078e92e62a
19606f681721dccd
765f7cb46040bcc0
59512674baa0e525
7c6a6996ad2ee564
bde664b6988b2990
61bea27369a9638e
db69c9dab008f50b
ab9001758ee367c0
ef9a62358d98cb0a
40c7448558728682
d55a5a1c6207f0f8
d6c839c43b027a6d
1bbe554454b30c1f
f547369fb6c0151c
47f82e38bf768937
9d9d3cb553c26254
7f327e1a4fcb11b0
51e0acdf287cc67d
80f9acd0e7ffea98
4c97fc4451252bac
93d15687233e211b
84cb6e57402c49a7
64cd4501ced146ca
fa4cb8dab93309ad
50c7f6c0a8f4685b
cad3a65ba8cfb70e
a1b72b1ac5582e57
f12dc48d7b3d7e02
39a82c67d61da148
3a5e6de7696c332b
64cc2501ca271caf
6c311a4c2a5721df
1e4cf4e03d6cb4b6
52b96e83338c1faf
e8a9d5464974f9a5
027ce8e73087785f
ef225ab39cb85c08
9f213ba87bdc9eee
a510d95715089004
4bbcfeffe6f3436d
eaac2406aae73c48
7b388ad5acbf0cd4
5f9df8273e9f3513
fd06fc81180b6ce0
2b6717c3f0147e8a
add60a5ab01c9b1f
210c56eb067b10d3
c8979b9b6102b365
f52aa0329aecf92c
d1b3f7f7bb37e0a9
159caa0544febb8a
4fdd844a7cbf140b
2b96b94e5b244aa4
8ed5eb21d08a421f
7f92b36f6e070965
e7a8c5077a939dd7
0a35d8e2cb6cd603
d39c796c505ae175
ea96d647e8815e00
4486a2d4de3d5c39
79039967d7da9ea9
2136f3ff5e2451dd
71e11779771e5b09
12d258186c732a75
e35716fa4f6cc259
7df6e628acb6bc6a
269d3d1bbcf8c71f
ab32197c0b2778c7
317bdca2fecb8556
acc2b8ed9e669331
c987d0f5eb1137fc
875de5df31d35a5a
ad87f55977b9c511
233728696949dc14
fd2463266df3184c
69a258c7ba6de04d
94b29a44c031f45d
9b31f43be57cf45d
bce52c62d1ed8770
ff53864ea9a09bb7
00dbaf8384b8e49d
5df184ff27ea6868
fcb9b1bb03894c6e
11e7f06af2d8b803
546d33a2a3dc3d34
4d1d56753cedeb6e
b5a1e923f5f2ef67
4e8cf5535bb214d1
7667a5b82993c402
5c67e4f652b643ae
e650449c6661ec5a
cbbffb253f6e95d5
4362d068560a858d
1c0fcae2de564061
dde77f367909b157
d97f25f6aee578fa
3c1ecdfb7e037c32
b73b90475ae3607c
d9de2e0950162748
127911ead10a0bf8
fea28f31d933d18c
67ca375c712d9a7b
f517cc19ddf8e247
7a788b17bad19718
b604e43da5be104f
d808756afbfa36d0
f2d1be2bdad37839
385dc870a92cb921
f01eaa6b14244bfe
38bd82ce33fedab5
0be7c54ea3730d9b
468c7a22537568d6
5541766ebb093927
b8fbacfdcdcb8472
c962e593d33adb44
543dd92cc4467e0c
2d909f3dc933dbf2
22357ab06b9ef2dd
3e38eb983a3b6dc4
d724d58261313b2c
323b4c5238320cc6
8640b044c3aeb5a8
1c97c785830eeee0
fc239ca383e7680a
61fb6132a8472f66
cf2bba8ec242a8fd
2a8d0b4d64ff4bc3
aefdb362d80b93c4
9f3aad9e1df2c2b4
ee3db161df9c3d54
460e84ddd6731b63
03143f28a62b9b20
5826fc46c5f967ae
adf03fa99f503132
ad87b5bd80e7b8c8
ad0c48226cb47031
45cfb57820ad84c8
d490363258e0281a
7a1f749c7a7daffa
474ab7d278005a0b
7a403d551538138b
cea4bdaed6fee600
53670b981179b2ae
259b165d1ce6f786
039a9698f981818c
e6042b5e92061b86
018dd896fec8e296
bbd88909b365ab6a
3f7a2f3e1cae6670
f512fee51b72a14c
7b9cfa214c290be3
796d45725c40d95a
ef7296f24dc99337
e633f8502067ee33
84c6b5e267c9a3bc
5b49585307e95e5a
96f533668f32a688
1f5b6108350a8bdc
53a9fd50aadc8405
440ff2d3d2686cce
3a0d759d29c41c0d
0d568a91074507b1
44c0a93cf508b266
d81b7067e035a2ed
53e8db6791b4adc9
bf5028c1d2656ca7
568b49cb07818fdc
4efc14190faf980f
1681c6bf05fbd231
cb93f69540daafbe
a655cda48a81d9b1
f9be25082c82e557
2e2867747b024160
eec8ade0117eb4a9
9c615899d7c15e31
eeafaebdee7a15eb
4e43ff6fef4d0ff6
562a1bf820ac4425
d7336c3588a412e2
a599d6188da0a405
08edaec9be13f66c
86f4ac9f2ccead43
0c0c08a522e3a3fe
f45126e0757a1def
91bae5ad4edfda84
f890c4b343e1b3a5
18d6b06f16d40f89
9779eba0ff04881e
b7e940da8a6519ea
52af7fefe98231eb
80dcb89a54b82510
b5a5173a63e6eb36
cb0f8cc341cba823
2fbb8155abbb053e
3599c729117b8f51
9eb6be67e9d23294
95cf32d88a59aa9b
acb5e01afdc2e7f1
5064f1c86d5ef645
af3acdb870f4a4dd
2d16cac4d3632813
ffd88e79c8ddee4f
8c633a8d76fdaa7e
7c3a10c471463ae4
9b6b00f51e18df32
a462aec9281f71c1
a41bb573984d8a4e
b43438ada9e3724b
5ad3c6d5931693a6
0b0e480b9bd68dbb
99ec8e0b7018b32e
3b5ad0138e4c37a3
be57e4f0e3b163c7
382edc11f61d79e8
088ce6bc0e74ce77
7e22bd71fdcf2808
3a006a820f516bf1
f1f2590781b0c4b2
eddce2ad825c4517
781bfc89d08dcac2
e1adc4c1f161eb47
8c5efed1ca61cef2
451a8c170ed345dd
10d07a12d064dde8
734602d649048c9a
25c362d0151b7008
d728f19700ad96c1
4e83dea6384f5d14
e0fa3e2f55761066
38beb0675960fd65
2093659247e48967
90a8629c0cadb86e
85cd8c58cf3e521a
0545b7d1836089b8
701ee9a890ae7d64
a1e101827cbdafe9
56f6aad9b0cca365
77a52b4beb9a369c
b23389ee735e38d4
a543ebe56f4bc560
fedc1e7fa1280b3f
586ddc2e276d9975
16c8cbdce7711c2d
3482522a82d83282
d859eeec131011a8
53d75b3b42dc7c16
79b76fcda56b87e6
10449509d6405471
bdd240170e711d0d
a2862d0cceb2b6c9
4d3dfb4b825c30ea
9ee0884bcba4fbd9
984bafcb64727faf
98dbd40bc659e0e5
963d4d648488266d
728561fae410f3bf
f0e960f67793ee5d
acd90c8ddeeca9ec
537afceab5d78d6e
c90a757a36317e6e
47792c153e405692
dca07ed2faa466da
8c38ec1603397aa5
4041f859d9464832
46d5ec5685b95711
992cf39b3c067987
75978c5a52b72406
a8d9a1f2679bf94b
82594c86491af7ef
b0c4124b67c62ea6
b0e57380137863b9
21f3880d63bc6e8a
006eb1f088637bab
19cca906c05a62dd
aef2de6661acf96a
613224006a27b110
25a794aa51e26bb4
f961a22b764d491b
958e8716004a83ff
d69f74ae862fae04
b6a15342c2c4b2f0
4a2148615cdcf3bb
2731e272b6cb04a0
aea1b8abd4110b93
e4d65c88bc238861
9a0f54d2b01f5d7c
3286fce0fec6de7f
ff7195b790cf1cfc
0c73cee58bf96b37
06b902b96cc6c7f8
6bcc180fd1fe9426
08090d416e7fe64e
4b23aba423f04fcd
dc2ed2938dc47192
1ffebdb804979e84
5303b73ed2a0eeb8
c11b0b9ff371586b
f3205efbbd58ece6
1a50e526023484ca
595d4b1760b788af
e4cbe2804bb330f4
94eddcbe1e861787
0335a423889fbee5
fb56152e01db92db
e1240693ef85ffd4
24e7b6e6591e0454
4fdfe41412c20fba
8f0e952244c9c20b
111c350932da58c6
c8805b1b2a06cdd6
d1ccc34220a7c608
81b3934548a3338d
1d8feaa48f0ac8d2
5cb78f9df94de0dd
02b44a8616533a46
4835bdb63236e4ef
ac77aa110232b1ef
827c6a48fcc39622
e2ce8c5c05ea89b0
ce2274d05bea78e9
77fb05f82b5d87d9
fb5378e9630e219c
d6de0163df1dedd5
7b1f6557095defed
5a84ce7bbdeb00b9
73da2b6d0179776d
495365cb068caba8
ae811e952476ec79
35f2ca49a3f3f0e0
db19449edd7f6a9a
ad9fb7b54786564a
62ede2fe73db2a4b
059dbf5009106bfb
58885f7fcbae7205
af9b8d798a55aebe
4d4dfe14a3484da9
f21dff14d3a39a63
2d351e3f2084310d
4e5f3685fe3c669c
be14d0d2b267dab0
e73e2cad63f40c48
7ae40efd5add7297
e5c0bc641b4b599c
32d2fb8cb1ef3dd0
94a63bb54e1a69ce
11b2c79e463aabf1
c42b3e1ba35ffc2b
7091e9b2f12abea4
1df697b618598df7
2abe2400dda8251a
f8d86f0a524f66bf
9ee113094502c17b
cc37f37eea5be50e
f8a1ee5d4975d38e
68976dd3e1d57a2b
13b804e7b6d5ef89
2c92d4a643d220dd
f2df825ab9c746a7
fb5b88eb2608807a
6aff7190491126f4
4a652e465c84ad3a
3a2f1ae57ef16826
a531167f68ddf0d2
2596f38679922037
1b13d858dc6c8026
c83e6d1834d6550c
d4d8200185dca805
940959b8fd4b983c
2973c554da13e101
ec6932f084abfbc3
2ac4e0025814abfc
513323de1ee37030
33b977e45e16386a
0e21f3c50821b18d
6310d628fb9f02dd
961db7c5f0eabf2e
3a5edec198499a9d
3159dcdbe4937329
ba55e7677ecfc2ac
f8d54b54073127f2
319da02241e9fe90
c29a967d3f31b947
7a54b2dba0d145ff
6ae325614081107d
9b128888c3214614
54c00a3eb7addbba
708cdc42ca8fdaf6
15185fe5e7ddb144
21f4ef2ec6425e44
d402ca71778eef20
beb72221ef26742b
c184ccfbd210b716
d941b542f93ddbfd
0a709e58d408c8a4
9fdca058e9296e81
ba61bdb7d47cd339
f5c5a017c589562e
a57f8ef7cb42eb4a
112169298498da37
35f8c23b61657966
45766a2288fdddee
38ac1f63a3f93808
3ca00f996855a00a
23988f8478247d3b
a51202df5c9b1831
c2acc4176c0ba8ee
67d0ddaac8c0942c
0ba24175745960d8
26da11440f414765
14701eb69403a507
b3ac64d58d718b47
5c5c4f0be2739195
8708ee4949b3f7a7
59906e3c84d41258
900655a35155fd27
860a95bf7a98d5ca
63c8ca8a9dcd9da8
152d40dbe8946de6
7cfd92b947a76f44
26e7aceb360af88e
5bfb1bc01333ed87
9d3afc443f4de33d
479096921ba68938
b58a9f2f94296968
df4ac9fe9ee021b2
da5d0fa54c247f40
cc6513d9675e507c
9c4a23919b6bf412
454644ae8e888c44
0c9d67c773264fd1
7fff96ca93f2a1d5
ace04b9978f10ea2
496bc6e75870695c
8ce0340c71f99cce
255571e89cb5727f
df8be40ee29ec98a
e5ff8e7f58d65080
7bc4b73c13ec3a73
a48dec3327590b9a
c6c1dc6b4f2c3c22
79974778430c6f8b
3d2abf599f444208
3ebded0a079c4b5b
f664791e62af51a7
ac13fa7e1f8ae821
ba1aad4824a60e2a
d97e0129df48873d
35355e4308e7a57a
98d01d8cd7b492ef
630b1ddf7c2d35fa
a051fd04e6e73fe0
aaa1dffa707f6ced
678cd0a252d01b83
cce09a03f78415c8
8c346e8ef5583eae
0e306090f7efb5c7
a971852c1c05f17c
941ce96227e629d5
16640cb60c8f174c
012acf2ca9345500
cf82d9eab23d1e4f
7d8520c35ea988ce
b8d52d0d9757b494
59827e3d01b144b4
e6e48d617ef3f4d1
96f9ee4469c71cc6
2c6e71885dc7d5ca
d55b3d82140da821
d297b9aaf077a326
bd5e739b7ecab959
fecd080d1f04e413
c100f75b90140fad
348e537ae9915561
f0c49f046c8922d6
b03d8931c81d16a3
3ebcd8f9269aa28e
5ce9b7f0cca84518
8f7253868a99ce81
aa5b21f79f00a605
f6d68da146eca71e
a537951a80286c03
0d93baff4c8e1dac
d10eaca1da214521
836677f9e8a6e9e7
a1787c19148ce269
fa783d5ff60a92fa
158dc586c5258416
fcd6600ff85e2a9b
613fd48e79d70152
50879b0218b13857
22e2f69d982fd502
7b0aa5c69311043c
4b9398a5875d6294
23394b4474e90ef4
80870f538ce3c248
58cffeb02c3ee2af
28d8fcc3f232419a
c7406622070551fe
d55dafc7ccc924fc
8c96073309ff76e2
7560d3ebb7dbbd8f
d218e9853189c953
601ce071fccc605c
5f1aaa6c60673653
ec1909a969a7ca5a
ac8ea202d5bfd370
6739f2262ffaa74f
0ae2a7546c291ee2
df56b963cb654706
2bc8313cb5c05d59
5fb5ce8b6a914f51
2ca26c04848d82d5
143ac158f7547e8b
25cc7133b397d50b
eb5a57020392d16a
69bc725e42a53662
05d15502782afc23
31285936619105d6
1f51a61ee10d1a6a
c86e05a4da637a1f
32783358279d15b0
7cef5b6157a25c4e
43b3d85df20508eb
265f5054d3a8b8c2
2bf5f66f022c42e8
2abeb1dce4741508
b0c3ff133e32f72e
9a30a53aec05957d
526cb85219ba841b
e36678934049e8cf
37e8a36a7f430aba
8375a2c4c37c2c72
ce8640c469128e5d
91b85b2da7582679
cc4231e4c53bb489
d7af123723877785
0c575de9b651a00a
b6ef7d2dce2d197b
60152b159e1be47d
41e179dae43170f0
24d098f200610811
834859e04bd07bdd
f2aa728e754594b1
047957df5e99a91e
8326583adaa44ff4
12e8fb18a325bfc3
f084a32c3a0a90e5
f876c2b1c73c897c
a98a033febe7339d
7d614cd138ddfabc
b4a06ef410c19736
eaab4a469d26c543
cad67cb91ec5d30a
bda13032f7949bf9
014899c613bf4dd3
eec8f165f772ea13
dd45a1e8045ce874
a8bb28b9bea43e0b
5933afc0e9480bea
edc04de75db05da0
d1b2ee4518d17cb6
4b5142f05c19d950
a2dd26b9355fab51
5b28196e2701407d
7b73220a02699c97
5d209098db4067ed
f99c69015c7e5a7a
1fdae1ce2f1ce5ae
7c36a993160685b2
677909ca411d3861
27772a763b102ffc
7b6da887ed7b4c7d
bd2de9c6f0e3e657
09b5dcacfc2b4bce
086ab8e960fb5918
479a68206212dd2f
af32952d777b4cc3
40d4f327617cc5c6
1dc9c469dcb1c11f
f6b47b8366fb53fb
2800b7f0a2d472ea
4f8e58d571720114
d97865bd71a92c51
88fbd6f6b027ce14
9f109242bafdd9af
22b65aca7ed9b724
c10dfbf14a13b7d0
133c7196088092c0
9a4cc0bced592f5a
23d262db0e73e082
debc97249b07a007
f9ed48c61a2f5eb1
5cfcb1c7eb538f8d
ed6300419fa9ad89
97dcb3d5b48d9e2b
35cb3d8d1889a967
513d1ddf4cf27896
d6da05735a882a81
b9c7aac2653ea5ec
85c097430a68fadd
57d73843eb769dd6
18515c408a9dd587
2b4d48e069c57c07
07f4950e90bdc8f9
b78882bb32475f1d
855b4882fd5ee5f4
fbb9577647c7a941
e3ede79eaf18580e
bd10ff54b286a2ed
9027f0346d66b29a
82222be81dc565fa
ac2fc7eba38479d7
9a72f451a89fede4
fcd52f81c124eb0d
e8618be836bc5ffb
84c081f0a87fa18b
bf52e0b944c56c62
46379b76f9e4d8a3
f481f27cd0abe43e
e744b74b42acfff0
87fd7a9a3e1927e6
29bafeff2719cbd5
f0b1e2321c7d736c
530231d9a164f423
f9bfba57f72c85d5
ee1ecfa5e06bb6f4
b3f562d6234cf901
d40424419028a244
d590989246be20cf
4931e649798e9ead
964f8be2f973eb77
d0ad485d35f35c50
28247084d2fcc89a
0d2a48f86355920e
b4e67661403280dd
1e7b9ef8c091182a
f6e3c0adc707f8c5
7953a81c84c88344
4ea0fb6551e850e1
c53f4bacc5cdd717
feb7acd65c12d5b7
0210591761952329
883568197dfcc3b0
df957ca3976dffcc
d83eeaf656687be8
04d606865ce374b4
90d84f76aab80590
cab229bb62a0514f
f8e177a5bcd94d33
bfcdb923a851a623
682bbaa61c7ceca3
d8cc34c8cf8bc937
74f6d3845f4cc2f3
2c2ccc116461f54f
6d184e72545f2163
bcf94ac5a697fb69
f1f3dcd33f6c0b2e
e2540e3080fee5b7
411d621f93a9767e
4612be952d776294
45d6611046d4f82b
cb7d1d712c091295
3c96236254f1db52
d035e26db82af08c
3cb9dbaaab6ed4fe
f18401b40ab6c2df
0b6cdeb0af05f0df
2b577e74d1db935a
eadd528b8687a3ed
acbd67c42dd1eedd
b1f28457617745ca
5da09ec0fe7884be
cf2988ea6035ffe5
aa85f061208eba2c
ca387d451031e536
47c413f5c22484e2
b7c1eec278a9e23a
aba3fa8215c56668
f83011ef21260b56
5151049c02386625
9214071da15e3615
80190442e5dbdcc7
04f3561723a65a37
69815fe593f5b140
ccdfb12a89db7cb7
9ba1fc6e13030c4a
7fe7d92e6aaf2a79
a1cd80c6acd3856b
1df837533454ccd6
16006fe2e1b1cee3
be89cfe122bf6fcc
e50c4b1b5388c2f0
176f696a4076623e
9b508b77f8c5e9e5
baf128d293589fa5
41473adfa2b44e58
27127011896bea73
e2163e1d3b0654ab
90867fb34b20bf9f
65b7ab3c0eac92ec
74ac4417d4d42fd4
55115db67cebba9d
1ca146b0bb8ae977
5a3d6f7f93772adb
870783afd063a9b4
9564a1f22055e685
bb71eea21ad3d656
5b46c262f413cd42
1c3de98ec4766581
f38046f532bdd74c
174de10312da265b
e31a9524ba58dabc
7b606119dcc87464
15074c9a81c9b46f
d251148bd67d364c
8164c592f8c4b407
c763c4b62abd1437
cb16cc4579beb2bc
e088bc9bc11ba5d2
97b400f3b80e8631
7e2d995756fc77f5
483489af2e50ba34
a8ba69d04d1f47e4
64503a3b0ff99504
85747b07fe26a93c
6f225afb53928756
3661ffe442e9409c
d28625f29ae4a3f8
c966e37b004e4052
f8f8658b954b58cd
a5536c9633f7413e
1763f738743fa7a5
1ee31967a486a42f
baae44420a24d0e3
97af7f0d634a2a5a
c70ac9dc4348cd97
d50e5366d20d5c00
1ca8c15da0367602
d5df32aff134ca7e
f827c4135a52263e
dbb2d7359272ceea
84949b2b606126a6
d6605c14ed5c4663
8c0a76623175cbd6
13cbdbba1ce4b0a1
724d260dde318327
e1e5f675a6e0604a
7dd424a68838b022
61f9edd0c00c4cb4
e582f7a0519648cc
27a284240463da08
69318c223808da39
c37934d3e751de0d
4ca9b1e80f031ca9
d0309f2b2d83158e
227b8191d2a45e2e
39882aa3e6b54fd8
ed18b6f574f62dfd
fc0cc1b6db10ddb0
724d09e464452aaa
0b32bcffd6ea131c
56731271a2d366c5
9bfc130fbe91af22
fc718e8e7c74897e
06a9b5822e5545be
1df756633faea24b
e386f5a69bc9755a
6d0a2ee0a5b2a8a8
a3296dc70150e0f1
cc7b107a13d8a99a
b6314eb684511c75
d256ddf175e52b39
8889de901a700557
b56bc824e909eac6
5af5ee9018c24be5
6cf8e87021447c59
cd4c1247abfa83c7
8adc9e57d58f35a0
263edf9748254dcc
3c6a8a0d98ed59b5
6d9131445120a578
8341d6877b405f82
b4c3c122b0d0c49d
f276191be9c8a705
05a0bcd8138bf051
3805f0c24fb22977
b47a26b85470fa34
7fe0289b037c652e
032222f910936411
f169f70fc6d07318
154d0c8c061ab7a2
cd41b31da94bb4ea
6a11f29efacf9c63
07d95c9a7a4e081d
5f447718540d7fdf
d6e391ad71a70114
f0383637228624ab
790c3c816e3c5b08
229ebd87f4cca843
196386b31e717025
8b3f1b29790ae9a0
61fdf1f351105a5d
7b6b9b5fcad4d34e
aee4de954728f92e
413c2e250fe5107d
26e005acb59fd744
c851762a241f914a
51e6b2b0dc0ad943
cb90eeac861fd38d
7ae669ea588bb737
5470b49662ed9201
fb9150d855340197
17818c6feb36989e
acb3d8e0f56277bf
d7be25ed14916d57
c6f85e62278c6870
f920a9e6ac1f0cf4
8476c87cb6e20e8e
bf09593f7e0a8c9d
d17f303def32ab7a
6f882e49b2a0350c
bec7d65e90e743c2
366fda77391c9f8c
231e1a83eaab12ce
2ce3ad72b8d1b38e
741130173ea496bc
39d09b5dc66f34d7
dea68168afdb509f
2b4b0801ddc02070
a4d367624e467e52
295d1a4ee40cc8dc
a3e1e04a68e37694
164287fcba9bc29d
802dcf3a465da5b3
9f5f28f4313997d4
bda7557ef68d88dd
8a434b0a1ba0a27d
bb8c7fa42f543b3c
bc6fd2bd30a1ce9c
5108a08e394c2b28
6eb34c18581b908a
42ad79d569f20e75
bd9b99ff7406f1b6
593fe2ec0c7457ea
c5f76699174b857d
4b78a8fb8e3405f2
64a552d25c551d1c
67c3495793964997
e2427cce25912e96
2bc3519b8dfc88d2
a21985b70194bc60
194b27dfb6f5166d
f7264779b136c499
c2d0471a704c7d0e
6a24fbd414e69048
7fbc3306806f6e8b
9a194ad8965970f8
6eaed3b89b9a38af
1691a885ff8abd76
2eb7c26af03e82cd
f5b2a123649184cd
6accdde08a83f85c
26cbe60909265d43
128d65e3a2039060
a0033d024121732a
79e5e02a92284ffa
a71e8515e325a070
4fcd90a028061ccd
36cb1af362e07677
079fd59abce5b591
1f5b315096d775a2
a57c2a0339b24a7e
7fe426dfdfe38b57
f05eaeb3bd2e08bb
c51b1cdc4125f27b
05a2052e8b4cb458
e4471f3730287ef1
3254486d0070b36c
4ff591b56b38be7e
18af7193370a28ac
a2797a97f8d8eea6
3838b9be178960e8
284a477c42e7153e
5375916b825a1e91
51526bfc6f48a168
29c2d65d141d8113
02706a4e30c59071
dd73603f957a42bc
34e7d38e137f8b19
2e98a64d42c3caac
b61bd71cc40cd6aa
f1fd4db23697d285
d3628a4bdff43fa4
d4ded5e36cf60613
bbd81d7353553b94
4d7fed1fdedc411a
7477cb3ea46558ad
5d30c43aef54f273
a4a4d1cc9f9d8465
0019e08e5dda7a54
1d88b3e8bae82e73
246a3f38ca3d5f7d
95432104fa3a9436
24411623bbc3d87a
4ff2fe366120cbcc
344b82bf5fc9060f
1f7fdf493c0e6ab9
83b80bef88977eb0
26447896ac502e25
347807879ecb0f1c
bb3b4b788ad0701f
8241bdbd4ba261fd
dd2c65e63cac250a
4822b7e2d3b332d7
3671d14460689323
2f5204b37a42492f
5e5ac8ef31b46826
8ac5e91521823264
b84aa18fbcd3fbec
bf1e095ef74b2970
e1db69e9793585b0
a97f4c11bb4785f2
ec7efc061c8d45be
b497a888aabaa0d2
cee675e63c7c9e8f
4fd14cfc363d2c6f
ccd309402120e54d
600d209e78205141
b3b561587c41e94c
3cf0c8c2e89928ba
c40354019d347b7c
2c4653d653c0e4cd
4dc88d8c6c220219
9faafa3f525d2284
212e6bc3f568dc8b
daf90f94e18f2ecd
a8bba9993c924648
0cb04f74fc538cbd
7c402a543aab23f3
08fe64a0e53a7cd5
64d27cf2bc3b0f85
6a2a4943e058846a
41d408036604e957
ab56ad5c56d8309a
a518d75520a8bc1c
875f94921136170a
174fc49364587cdb
7c058e27165496d8
d22203828ec8d842
e3be5aa0ed4eaf54
af1f799785b14c67
7a68629ec65bfb33
6eb6f42c029f9e56
ff7bf0c6180cc800
3d05316e04b20895
a27b1757b7c93d73
558231115fc73b54
82cdcab1b706ead6
a2ce6fcbe9aa993e
6892c6ada6e25a82
98ac803e058d2a42
36120491bad491b3
00bf3cea92932ecf
2b4d81863b0e2b0a
88e2647ce9287024
6c3cf9acc6b83d3c
643d0583557c3b39
1af50ada9b072f79
96aa5de81df83bd4
61bcd53636da4b78
595410188307e355
9eb406eb8a30d2c1
c8243f74b04be04b
75f63b57699cab9e
60c722893ff9e986
e2df8fc6c700a2ba
1106b12adc1b93ad
9361f370e7c6be22
eda4b50d450fd0e8
a5f5c7ee902bb4d3
868aa2091fe7f80c
8a649ac0a1e05e1a
f5acae1521abaceb
e3df672a04050da0
466b38785963e7d8
45522aa6b445d538
387821f9ea788670
d2850ba009147534
afb493594ea90300
501e25fd3eee2680
2b5a14907908a5f1
b54fe58e13ec4f0c
702edd713f59cab8
b4e0093c8ec9365b
b2430afedc88afa3
ebbab86849fbedd9
7dd16057097ee2c0
64cee7e668cb38f9
07752a63cd46ac8c
8a641a0bdf419d44
e0f745c812a45756
73510b4b06c2ace8
58fb3c01493b7568
9a15ff0903337248
b66650a001104676
89461243e46d65c6
02dda7c77f17ae62
1a4d0d370b547572
626156769c8caef1
7a31d1135d9af3b0
47fb1f5e8147aa13
aa0e1da145c1d105
fcb0b4bd5c3188e2
136158b4340d7f74
bbd0376201e9f472
9280f01b3b8014b3
196bf0a6fcbad835
b40fa7508335c683
1b8f724f052fe862
09ee09cf01089c68
62eb5cba4c8e51a1
6c03466268ff0832
370cdc081385480d
0dd90efceb6a095a
7f4187ffa348da07
018db9ff1822ec86
d1c4fbcc3d6391f8
0604e8013b10a6ca
efca77f8466066f5
c96c90d528bdee67
48fee349ae6564c6
7649112b0907c009
075439e1d346f192
67c31f095b29860a
625d36e9f497cf24
c5d7512dd951af24
47048e600c6e6902
836038f7857e9ece
6834d14af976d841
ca886fba4f4c8f4a
a445726ce3343b6a
bdd05163815260ba
8b2b6f4475475cf8
a480ac9932c44e8b
4675881542ae8cc0
e6f8e797b68894cd
e98f52df077925cd
9174ba4ee40fe7eb
07309501831faf90
f4eb91c37c3945ce
2baf945efd293e98
e4361229a31cd472
44bc5f5c0d972f57
d9c263d1cf80dcc1
526252101f311c8a
3fb44212861b2e88
5fb479d99e6decec
67429e3f26da7a1b
59d51b543da39190
b10951464ba8ca17
a644c8b51dcf313f
fa525a47c23c815f
3ff2bba55aba4a54
a34ab12a7291a873
0cb8e27239a3db94
41aa69d0bb4a0459
d4461ca7fc7ebf36
240f040b356abcc8
f1b083028d037441
9e5238bd25d8a18c
8f46a6eb3c1e3073
9f7abac320ab75cd
1f5921b5dc87d1e5
6f46c7e2e2678d71
f2f6c6bfef66259f
0b7204be4c96b859
1f9e79b8a1ad2bc9
5316a840b0265e84
6ec83707c602e9f6
2c55fd8d51c1e59b
f99df4269096542f
08b3654de9a7e819
83e1d83529762404
3168911b918d091f
c804d90076b573c3
df30d15f18015b81
d2fde9522c7544cd
62dc1b0ccf703e28
3745c0dadc661aae
ece6c679f5ece7a4
cc7999b56ac174e0
ec384054a6ecc14b
98d5181cd5356584
263402c21fc2ae2d
f6b39ae01dc7c80a
3ed4ac546d40776f
ca586279c6ec1228
a36cc51938222b91
95c7455522d89648
2d1e0173ad12e301
88778397ce74382d
20caedc9641b8e78
fb4e3a31eebbecd7
fbeb77cf4b590331
6650d4ca803b53c1
7ca536ed62811a3d
09b19bdf3e2396b8
08e07c4e74380d7d
1718755e7f6125d5
443ee34b8f9af93f
646d2e4396a3db1f
fd3dcde360a6e68c
bb9dd6717f268eae
9d858c9b60d0800e
3d27ca72aab64323
9891710ece1321dd
39d4a62670636100
a9450c59999e4f69
d9df99d286f82fd5
138d9115b4c1b777
67700437d740f1ec
22e28ab7599516a7
3f846071dda69f96
b38e17e2d6794b95
75bcef6f12d80a8c
7ee30ad28e9ee9d3
62f08301b76ba3e3
7b1415ea68a0090d
9af5545406b71c71
7ec626063c79af30
e1428ad0298ced14
337ea0712c2d08e7
4b8295a0091a7646
37671cf41b32ee71
000fcc6879ac1606
d2d11d8dfa34776d
8c7e1e8afd9c1ae3
266088a0f0bb2ba8
6c81708a0e981cfe
b62ea155b5d45374
c1e846aefcffd12e
627751672fc9ca1b
6ec197213a6e62a0
82bd2ce8fbc23078
9553db3eb4425aaf
1f7e5f6969d1cf64
628d342f9ebeaa9b
cf7684ac8fecf5c7
deec81796fb2230c
bca39d7efc7b3418
08444820d597aebe
bde674a04de9ad02
d0c5afaed2e62a06
d84c9477d80eab5a
3007f8759a72bfd1
4046abb7b37ea30f
3f5e4adaf4018794
e79c8af88de8bc61
1cafb59867500e15
eccbcf81d8e2ac1c
ea48c4963c29eb53
2b4956afab31abb7
9092afb95277ab39
787f375eec507460
1f2de50a193e07a4
9cbadb0dcd62d88a
76644fcb50927225
b2d54e374c544c2a
636550dd5dec9ed9
fe4d829a78adbc9b
c5737cada0ab159b
2259f9179689e10e
90bc4f17332a9558
a7d493578e3f27f5
db8e48335b9011d9
53923489f9c57b47
85dfba8a1fe499cf
35fb81a621477720
450498fd88addfec
76b12ebef5b441a1
dea55e8a0d7d391e
d5d8f20b84ac9cce
b8ab47a77bdfa6b6
8d7a6888113e7eb7
76b0edf3dec2966c
430271dda4742abf
053080728950185e
1fb7964b3b2fed91
1652926bb5939b2e
f1fe2260c9ab094d
7c3a7eb3b32085da
9794b447067f4d2d
2bb491bb61ce7558
7c7c9d718dc5ba77
76844d70b17292d5
c8103ee6d3dded4e
d78c8e70ef136850
28b399c62c4f16b6
ea32cf8ef4fee435
5ec21e295f30f6a8
60a0828e02b44ac7
0c357a2d3b72219b
38c63bc84e7f0c76
4d8e34061ad0f133
352a1793a0e87735
276a13a78bf622e7
b9efc85396a9b884
8569b2e3a8cb97c1
9ecbb15ee84ee726
f47dca4307aaed1d
6f48b8d327453f81
3890c2c4e4f5fc89
5c7a975a688bd242
b625370d16ba5cff
53be7cb4e44252e2
b17d2c60e1da3468
0cf1c650d3c93d86
2ef9b2eddaf686cb
9e70e3b5691b624b
f6af9df7dc9628f2
130eb0c122c13e38
9e3994ac105eb84f
bf220b5881e5bafc
fc0acb8cc5368c57
62aebd3c81d869fd
88471dc5c4090668
913325009b543df8
433f9f942f0a8da1
1d97a3b25a9a9a12
6eca5d5d0430f525
35abab7cdf6e9c09
bcc18ce1ecced366
464cd19229319620
945789eaa3086d3d
eecdb53203fd0666
94a8f962ac5a872a
b7113c1a03ecd2b2
ca6927ebfa3bc3eb
65d32c6db1e02394
be57d2f3fb07f8df
9341801afcfc3025
90c6eaf06ee34bd3
14ed1a31b8e9b5d6
57365eabacab2cf4
0ae547773caa025e
ab2b0300ad508e07
642b03d95d2e31a3
ceff20f9d3ac6083
1dc3a4b3208aa712
d8595cf801052b31
756c819c38daf0e1
6c35e5232d7d2fc2
5982eaa1038879af
cb8bc3f134d4f945
c0e67804a8aed5d4
5c651f1a6350df6e
06a46ad47ec0a3de
5f052f7f369e2635
9e8db71de7403a92
1daef8734d2b5fdb
0794c5d51d94ee94
1621b763ffdde817
d959204c4eb3d022
a087454fdfe34391
e40b743568d2c180
fc50a5acd6393a57
2a03be0d40e60f91
83592ee6135ef120
4952c42fad88c0ca
9acdb02919baa531
db17efa29a6bd32c
20ffdde4cd6df84d
1971ddafc83415c9
2e2d152a50cf3eb8
7bcd1ab7020efa7f
865fc572de760c79
0e7c49350af90a71
5f6d0111aeb38ba8
ebc78879bd84eee0
c172485a5263fae3
93f37046bd8b22ed
a45c9f28acda6c4b
29f87c049735782d
6f5dd23e06f8c85b
2a724a594f68d65d
862ce075b78f759d
1104db6336819841
2b3771ceec77196a
2b589018e45fce49
0cc48aecf0439a67
10b7b9991aee6f6e
6fe37f43f8285908
497a7996fe8e5117
6635771917a6d3c0
f8a245ae21072f4b
8b24eddb608d2d6c
24100752b1f978ae
01d2720764e00f8c
16781b09a9427426
4ac2e3683b9424b5
bcabbe2d9853f730
7d8e14b3abde860e
f59a168241db2380
1aee9eddd8b4cb2c
3017f91a72870b23
25b0cb6e6f7b10b4
4bfe80c6ff87c1f6
9e0ab474b2aeac5e
2f713ced6ec598e0
5de8ae49ce5e1dec
948ed943413b6fac
aae651b47fdd2f06
a82164185d0eb8d8
e3f74550991c3e1e
7e500be92c418dc0
cd4253c55ff6e9ca
560c2f9c526f7786
41621dd78c6e3c96
94c6c3938d275839
32dedb8e660e6e12
cd2b4e7c9f079ba5
afd165fc3e940f50
e36d0a036c8b5c32
4c8f4476bc3e2742
9f949e767b0d1792
4461cd73349d33d0
ba6747ef0316f78b
7fe8eef57a87cca3
0ea4bccb11441dda
0cfa8db72c381d94
8fed222a7fa8d032
7f4b4744e6baaeff
3f82c83693ce804a
bed2bed017b82bab
8f8d03c689f2cc5d
9e1390bbcf9e43b3
f2b9a4d73b6e9048
afa79c39032fbb6c
ed20bb8f3945995f
2c97650e2ded4a37
41912b3931a4d825
4e35369a87942c16
bcc6daa0fcf2f8cb
41da9dcef058675b
205c7c890ccad4fb
6ace37d9786a4653
a1f7381bf0cf2e66
c82918df9f4ec003
9c166d001792a880
94ccc49dfed579bd
573f2b3b033b8e1f
a851551abce01887
6ee46de395986879
557fd75b8067c476
edb683cf3801b4cd
c0891fbaef3a1e09
0747e6b0b0753066
be5b10cc406bc0f2
1c7d6357f0940dcd
c5bf96ce0a243ac0
1a5325d8fba9e940
d966695ad8f3147f
945fbeeace1cca16
82bdac64562c7c55
222b3e49452bc494
e048d34cd479f520
055569fd3cb258a8
8b059b955f9b906d
25c60188744d4b7c
821e501c3c5e6f2c
405c3cbb7d941695
9332f77ba5b8d202
9485cb336ecf43c9
43a1f6149fb50e85
660716940e17c98d
503f2a8be4719a96
4ec420b6e66e460e
200ff2d120e31da2
269fcfabcebdb847
c5d7f7d97dd8d6ca
f0ffd6bd688060cd
f0801a8d8ccc535f
039c407bc315a597
3dfe9eff39bfe226
a91c9320c1ef04ab
a4f6d204798b527d
f464c84bac42de3b
cebc244a57912270
440369330187612d
33f105da1092d012
f0d94034fec6375e
fda61367ff960d8f
15faacea7d9ab894
66bd09738155b0f4
b5d3c53a9a4499b6
10f87eb4ae56a631
2ce328406ffbbfac
23a1be2e5e8c9c1f
c5c23f77c4b5a761
f88796a2e0b60a9a
693c72e7fe18280e
c43c2038098384d6
6fe3a56b3c8225a8
dd5992d104f87aad
886932df5337875a
b7c5c9b9d17bd47a
00befad3ce3c9ed5
8ff07a75283d2791
b473ae464f246d29
b19c2e5b5bf3d199
448c9dff0bb4455b
2874217a1e25130a
20e794c447da8e00
5f78a21966fe50ee
b03994aec590f5fe
7669f27dbeee56d5
18250396a0eea7e0
db33c165a4177716
dbe59592f38dc356
8f184d94baf13fe7
33017bb0a50ee3bb
8294f06f174ab56d
7e71e71199135e02
66364316808888ed
beb51a3423582296
09667a542aba898a
9a5ef6f430e5fbb8
3e3f264b21324298
aedd866ff19daacb
41a424d0db6fed66
35369accee996fb6
7ac165c26ee6e514
af4e871f6406d725
4401a4bd7dc726e0
8cc3bb4be5359152
69ae7bf8ec622faf
2e03e07f481349eb
c064ab5f04ac090d
93d2e1fec5dd3699
d0ca18827f6ba884
87f5e2668a605588
a30b9658f3276f63
25f70f490b61f656
d87ffae6a308cad2
4e68e7feacbeae8f
186577772642424e
136e197644e22b02
f6c7152baa7a1704
f0737607418da3b8
0c53a730c37e6482
a969da0340d00e5a
e420bbdbc30ba8d3
381c9d722256e82e
80b4eb90786de0eb
41d168c1b5bdb22c
4221f15f2ff56040
cd9e4ea115d22e9c
d606a106690f46f7
9ec7529df6c82220
7dc6a7ce71007ddd
024babb32274c164
f9b918a226944f26
e5ce2dd9b81a946d
1fe670803de8344a
7eb0b6039920b5c8
4a05c434f59653e8
be2a4cbdec3d9609
7904637ce409e71a
37428fb870038ee4
30e7360ba505eecf
8d6ec3b05a7e6772
85a7f5b4ff28a607
ef8c7d37e42c3b16
eb68b09a9a3e97d9
ecdbcb82b362d2ed
fa160efaa7268310
88f68834b47d9981
ea5bbd79c878710e
1e8d80cdd1fd22d2
d6b87d8ca7d0bb0c
8f211fc9f7a4ff91
953925aa851eb355
ef555337cca87478
ca8c06081ca4ec83
206a50aed0ba1fb2
97e3d8155dd41ba0
21b5f96e301e8bd3
7f2b96050c569e46
7e451a7252d86611
a9d26258428a892c
026e5a7f6c6bee37
2971f52618558c44
b32b9ef575cb6aaf
5e8ef7a7c0d82ded
3070eb1261b7b35e
5c405e91579261ac
3980929741cf2982
f5246fc4f7c1a6b8
c5abe33bf33fce00
1e1d4ec66f2cd361
949dd2b562034a95
b72f67cdd5260000
af7145ab745da851
53a2de3d5453de84
1f709ef6019d535c
1be582e183940f68
3016fa7526d7ca9a
2424f0c9872aaee7
02802b2a64322368
5dc157eff42a4e90
92bef5a7486b2dfc
7534da748768421e
9d717647dda2312e
887e3a9dbf8493a0
c3fa3f5c94764c47
a80ae392fd9051c1
ef5cd2cf588e870c
4b135949722fa1fd
42d75fb07bf7005c
8a8c78bf1f040243
df3c6669744a3b41
8ba0c2f0fff1dec8
add2677d4f44e78c
995fc6ad861163e0
5b74c0dc2a4a85e5
558a9e76e6a1c322
9174111feea8b0d0
78c162e13fa512b0
4ae5f83e8763e410
0b08ddaf5bbeca85
9aed9714a765c284
4f4cb4c3704dad7e
707b9bcc4c7621a4
3394256f8a8f01bb
3c67817ca980e6a5
1cd1ee8464d39c1f
a2064cc12c1491e4
95584bed4ee707b2
dbe85337762c4eb9
eaf0803c51390fa1
5fe73da114b5c3c3
fa09600cfd789f5e
32c42aba572b4332
cdab268856e27c9f
328dde214264c20d
306e214cec695796
bfd3cd4bf6e81cd9
60997dd63ac30e00
2b5e4cd85ae54a84
dffaf736acac0d61
6adf746476e12b2a
d8e87e0868a38e9e
56b15f43cc87edca
0b56a3a6d358462d
d2d0c1babb4a1935
d645844c587737ce
fb5738a8f4b58866
c2266d528a3802ff
6f77c006bcf61775
ac7893725f935a1f
5b4cdc7296170c19
ce4b2019ebd54856
bb64934721c08903
986db6b7ca3374a3
a6f5950f4073916e
72f300bcbb005439
18087d6cd07bea09
c697eaa14adb056f
9fca74b34bd3791f
f28b84c6606aa7ab
7e9e7945d8e12996
a1acf520bc734428
6ee3962b3f56fc95
d85fb2e0455ec964
4cc5f873b5c03a94
4311cdfa57b16d0e
0516a966e8031c7b
960624e26601c9fa
df70765cb8484aa4
fa9338faabb58a74
4436b237641f1e4a
6b98e20575e65440
4cd8d58d561eeb9b
5d7145af41dce02e
8e788b8af07d8e08
38ccc8164b15c12c
e136c30c82a692d6
a1e1537354d515b1
d972bc3b617a09cb
b5f5802fd1ef5301
303c8213589da18c
7e06ffb9037fc6e8
26af5614a80f6698
cc3cf8417d834884
02e14573c31bd2ec
a891db71a4303d51
701b547338695202
c1a5643e85a2f24a
9d6a69c5808ae64e
c8f72bf6d0193efe
10ce9189817a0578
93a2402cc7343dd3
a68068b6e46d1023
b1d8f945dc840467
f5714a833c732131
fe03232977e18506
7b8226d921e952bb
c120f67c04d739e0
2a6f485c751eb224
3ce302468a0df430
6e09c7eebbe35d7a
257b1fc87adbb542
0c5c81bdca28a506
5c2f7779906aa25c
d9696b25b9d8cae7
a49f7232c509a81a
d0f136be6ba2b8ec
cde1e884afd9a48d
9668686ddb80a9ab
ab81505b646d9ffa
77f91807cf4cba97
1d93a57d492013b2
c37c79b4ca0bead6
41d82e5e07610bf9
d9d74d24ead5ef33
721abae65cd091ab
00ab4cf2106db82d
793dca03cd72e31b
c4e13e678068503b
042c4a2d94b6efed
fda66d889a39bc9b
4d750c95aa98fbda
e6f34a90a1c4c5e2
34daa22602fe8b22
a4e841f575cdbfa8
9f308834d864a86c
00cdb8343996ed4b
1e8cbb6c779d7f71
303bea23c1f43fcf
320f4f5e3a94890b
60b2bb8a8314d5b6
17bd044bbeee53de
2c8e578dfec8e048
db861553e1efae25
a55bd6d388fad7a2
c7755252efff6f92
51e4a7152da21f1d
192e681278f1f369
674feb3292d3f0b0
7de66e23e566f7ca
124dcf7bcc95e4f0
791937fcdea13fa1
14081dd20f43e1d8
9bc16b9e4566c5c4
c1427152b4c6a673
7e0d77b3bdb54614
677ba45364ad24f0
5a73d4c9d64d2d04
434ea3349aa82984
88e256375302c7da
1a6c6688a6b0e980
3169b1e71eeff129
88ae361cbae9000b
26daf4520d62f541
f9f9cb96103e3a6b
d3f89711f46265ff
1c2725a2aef9c30e
286b0905f341ec00
f26828909384a34f
4aded8387bf555f5
9609ed0524be27b1
fc6f0e9fd2f83028
8bc5b1f4b3bdd6a7
c95ab9995d59daa0
6694b02a79c4e731
0b49d501cb30ba89
a2f6bcc5edb3bc88
c106322b2cba1532
cd4f05f2bf746138
436c1a343b8b97e7
01b5f61f540db508
68dda768275f7262
077f7d289f9c5751
fb829571b0e61e96
dbee37d91d0e3512
dbcd466dab33b2d2
9ef7a1c4a8f6dc69
2f228705b9cdd571
87821034b83f519e
cc528c7665c01a9a
ca8c74c81bffb7d9
656c48fe3825f8be
e1423c53795aa549
576feb9740ce513d
753446ca7be16d25
54184575c5ca372d
4badc68ac3d30dce
e1a3b6949115b3f5
291a6b7a552c8957
8af8d81bfe6e50e2
00e46e9f2ffd424c
56f4388789479a49
fcbcfcba12f8d2ee
cb6f33775a85ff18
f3cc2aa8940fec4a
421f4209508ea369
0c9341862348c2e3
1200f1e31479429b
effe3743111e8828
507431f812c32a9c
e6c1be40716abe5e
176acef98b245f39
04a0e4362576a63c
54ffb57c82f65c00
a72fb73dc2bd4692
903304aba9df1211
e560721be8289c43
62f2bada6a82ba4f
d8b899eee1efbe66
4ca19613523dcb1a
fd4d03a3449c3042
77ba02e114b39dd8
6f98889b596adb85
023c2b42d1db5659
0b22c6efc32f3fdb
4da82990466e69ac
91f9840fca7b01fb
0dfd79a1029db5cc
1912e51ff8f3b403
0cc587ba17c8086c
fb9e2d3d15de5cd3
621ada82dea6dfd5
4d69ce69bbfbf2ca
8f8f00f8911797fa
0ce9dfd2dff2abed
31234f905b7dd689
40685d62d363eb32
98f1d01edbf9a332
12f644494f485b0e
0eae20a4e1c4cc45
9b505e4162c25c22
e760a7238f299bb8
15d2198bae5e04e4
a4504b81e9b0789b
a75a77d170fdc085
a13b178d2b4e1c72
2b8c8bd0d5d50cab
797ee1984572bc3f
29a5430f16bc51ca
e377365819f97801
b9e73bfeb3a12e6b
85e190d8199575db
2f02a0291df4eb3a
37109cdaf2dc2b88
baf35bf70292b8e2
481f1c2a1b4fa095
a510dceccc7a5787
593e7fbce1b73827
2c0eb06842835285
ecfd6894d084e0c5
45f7bb02d12df204
1abbd13475c4207a
9ded636ce26785e3
1a58d8bcfa499096
bbba0335d9f4152c
8dc62fe8a19f4630
6c272741110313b3
e7a148a17b26784b
9b6028612182f5ec
b5db2a77df38134b
239848b5b09cbd9c
423a4f9bb5ac745b
461cea09cc384541
65688ba5f9db037f
1065558b51bdde08
fd21a5c52cf62171
4109e0994b0b54a9
4fcac56ee2e6f24f
d335220eb9c81504
77e9f2166477b2d3
b0684a7da161cdea
b642e7c1a9cb9698
76c4947274bc39a6
bb55836f6d14c007
8709f9174b9b81b2
dd9b89eb97bf3665
e78f7c3c284932d0
52984f833cbb7f96
eb220625bf251f2d
e47fba6f586d5496
ed65a2e779850a35
e7b433f2bfef7510
69ed73945cc8f4fe
793069e4d71871cc
4128f482379ccdf8
3264890e29d14d7c
3fa2f3e69b99480c
cf67e5c8e32d1cee
60c6d9144a35529c
e23d68c08453899e
da5efdf348c68f33
c054a59580a20b48
2d2d621905f4bb09
7280ed99707f7b58
433dc91b5cb884a6
5be46b047f6d4fe1
9b9aeb119a72ed89
aca0925526f1cefa
fe6d94844e622180
d5563e2bc5c9d624
0854a65d817cb601
5e8f6b87dca31ccf
c5a097732102e79e
b38e668707b73c48
bcf2c710fba842a7
a0b3a6f00f8b6cc8
4f0250ad45b6604d
5f912012631c399d
187de30a5445f0fd
b677b8dde4eddc01
f762cbc836fd92c7
899510d83b074ff8
09831bc0f8b56873
e37b9ca15ce28baa
90a1b5867f51d67f
25a818552fdbfdad
37b4ebcf0851bc00
fbc9e7d7c6be38b1
f39af1c0ec4f3a0b
c4983aceab60dc83
ceec9ed59ee9ab10
3bcc76dfc6ca1d73
f9a0c6756886cc19
80bebb8ec19f8c1e
ac9d4965b82d7d2e
2a912e33dfa9709c
c8d788ff548d4720
03e3ba19a9cfcbcb
797d80ec12f7eb58
3800545fca424d1a
a4e964ead221c328
95e61dfd101808fe
f887983c059d87ff
d77d8c0a04eb96f5
6248c10de17d5d2d
feba07c9b98e207c
7d59fa7c067b0a09
aa9eafe3d7165272
867d2c3ca5a05395
8b137d2fa2568a87
97d0d438f4fcd998
804920b61ec3df45
e5afee492a1c872b
1a07d010007264d5
953b6d8f1dce0731
7e22216bc4652fcb
b85881044eaef67d
8a10aee060670c6d
d729aaed7556f3df
3ac5471150f5a80c
2fc3e96a3eae569c
ac3bd415b01abde5
6536fe221fc65ee4
10d09d5e9f920d28
7f0f2205b3cd47c0
ba61bbe74c890258
199c4769b0286166
8eb8f3dddc8ea513
450f4b9d1f58c8af
e358964221035c29
886d0e65497cdc75
1d712e44106b1d52
c96ec2c02358d2d4
50b13bf4e567b778
7d43182749aafb03
82c4283c4a88bdc8
9fc589986fe4c2c6
ba9c538c7296c7bb
9c8d2b66e85c40e5
e1c5a8bfadb2f9a0
1bf6ca4476349b6a
d8958a1cd1645243
51ef732f0ffdd39c
8922d8aae0ee35e3
aeab398088617341
c7c42ebd69eb0b3c
8019474d99921bd2
cbfb37ed57b81162
82fd23e82ce935f1
702a1ee9d3943992
950a71d5138b8fa2
510ab54dfc87bf70
8d97d5cc16e753aa
2ce67fa0d857ccfb
8bed5cbefa2f8d32
2c183071a6da8a66
7f8b77f830330afd
de4df16808024f7c
9496b65aff39bf02
bf9f84d817c0a97e
b938d68d45a222cd
843d212cea7ed547
e08f698e0b66afe2
b379ea15dd019e11
10ffdff921411b96
fdee52453c6daa3e
1ba6d011f39a29cf
b7f0a26dd13dc3e8
c3a8f5d61a525fd5
287dea0dfc4d4afd
371ec73afa1d5646
af9a9d26ad38e039
a3ae101c632601d6
23978527c560eb3b
7c0c7be644ac3cf9
216a67bf9f629af8
347b3c62fbc9ff26
cbc2e3a9c8ab943b
5c70dc07976d23f1
2c95bd7fb145f02a
9ffcfd6dc1e95006
41eaf05f4317c13b
2a6a2e66801782d0
8fddd82c0d0d2ec9
b6e1990204f04b90
788a2a1fa7e2970e
367ce0e6dfeeb295
1ff08513c927df14
618782539d55c60a
fa7ac32403233772
2945e51066e245c4
2fbc3d8b0d681bb5
e99e086c46650b41
8d480ced1cc18432
b6a877c11e199302
10eb0726ac1ed881
048a8a9d93c3d9d3
d8fc56beac44cce2
80afb08f4e75e9bd
2517aa2746d4b81f
57fb59291a8a599c
dc088ae88b7a59fb
c055f407ced4bd08
0bcc0d3084903c2e
1658d6b283884491
52927ab0b5fa7d8a
deefa460fb527c4d
7d7651332ca319f7
62f04f14993bf14a
ca19252289a0ffff
97a4fd93f339fcde
b653930e17574398
61e5e43c59a84458
1537c238fa57da85
631aa99311428116
313a8d41abc5698f
d6e32e2d045f4ee2
41b05b15045e5638
33bbc9c004a59a7e
243929db32ab4c70
9bff7fa8d88e48a2
f83cdd216797b05e
5049c1e8e5dae42c
fd6529d8c7ac7660
21d8177749115323
66bdde0a5e99c5a2
fb980407a24dac3c
1a668b89af04add8
5453c72e78890e20
b362807fccc92e50
e2cbdb8961c807e2
feefaccc0c78da8f
00d373a677f1f97e
c04cf02819710b39
89e3b60a86a92373
ebd9f9d4fcd7589c
f69ea9d831527c84
cdfef92754c9043b
73351ff3e5ebf726
d164bff1bbb6af00
028e59331a16a795
2306c9cf73366a98
def8f33cb6a8a6cb
d35c2179962e9613
09c6c9becf687d7f
fe0783f4c5aea1c8
ed349a083dfd0260
df7503d696647f95
b528b925c374c59e
7e79000936ed4ffd
7be96029f8779ce9
0248b1ca7857526c
8d9559154c9fec40
327c84a1c84be136
3b9fa5818631fcd0
a2b185774a093d47
3022d37b8a4322fc
21cfcec60c079533
b5ff570e1b9a5624
b2a7127a76d3bc1f
dac3e4a599ea0183
ff82e123c74f663a
dbfae28dafae8199
c4084106fda10771
b277f1ed2ecd4d93
1fd16bde6cc3d8d2
12cdc2da2733be18
ec35905798f83f13
503d94e51b825285
42ddc5b3f1e99b20
1860af408be11378
ee9ae34e8ec16c90
aa2eb43d5a46a61c
c2f5792bde130804
3c9f983a6100aa86
db530b7e9cefbc5b
6892f314ba3603b0
051671780cc99cb7
7197d7258551f562
b2713bea50d30d3f
69a505d12621d96c
21d418f4ce431237
a4bdc39686684c91
154a67d3e56824f8
7473397b40490fdf
2d4fa69a5beeae39
f6b2636eb6bfded1
e81e3c196925fc59
1c9af8836f3b9545
22af476a51371048
45fb236eb3431469
3c4a98b9c9ccd168
924a9efcbb1887f7
86fbe287dd947b8d
d19c05821807b2ba
e83c7f26553fa2f0
b239714f123d3025
4d1516c5dcfe360a
7eaacf09dc251ede
a6adb2107f841fd9
5cad4f32d2ea7b20
a9d3a447e4b93fb8
53fb07b37f3934ba
f0e2ba339c2a2a39
8324eb0ddb519a01
b33be3fa5de0129b
5bedef9f1e585796
a87a22b2bfa23544
b013b206df443d70
5af6996278a0b6d0
24d6f66838325c2f
9f4ee1be685bb7f3
54dba7d9d035ee4d
baa7924170638f56
b71c30cc486b4c6f
c44bb91b8b55e8e2
07c5e2b6b0739233
250a84f7adb51b52
30808b93cbae3965
4709682bdb4a0bab
f2878c2b2b63f67c
cedfdf11fbcb17db
fe515abec1562773
fa7f6d47d0fc0d38
4e05360648a9a7ce
aeec6942bd666fbe
76c0d64e6f194bf2
ae9d6a0e0bc9ad3a
e351f94821c11ae5
82be3875f8811b33
5353a2a2f2d5e90c
f2adfce2a645103b
bf86d30bc1072953
67022ab6be68a78a
9fed28acdffe386a
70037ef7eb3f9966
4bde0e6287b229d0
aed9bab585e43ac4
7a5c584d5dfe5b75
5ec874b8f63e9318
0c899484eabb79e6
0b70df16f9a3c16f
4141d02081369fd8
af5fa8184510f426
dcb95fda94e26dc2
747db871e5b4c085
a3da73a575bc72b2
10f45efdd7dd5dea
262e6d5d93b2a0ee
b1b4d465c463745a
8633aac520aa1bc0
0132f10177ecd62e
bdf4221d7e75f633
082464f313e18ab7
939f643238e1828f
dabe8599a1a09207
3aa1e45a9dd79e02
30b8629429ffe6d3
bab31a48b6b10e03
a5220bd73826db98
375a76fbbb6c76db
28a2568a919f27d3
df3d7a7187dfc31d
a0d9f60a65a78577
00c7cea672f8c99d
bfadf3148109688b
f3f3d1881ca1dd81
9dd23a4804bb1b61
995fef89e794fde9
bb7507116610eaa8
35df1984b7b1cec3
3168a6e07a473a27
969a83bc333ce445
abc7b8b595d612e7
bc58d9c4254d23cb
657e849d26f3a5e1
d7e3340aa9a78993
fedb57ee411f4da1
264afdec9d8f8223
60eeb3112d5c079a
e5450847d82afb5c
d32a61dfc9eba86b
4a9a604a9ce7ca86
c41c8708b7ac2822
fa2142cafa3bd2ff
d42f639ee839aa64
9d54b74fe4e39c09
bea83bcdf8caa845
942ddaa2f78acafe
bc5d562c145ca1ac
eb9fa48934e3cf8e
a778d9bdfe5d21ec
895a16b58d8ce3f4
63a86848f36032ce
00b952b94886f367
dacd99b0da94f849
2ade2df9573ac2f1
df287600654e68eb
28a801175e2a580e
b12b4eccb26cac19
1e11e6bdfac40ca3
ed8817a9408ac685
286e3bca85f47883
9410dc98fd6fa3bf
3088d8a2d47b348e
b40930d97ac0c3a6
ef02fbd79430da94
482c3dfc3fcb1550
73a85f77b357ed99
1d18386815d05836
1bdd37e2e22ad1b5
369948e9dd116441
a57171d9f7bec951
24e39b07db918466
665e22c3acb9ba67
5e6c2953f90cbf52
0c0fe3dc3918b676
bbd04d70e5d06c47
ce07e96ff53d124f
407cae9e52f85d43
50389791babdaed7
1e18e2fc4baeeb07
5930e925a9be12d6
3504e8b0c1d508e9
abd481c65b93b689
b262089ec8025e6f
5b569a793a7c051f
c90317a5dd60f715
28db24a2b81097f6
2172c89a24fc3a4a
037b0a28d331eb25
831e83530d497066
8f7a3a51a2271f3b
e047d4adcbb09417
653f077e5ae637ad
d92dfd8f86b64bea
a7d19c6f3d0992df
522e9b02533b6272
7e88753c5bd530c5
3a5c5b671bb5ae9d
46162c7c29aa1eff
cd221c4681728a61
250b7eaa32c6f78d
9ab393726c6cbf65
8f1eed49704af18b
88fa19f1a30f8d87
e6d008946c596080
11884bca1a9edd34
304ef413b05e4326
cbf70b4ce9758173
a2f43497a5cdd603
5de30584ec955744
027f807f0003047f
7f027f7f02030280
fffe7ffe8004807f
80807f02feff7ffd
027ffd0080808003
7ffc80800202ff80
027f80047f04ff7f
807f7f04027f0002
7f01fc7f01ff7f80
808080fd048002ff
8080ff7ffffd80fc
80800401fe7ffd80
8003807ffc800001
01047f03fe807f80
047ffcfd7f7f80fc
fc7f038080027ffd
fc80007f04807ffd
7ffc0380037f0380
80017f7f800104ff
807f80fdfcfdfc80
7fff0280807fff02
8080ff0204ff8080
00807f7f0080fcfe
ff04fe7f7f80017f
7f010280027f0480
ff80fe7f80017fff
807f02fffe7f0280
7f04800380800404
fdfc7f8003fe7f7f
807f0204017f0380
03fc7f018080fd80
7f7f80fc037f02fe
8003037f80fcfe7f
8080fc7fff0080fc
000280ff7f00807f
7f8000027f80fdfe
047f04807f008000
7f02fc01fe7f807f
800002ff7ffd807f
807f017f7ffd0004
8002fc017f7f80fc
01807f80fdfe0280
ffff807f808000ff
017f0001ff7f8080
80800201800480ff
80fdff04fe7f8080
fe8003fd807f7ffe
fc0380ff807f0080
010380ff00807f80
fe808080047f01ff
8003017ffe7ffe80
808002807f04fffc
0380fd7f807ffe00
7fff7f7f01fc8002
fe0301fc807f7f7f
03fdff7f7f7f80fe
80ff7f0304fc7f80
7f027ffdfd807f00
02027f807ffe8001
7f800404018080ff
8000ff80807ffe03
fd7f8002017f037f
7f00fefc027f7f7f
01027f7f00fc8080
80fffc8002ff7f7f
007ffeff7ffe7f7f
80807ffeffff7fff
7f00807ffe020480
7fff7f800480ff01
008001fffe80807f
80027f0101ff7f80
fefc7ffe7f037f80
02ff017f8001807f
7f048080fefd7ffc
80fe7f80037f04ff
7f027fff80fd8002
047f7f7f04038001
807f7ffe03fd047f
fd037f7f80ff047f
ff02ffff807f8080
027f007f047f007f
037f027ffe03807f
0000017f7f048080
807ffcfffdff7f80
0203807f80017f03
8080fe027f7ffe03
017f8002047f8003
80800480fd0080ff
80038080007fff04
fefefc7f80fc8080
80fdfdfe7f7f80ff
7f7f03ff02807ffe
feff7f7ffe807f00
808080ffff7ffffc
8001027ffc7f80fc
027f03807ffd8003
ff7ffe7f807f02fe
040080ff7f7f7f01
807f0304fe7f8001
fd80807f00017ffc
0280fdff7f807ffe
fffe0380fe807f7f
ff0380fe80807ffd
fd7f04fd7f7f0180
0402007f80028080
80028001fcfe7f7f
807ffffcfe808000
7f7f01feff80fe80
7ffffe80037fff80
8080fdfd7f7f0404
807f0302feff7f7f
7ffd04047f7f7ffe
7f0400807ffe8004
7f047f0401808003
7f7fff807ffcff04
8080007f7f03ff00
80ff80027f04027f
0480017f7f008002
04ff8080807fff01
037f7f04047f047f
02047f7f0080fe80
80048080017f0404
fd7fff80ff7f7f02
80037f807f01fffd
fefd808080028000
fc80fd80808003ff
7f7f0202fe7f8000
01fc80fffd7f8080
0200807f00fc7f80
ff807f0180007f01
8001017f80027f04
7f04fc80800280fd
fffdff807f80ff7f
fc80037f7f02017f
80027f7ffd037f01
fe7f0280048080fe
8004007f8080fe00
807f7f7ffd01fd04
7f7f7f0400ff7ffc
8080fd7ffdfd0380
fd807f017f048000
fe007f7f80fc8003
80fd7f7f00000180
ff7f7f0004fe7f80
7ffe0280ff7f0380
80fdfc80fd7f0480
7ffe037ffcfe807f
0003047f7ffc807f
8003808003017f02
80fe0101ff7f8080
808004047f7ffefc
807fff8080ff03ff
80037f027f7fffff
027f7f80037ffe01
fd7ffd7f037fff7f
fcfd80807f01fc80
7f8002017fff0080
047f7fff038080fe
8003fd7f7f8001fd
048003fd80ff7f7f
fcfc037f807ffd7f
fd7f03fc80807f00
fe0280808000fe7f
fc807f047f8002ff
037f03807f7ffdff
7f8080fefc8004ff
018004037f807ffe
8002ff80037ffd80
fdff7ffe80fd8080
7f00fd80fc807f02
807ffe027ffd7ffe
7ffdfd0280fc807f
047f7f807f0301ff
7f03030180ff7f80
017f80037f800203
fefc7f7f8001007f
800002fd80027f80
028001807f800402
00807f040303807f
fd7ffd7f7f7fffff
03ff808001807f03
80800300fe8080fd
01007f807f7ffcfc
fcff007f7f800480
7f7fff00037f0280
800480040280fc7f
808080000402fc7f
02800102807f017f
7f800180fe8004fe
02037f7f7f0080fd
fd8002fd80fc807f
fe80fc03fd7f8080
027f017f7f800003
7f0180fdfe8080fc
7f0280807ffe0304
8002807fff037ffc
80fdfdfcff7f7f80
fcfd037f80ff807f
7f7ffdff00007f7f
02010003807f7f7f
fd8080fdfd7f7fff
007ffcfd017f7f7f
027ffe8000808001
fe0480fc7f80ff7f
fcfd7f7fff800180
ffff017f027f8080
fd7ffd8003ff8080
fd02ff7f8080fd7f
80007f8002fc8000
80007f807ffe03fd
8003fe80fcfd7f80
7f02807f7f00fefe
fd80047f02ff807f
800480018004ff80
048002807f000480
007f8003807f04ff
807f7ffc02fe7f01
80fd7ffe8001047f
7fff808002fe7ffe
01fc01047f807f7f
fd7f7f80ff7f0302
808003ff808000fc
fc7f7f0180800000
0202fd80ff7f807f
0102fc7f03807f7f
0380fc7f7f7fff03
7f0280fdfd7f7f03
8002007f8080ff01
03fd7f7ffd048080
7f7f017f7f00fd03
0380fffe7f7f7fff
fe00fd7f7ffd7f80
807f040001fd7f80
048080fd02fe807f
7f80ff01fc007f80
fe007f7f037ffd80
7f80017ffe03ff80
8002027f7f800200
0004807f7f80fc03
ff80047f8003027f
02807f02027f7ffe
fdfd027f7f808001
7f7f027ffffefe80
fe80027f047f80ff
000003fc807f807f
800001808000007f
8002807f80fdfdff
fefc8004807ffe7f
0202fc7fff7f7f80
807ffcfd0300807f
80017f800180fdfd
007f7fff80fd7f02
8080fc00808001fe
7f80fc00807ffc00
80fc7ffc7f80fe03
02fd80027f01807f
0280fc80feff7f80
7f7ffcfe7f7f00fc
8080808000fffefc
807f7f03fffc7f00
fc7f807ffc037f00
800102807f80fe04
80fc037ffdff7f7f
8080fe7f03fc7ffe
0380fc80038080fc
8080fc7f047f0202
7ffc010280808002
7f02007ffd80fd7f
80fe7fff7f047ffe
017f0280807fff00
7f7f0180ff80fd04
03ff0080807f8001
80fcfc800280ff7f
7ffefc7f7ffe8001
fffcff04807f807f
00fd807f7f010080
0201fc80fc807f80
807f7f7fff020204
7f7f7ffe00fe7f04
80fdfdfd7f800180
04fc80800101807f
7fff7f7f04fe0380
018080fc047ffe80
808080000301ff7f
fd01808001fe7f80
8001fd047f7ffc7f
7f7f7f03ffff0080
0080fffc7f7fff80
ff030180807f8004
7ffc7f807f01fefe
7fff027ffefe8080
fc80fefd7f7f8004
fe807f027f017f01
fc027f7f8080fcfc
048080017ffe80fd
00807ffd047f0080
037f7ffd80fe8000
007ffe800003807f
0201800180007f80
8080027ffcfd7f01
7f7ffc7f7f000401
000100800280807f
007f800204808002
ff7fff7f01800480
fe7f8080ff7f0400
fd800280fe7f047f
7f047f7f0002037f
fffc7f8080ff037f
7f010000007f807f
04fd7f7f7fff0180
7f7f800100047f00
00fd808004fc7f80
80808000fe7f04ff
0480ff7f007ffd7f
80fc7f0180ff8001
fe80040201807f80
fe017f807f03fc7f
000301807f007f7f
fe01007f807f80fd
fe0280007f7f007f
80fd7f010080fd80
7f8004fffd80017f
fc8080fc807ffc02
0401ff8080fd807f
fdff80800080fc80
047fff7f038080ff
ffff80fe7f7f0380
fe047f7f80fdff7f
037f8004017f80fe
037f02fd80037f7f
01038003807f8003
037f047f80ff7f01
fc8004fc7f7f047f
7f7ffffd017ffc7f
fd80fe7f7f7f0201
04807f03017f037f
80ff7f03fd7f8002
807fff04807ffffe
7f03ff8002800280
0180800180fe0280
fefe7f7f808002fc
04ff80808002fd80
fc047ffe80037f7f
80ff02fd80fe7f7f
fe7f8004fe80fc80
807f0204808001fc
8000fd017f008080
80ff7ffcfc03807f
fe80808000038002
7f04800300807ffd
7f80fc8080030202
807ffdfc02047f80
80038004037f8001
7f80fe7fff017f02
0102037f02807f80
80027f80fdff0180
7f02fe0180038080
0380fefd80037f7f
808080fe0202fe7f
fe80ff7f037ffc80
007f7f80800002fd
017fff80fc80fe80
7f7f0303fd807f03
7f8002fc0280fe80
0080ff80fd808004
80fe807f7ffc0003
03037ffd7f037f80
7f7f80fe018002ff
007f03047f80fd7f
03807ffd04800380
fefc7ffdfe7f807f
7f7fff8000ff0280
fc0080020180807f
7f7f01fd0280fc7f
7f01807ffd027f02
7f0300fe807f7f02
8004018002047f80
fd80fc80028080ff
ff7f7f7ffe8000fe
038080807f000001
fefc7f8001037f80
01ff7f80fd80fc80
ff7f808000fd0280
0080047f80fffc80
7ffd048001807ffe
010380800302807f
ff7ffd007f808003
7f7f00007f017f01
0100fd7fff808080
0403038080028080
7f0180fc03048080
027f80047f01fc7f
fc7ffdfc7f7f80fe
7f018080fc7f03fc
807ffd80fefe7f01
fc0000807f7ffe7f
fcff0380fc7f8080
ff807f7f01028000
807ffd80017ffe01
0180807f007f0001
ff80fe80037f7fff
80037ffc80fffd7f
80027ffc7f7ffd01
7ffc7f80fe7ffcfd
807f027f7f0001fe
0300fe807f800480
ff8003fd7f80047f
037ffd7f80030080
8080038003800204
fe027f7f7ffe80fc
01fe800480047f7f
fe807f80fefffd7f
7f7f80fd0204fe7f
7f7f02fc7f7f01fd
047ffe7f7ffd7f03
fd7f800480ff8004
fefe8080fe03807f
fc808002fc048080
807ffc807f040404
0280807ffd7f0100
8003007f017f7f02
017ffffd007f7f80
fc80fc80807fff00
fffc7f800480fe7f
80fe7f02ff7f047f
fd80fcfe80fe8080
0403048080807ffc
7f7f027f008004fd
7f7f808000fe04fd
807f0203fc800280
ff80fd807ffdfe7f
7f037f02fd037f80
7f80030404fc7f7f
7f7f7f7f02fcfd03
fc8080fd04017f80
7ffe007f807fff04
01017f0080807f02
fe807ffc80040180
fffcff7f7fff7f80
fc808002807ffe04
ff8002ff807f7fff
0080047f047f80fd
04027f0080ff7f80
7f808004fc018004
80040301807f7f02
80007f03027ffe7f
010303047f807f7f
ff7f800180800403
0280ff7fffff8080
807f80fdfdff0180
017f7ffe03fe8080
7f02800480048000
808004047fff007f
fc02807f0204807f
80800004fc7f8002
7f0380038080fcfd
80fe047f0280fe7f
03fd80807f01fd7f
7f7ffe017ffd7fff
018080fd7f800104
8002ff007f7f0280
fc01fd7f7f808002
fc0480fc7f00807f
037ffd0480808004
7fff037f7ffe8001
7f807f03fc7ffc00
807f7ffefc800100
807f7f04048004fd
807f7f7f0004ffff
7ffd7f0380048004
7ffffe7ffe7f037f
007f8080fcfd7ffc
807f0204807fff01
80800101ff7ffc7f
000180807f01ff80
03fd01017f7f7f80
7f04007f80ff8004
fd7f047ffe028080
fefd80ff807f8004
7f7f7f01fc0380fe
ff017f80807f0303
03037f8001037f7f
7f01fd807f8001fc
fe017ffe80017f80
ff7f80018000fe7f
00fe7f80fe018080
7ffc807f048003ff
fdfe00fc7f7f807f
017f0200fd7f7f7f
807f80ff7f01fc00
807ffcfe047f0480
fd7ffe8080018000
02fd7f047f807f02
01047f007f807f01
0280fc8080fc7f02
7f7f7ffcff017ffc
007f00ff7f7f0280
fc807f80fd7f03fd
7f8004fc007ffc7f
04007f807f7f00fc
fe808000807ffe03
027f80030400807f
0280fd80ff7f80fd
01007ffe027f7f80
7f01808001fe80fd
7f04ff80007f047f
047f808080fe0103
00037f808001fd7f
fdfe7f7f7f020380
8002ff7f047f0380
80fc007f7f7ffcfc
fc7f04ff7f807f03
0200fe7f02808080
7f7f80020380fefd
fc7f0103807ffd7f
ff80017f7f047f03
7f800400038080fd
8002008000017f7f
030480807f800401
80fd7ffdfd800080
04808002fe007f80
80007f8000fc0480
fe7f800180ff017f
80fcff0480800380
80fefe017f7f0380
7f7f007f01fd7f01
00007f038080017f
038002ff7f80047f
7f80fe00807fff00
7ffefc8080007f04
8080fe03ff047f80
fe01037ffe808080
ff7f7f02007fff7f
fe7f00fd7f8080ff
00fc7f028080047f
7ffd807ffd000280
8080fc040180017f
040280807f010380
0404807f80018001
fcfe7f7f7f04ff7f
0004808000fe7f80
04027f80fe80027f
7f7f7ffe007ffffd
ff80807ffe800001
80fefd7f02017f80
80fe7f800200017f
80ff80fdff7ffd7f
027f018080800401
7f80fffc017f0080
7ffd7f7ffe037ffe
0101807ffe7f0280
027ffd7f7f8000fc
fc7f800201017f80
027f0380fdff7f7f
7f017f007f7f0103
80807ffdfe0180fc
0380800480038004
808080fd04ffff7f
80017f807f0402fc
03fe008001807f7f
01807f0403fe807f
03ff8080017f80fc
800180fd7f01007f
80fc7fff807ffe00
7f7f01fe8002017f
01fd0080808080fd
04017ffefe807f80
80fd808002fc7f03
807f80fd00000380
038002807f80fc02
ff80ff0080808001
800380038002fc80
7f7fff7fff01037f
027f80ff03808000
80ff018080fd7f01
00808003fd7f7f03
7ffe8080fd01fe80
01017f7f80fe7f03
80017f047f800400
fc80fe027ffe807f
80037fff80040380
7ffe7f807f00fc03
7f03017f0080047f
7ffc7fff7f7ffcfc
7ffd017f00018080
807ffdfe7f04fd80
feff80017f7f8002
800280fc007f8001
80808002017f03fd
80fdfd80807f00ff
007f7ffd03007f7f
fe7f807f7f01fc03
fc007f01807f7f03
807f0101fc7f017f
808080017fff03ff
ff7f80feff7ffd80
7f04807fff7fff00
017ffdfd7f038080
8002030380fd8080
fc7f7fffff800280
7ffe80fc04fe807f
0204fe807f007f7f
7f7f00fc03fc8080
80fd047ffc7ffe7f
fe80807f02fe8004
ff02fd7f7ffd7f80
0380048080800203
7f007fff7fff0480
fd0003807f807ffe
fc80808004010280
8080ffff807ffefd
7ffd00ff037f7f7f
7ffe80fe80ff017f
80fe7f7f02fd007f
fffcfe7f7f7f8003
ff7f7f8080fffefe
80fffc8080fc007f
fd80fffc8000807f
0180047f80020080
8000007f0404807f
8002807f047f0103
7ffc807f028000fd
fd0180007f807f01
80017f037fff80ff
80fc80017fff80fe
fc80808004027f02
fc80800202038080
7f04807f047f0304
01ff017f7ffe7f80
80807f01800003fc
8080fcfd80fd8001
0302800480fe7f7f
ff80fc7f7f7f0102
01807ffe00fe7f80
7f7f800180fdfc03
7ffdfe808002ff7f
fc80008004018080
800203800480fe7f
047f7f8080030302
80807f0402037f01
040180fe7f8080fc
7f7f01fd7fffff80
03807ffefe80fe7f
7ffcfc80fd008080
037ffc7fff808002
fffd80037f807f03
7f007f03fe7f80fd
017f80fefc7f7ffc
7ffdfc7f7ffffe80
01037ffe80ff8080
80008080fcff0180
020103807f808001
fffefc808080ff7f
7ffc028080fe0280
ff0080018080037f
7f037f7f0303ff7f
02800280ff80fd7f
7fff7f80fc017fff
017f02fc80007f80
808000020480047f
7f7ffd8001fefe80
fc00fc807f80047f
0480017f7ffffc80
00007ffc027f807f
80fe80ff7ffd80ff
00fffe80807f80ff
0280047f8003fe7f
fe7f7ffc8080fc01
7f80fdfe03018080
027fff7f7f7f0000
80038080ff800402
80800080fc03fe7f
00807fff0201807f
8003fe7f80027ffe
fffc0480047f807f
800402fd7f800280
7f027ffe0480ff7f
0001fc7f80807fff
02800180fdfe7f7f
807ffd8003fe7ffd
8080037ffefc047f
007f8003037f047f
80ff01808004027f
7f03fd807ffefc7f
017f7f02027f7f01
8002ff7f0002807f
80fc007f7f018004
fc7f80fc047fff7f
fdfe007f80807f04
7ffcfe7f037f7ffc
8004807ffcfc7f02
ff80018080fc80fc
fc80800204fe807f
03fd007f7f017f80
03fd018080fc7f80
007f02fd7ffd7f7f
7f807f7ffc0001fc
7ffe7f0280fd0480
fc80fffe04808080
80fe0180fd8080ff
7f7f7f0202ff7ffc
80028003017fff80
fe7f0480fcff8080
ff8080fc7ffc0180
7f80fd027ffd7f01
027ffc807ffd8004
027f807fff03fe7f
7ffe03fc047f7f7f
7f03fdfe80800280
800480fe8080fc02
7f0100fc7f037f80
8000047f7f037f04
80fc037f7f7f0001
807f048003fc80fe
038000ff7f7ffd7f
0300fe8001808080
80fc7f8001037f01
7ffe80018004ff80
7f00fffffc807f80
807f02ff7f01037f
fd8080fe807ffcfe
037f7f01037f0080
80ff7f8080fd0401
02fd0180fd7f8080
7f04807f80040203
7f04fd7f7f7ffefc
7f80007ffffe80fc
8080fcfc007ffe80
80007f017f7ffcff
7ffe80fe8000fd7f
7f0401807ffd80fc
fcfd7fff0180807f
80007f7f01fd80fd
8004fe01807fff80
03017f037f7f8002
7f0480fd7f00fd80
7f80027ffdfc8003
7f01807ffd03fe7f
ff02017f8080037f
7f028001807ffcfc
ff037f7fff047f80
7f807f0201027ffc
7f017f03037f7fff
7f8000fe00fe7f7f
0480ff7f00807ffd
ff7f7f80040380fe
04fe7f027f80fc7f
010480047f80fc80
fc027f047ffd7f7f
807f010400807ffd
7f047f7f7ffcfd04
ff7f000280800480
7f7ffefd8003fd7f
0480007f7fff7f01
fc7f7f7f80fefe01
fe8080008004037f
7f7ffcfefffd8080
017f017f7ffc7f02
fd8000fcff807f7f
03018080fe808003
fe7fff807f800002
8003ff7ffcff8080
01fd7f807f047ffe
0380fc8002028080
fe037f80ff807ffc
008004807f008003
7ffefd01807f7f00
7ffc80fffd027f80
7ffe808004fffd80
ff808000807f03ff
807f007ffcfc80fe
0080ff7f017f7ffc
ff807ffd03807f01
807ffdfe7f7fff00
ff7f0480fc7f007f
03807f7f00fe027f
80fe8080fd027ffd
8080807ffcfe0104
04027f80fcfd807f
80017f037ffcfe80
7f037ffc02808001
018080fc04fe8080
807f7fff7ffc0204
80807ffe80fe03ff
fc7ffdfe80017f7f
7f7ffdfe808004fd
80fc0280fcff8080
fe7f807f7f020100
807ffe007f7f0304
80ffff800004807f
02ff80fe7f7f0180
7f0302fc807f007f
7f80800000000480
807f7f01fe04027f
7f8080fd8004ff03
7f7f03017f7f01ff
fc7f7f80047f0004
fc01807f7ffefc80
007ffeff0380807f
7ffc027f80ff7ffe
02807f7ffe8000ff
02fc807f807f02fe
fc800380007f7f01
7ffefd7f7ffc0080
7f027f80fc008001
fc8001fd047f8080
8004fc80ff807ffc
7f03fc0380fe7f80
7f03020180807ffd
0380fd80037f80fc
fc7f808003fe8003
80fe7f80037f04ff
7f047fff80ff7f03
04807f7f00fd0280
00807f807f0401fd
7f80fd04fffd807f
fe80fffe80027f7f
7f7ffd03ff7fff80
017f7f8004800301
80ff7ffd0104807f
fd7f048000017f80
fd7f04807f03047f
fd7f0004fc807f80
7f8004040380fe80
800102fdfd807f7f
80ff8002ff7f7f00
fc80fc8080fcfc7f
80807ffc80fe04ff
027f037f7f047f03
0480807f8001fd04
7ffcfc80027f0380
ff7f8080fcfc80fc
03fc7f037f7f8001
807f7f00ff04fe80
03fe03807ffc807f
ff8080fd808001fc
027ffe8080018004
7f0401fc007f807f
7ffc7f0480fc047f
7f7f027f80040301
017f02fd7f80017f
0103807f017f80ff
000480017f808001
03ff8080ff7ffe80
7f017f01037f8003
7f00047f800180fd
80808080fe020003
0180037f7f027ffe
80800480037f0202
028001037f7f047f
027f808004fc047f
7f7f7f03037ffdfd
fd80018000807f03
ff7f807ffd80fefc
807ffcfe03027f80
80fc047f047f027f
047f037f03807f04
fd02800280007f7f
7fff8004fd7f7ffc
ffff80ff7f807fff
7ffdfc7f80fc80fe
017f00fd7f7f7f02
7f7f8080fdfcfd03
017ffc7f807f0102
80807f8004030301
03fd7f0480fc8080
7f8001fd02807ffc
807f037f017f0402
fd807f7f800204fe
ff0101808000807f
000080048080047f
fc7f04800280fe80
7fff04ff8080fd80
fdfc03fc7f7f8080
8000fe7f01807f00
8080fffdfd7ffe7f
037f7f7f03000080
fd7f80028080fcfd
0401807f80010180
03fdfe807f7f027f
02027f7f027f8000
0101fd808080fd7f
fc7f7f8001000180
7f000080ff7f80fe
02807ffe80000180
80807ffd0080fd00
7f7f7ffdfc010280
7fff047fff7ffd80
04040280807f7f03
80fd7ffcfe8080fe
028000047f7f7f01
047f7f80ff800104
03807f7f80010404
80800102047f80ff
8080ff017ffe027f
807ffc04807f0203
00800204807ffc80
807fff048080fd03
807f017ffffcfe80
7f0080fd807f04ff
ff7f01037f7f0280
027f8002037ffc80
7ffd8000fffc7f80
7f7ffe008080ffff
7f040380808000ff
fe8080047f00fd7f
ff0080ff80807f00
fcfe7f7f01807ffd
fffc807f80047ffc
fc7f8080800303ff
04ff7f7f02007f80
7fff04fc807ffc7f
047f02808080fe00
007f7f0480800201
7ffcfe7f800180fe
807f7f0102fe0380
7f00fcfe80fd807f
7ffd7ffd00807f03
010080fe7f7f017f
fc7f7ffffc02807f
8080008004fe7f02
02027f807ffc8000
0102fe8003807f80
808003807f01ff01
027f03fe807f8003
7f01038080800104
7f80fc0280ff7ffe
8004fe7ffe80ff7f
0180fcfd80807f00
04807f0004807ffe
7ffc80fc80800400
047f7f037f017f01
fc7f0202807f80ff
80fe0480fdff7f7f
038080fdfc047f7f
8000fd7f047f80fd
fffd8003017f807f
03027f03807f027f
027fff807f037f02
fc7f808003018001
8080fffcfcfc7f80
7f037f7f037ffefc
80ffff7f00807ffc
7ffc7f7f04fc8002
02fc7f8004808002
7fff007ffc038080
fd7ffd02fc807f7f
fd80047ffc80fc80
80fc7f018000fc7f
027fff80ff800380
03800304fd807f7f
02807f807ffc00fc
7f037f80fd7f0003
01038080007f017f
fe7f80040180017f
80027f02807f0404
04807f80fd7ffc04
80ff807ffffe007f
feff807f7f0380fc
7f017f04047ffd7f
02807f03807f01fe
ff8004fd7f018080
fcfc7f807fff7ffd
8000807f027f04fc
8080ff7ffc80fe01
fd017f80fc7f0280
8004017f027f047f
7f7f7f7f0003fd04
7f0080020480007f
007f7f7f04fc7f03
7f0400ff007f7f7f
7f80fcfcfd808001
ff00808000fe7f80
007f80feff80fe7f
808003807ffe0104
7f7ffe800202fd80
8080fe03027f0280
fe7f017f80fe0380
fe7f80000180fd80
0402028080fc8080
7f7f807f0201fffe
02ff7f80037ffe7f
03fefd7fff807f7f
00fc8080ff037f7f
fffd807f0080fd80
fe027f7f7f0180fe
7f02010280fe8080
8001800200fe7f7f
fe80007f017f007f
7f7fff007f80fefc
800280808002fc02
027f80fe807ffcfc
0402808080fdff80
8004fe7f007f80fe
80807f0403fd7fff
80fefe00fe7f7f80
0003027f027f8080
fd017ffd7ffd7f7f
80fd7f03ff80047f
7f037f7f02fd007f
