e913ef0df507fb80
e913ef0df507fb03
e913ef0df507fb81
e913ef0df507fb03
e913ef0df507fb82
e913ef0df507fb03
e913ef0df507fb83
e913ef0df507fb03
e913ef0df507fb84
e913ef0df507fb03
e913ef0df507fb85
e913ef0df507fb03
e913ef0df507fb86
e913ef0df507fb03
e913ef0df507fb87
e913ef0df507fb03
e913ef0df507fb88
e913ef0df507fb03
e913ef0df507fb89
e913ef0df507fb03
e913ef0df507fb8a
e913ef0df507fb03
e913ef0df507fb8b
e913ef0df507fb03
e913ef0df507fb8c
e913ef0df507fb03
e913ef0df507fb8d
e913ef0df507fb03
e913ef0df507fb8e
e913ef0df507fb03
e913ef0df507fb8f
e913ef0df507fb03
e913ef0df507fb90
e913ef0df507fb03
e913ef0df507fb91
e913ef0df507fb03
e913ef0df507fb92
e913ef0df507fb03
e913ef0df507fb93
e913ef0df507fb03
e913ef0df507fb94
e913ef0df507fb03
e913ef0df507fb95
e913ef0df507fb03
e913ef0df507fb96
e913ef0df507fb03
e913ef0df507fb97
e913ef0df507fb03
e913ef0df507fb98
e913ef0df507fb03
e913ef0df507fb99
e913ef0df507fb03
e913ef0df507fb9a
e913ef0df507fb03
e913ef0df507fb9b
e913ef0df507fb03
e913ef0df507fb9c
e913ef0df507fb03
e913ef0df507fb9d
e913ef0df507fb03
e913ef0df507fb9e
e913ef0df507fb03
e913ef0df507fb9f
e913ef0df507fb03
e913ef0df507fba0
e913ef0df507fb03
e913ef0df507fba1
e913ef0df507fb03
e913ef0df507fba2
e913ef0df507fb03
e913ef0df507fba3
e913ef0df507fb03
e913ef0df507fba4
e913ef0df507fb03
e913ef0df507fba5
e913ef0df507fb03
e913ef0df507fba6
e913ef0df507fb03
e913ef0df507fba7
e913ef0df507fb03
e913ef0df507fba8
e913ef0df507fb03
e913ef0df507fba9
e913ef0df507fb03
e913ef0df507fbaa
e913ef0df507fb03
e913ef0df507fbab
e913ef0df507fb03
e913ef0df507fbac
e913ef0df507fb03
e913ef0df507fbad
e913ef0df507fb03
e913ef0df507fbae
e913ef0df507fb03
e913ef0df507fbaf
e913ef0df507fb03
e913ef0df507fbb0
e913ef0df507fb03
e913ef0df507fbb1
e913ef0df507fb03
e913ef0df507fbb2
e913ef0df507fb03
e913ef0df507fbb3
e913ef0df507fb03
e913ef0df507fbb4
e913ef0df507fb03
e913ef0df507fbb5
e913ef0df507fb03
e913ef0df507fbb6
e913ef0df507fb03
e913ef0df507fbb7
e913ef0df507fb03
e913ef0df507fbb8
e913ef0df507fb03
e913ef0df507fbb9
e913ef0df507fb03
e913ef0df507fbba
e913ef0df507fb03
e913ef0df507fbbb
e913ef0df507fb03
e913ef0df507fbbc
e913ef0df507fb03
e913ef0df507fbbd
e913ef0df507fb03
e913ef0df507fbbe
e913ef0df507fb03
e913ef0df507fbbf
e913ef0df507fb03
e913ef0df507fbc0
e913ef0df507fb03
e913ef0df507fbc1
e913ef0df507fb03
e913ef0df507fbc2
e913ef0df507fb03
e913ef0df507fbc3
e913ef0df507fb03
e913ef0df507fbc4
e913ef0df507fb03
e913ef0df507fbc5
e913ef0df507fb03
e913ef0df507fbc6
e913ef0df507fb03
e913ef0df507fbc7
e913ef0df507fb03
e913ef0df507fbc8
e913ef0df507fb03
e913ef0df507fbc9
e913ef0df507fb03
e913ef0df507fbca
e913ef0df507fb03
e913ef0df507fbcb
e913ef0df507fb03
e913ef0df507fbcc
e913ef0df507fb03
e913ef0df507fbcd
e913ef0df507fb03
e913ef0df507fbce
e913ef0df507fb03
e913ef0df507fbcf
e913ef0df507fb03
e913ef0df507fbd0
e913ef0df507fb03
e913ef0df507fbd1
e913ef0df507fb03
e913ef0df507fbd2
e913ef0df507fb03
e913ef0df507fbd3
e913ef0df507fb03
e913ef0df507fbd4
e913ef0df507fb03
e913ef0df507fbd5
e913ef0df507fb03
e913ef0df507fbd6
e913ef0df507fb03
e913ef0df507fbd7
e913ef0df507fb03
e913ef0df507fbd8
e913ef0df507fb03
e913ef0df507fbd9
e913ef0df507fb03
e913ef0df507fbda
e913ef0df507fb03
e913ef0df507fbdb
e913ef0df507fb03
e913ef0df507fbdc
e913ef0df507fb03
e913ef0df507fbdd
e913ef0df507fb03
e913ef0df507fbde
e913ef0df507fb03
e913ef0df507fbdf
e913ef0df507fb03
e913ef0df507fbe0
e913ef0df507fb03
e913ef0df507fbe1
e913ef0df507fb03
e913ef0df507fbe2
e913ef0df507fb03
e913ef0df507fbe3
e913ef0df507fb03
e913ef0df507fbe4
e913ef0df507fb03
e913ef0df507fbe5
e913ef0df507fb03
e913ef0df507fbe6
e913ef0df507fb03
e913ef0df507fbe7
e913ef0df507fb03
e913ef0df507fbe8
e913ef0df507fb03
e913ef0df507fbe9
e913ef0df507fb03
e913ef0df507fbea
e913ef0df507fb03
e913ef0df507fbeb
e913ef0df507fb03
e913ef0df507fbec
e913ef0df507fb03
e913ef0df507fbed
e913ef0df507fb03
e913ef0df507fbee
e913ef0df507fb03
e913ef0df507fbef
e913ef0df507fb03
e913ef0df507fbf0
e913ef0df507fb03
e913ef0df507fbf1
e913ef0df507fb03
e913ef0df507fbf2
e913ef0df507fb03
e913ef0df507fbf3
e913ef0df507fb03
e913ef0df507fbf4
e913ef0df507fb03
e913ef0df507fbf5
e913ef0df507fb03
e913ef0df507fbf6
e913ef0df507fb03
e913ef0df507fbf7
e913ef0df507fb03
e913ef0df507fbf8
e913ef0df507fb03
e913ef0df507fbf9
e913ef0df507fb03
e913ef0df507fbfa
e913ef0df507fb03
e913ef0df507fbfb
e913ef0df507fb03
e913ef0df507fbfc
e913ef0df507fb03
e913ef0df507fbfd
e913ef0df507fb03
e913ef0df507fbfe
e913ef0df507fb03
e913ef0df507fbff
e913ef0df507fb03
e913ef0df507fb00
e913ef0df507fb03
e913ef0df507fb01
e913ef0df507fb03
e913ef0df507fb02
e913ef0df507fb03
e913ef0df507fb03
e913ef0df507fb03
e913ef0df507fb04
e913ef0df507fb03
e913ef0df507fb05
e913ef0df507fb03
e913ef0df507fb06
e913ef0df507fb03
e913ef0df507fb07
e913ef0df507fb03
e913ef0df507fb08
e913ef0df507fb03
e913ef0df507fb09
e913ef0df507fb03
e913ef0df507fb0a
e913ef0df507fb03
e913ef0df507fb0b
e913ef0df507fb03
e913ef0df507fb0c
e913ef0df507fb03
e913ef0df507fb0d
e913ef0df507fb03
e913ef0df507fb0e
e913ef0df507fb03
e913ef0df507fb0f
e913ef0df507fb03
e913ef0df507fb10
e913ef0df507fb03
e913ef0df507fb11
e913ef0df507fb03
e913ef0df507fb12
e913ef0df507fb03
e913ef0df507fb13
e913ef0df507fb03
e913ef0df507fb14
e913ef0df507fb03
e913ef0df507fb15
e913ef0df507fb03
e913ef0df507fb16
e913ef0df507fb03
e913ef0df507fb17
e913ef0df507fb03
e913ef0df507fb18
e913ef0df507fb03
e913ef0df507fb19
e913ef0df507fb03
e913ef0df507fb1a
e913ef0df507fb03
e913ef0df507fb1b
e913ef0df507fb03
e913ef0df507fb1c
e913ef0df507fb03
e913ef0df507fb1d
e913ef0df507fb03
e913ef0df507fb1e
e913ef0df507fb03
e913ef0df507fb1f
e913ef0df507fb03
e913ef0df507fb20
e913ef0df507fb03
e913ef0df507fb21
e913ef0df507fb03
e913ef0df507fb22
e913ef0df507fb03
e913ef0df507fb23
e913ef0df507fb03
e913ef0df507fb24
e913ef0df507fb03
e913ef0df507fb25
e913ef0df507fb03
e913ef0df507fb26
e913ef0df507fb03
e913ef0df507fb27
e913ef0df507fb03
e913ef0df507fb28
e913ef0df507fb03
e913ef0df507fb29
e913ef0df507fb03
e913ef0df507fb2a
e913ef0df507fb03
e913ef0df507fb2b
e913ef0df507fb03
e913ef0df507fb2c
e913ef0df507fb03
e913ef0df507fb2d
e913ef0df507fb03
e913ef0df507fb2e
e913ef0df507fb03
e913ef0df507fb2f
e913ef0df507fb03
e913ef0df507fb30
e913ef0df507fb03
e913ef0df507fb31
e913ef0df507fb03
e913ef0df507fb32
e913ef0df507fb03
e913ef0df507fb33
e913ef0df507fb03
e913ef0df507fb34
e913ef0df507fb03
e913ef0df507fb35
e913ef0df507fb03
e913ef0df507fb36
e913ef0df507fb03
e913ef0df507fb37
e913ef0df507fb03
e913ef0df507fb38
e913ef0df507fb03
e913ef0df507fb39
e913ef0df507fb03
e913ef0df507fb3a
e913ef0df507fb03
e913ef0df507fb3b
e913ef0df507fb03
e913ef0df507fb3c
e913ef0df507fb03
e913ef0df507fb3d
e913ef0df507fb03
e913ef0df507fb3e
e913ef0df507fb03
e913ef0df507fb3f
e913ef0df507fb03
e913ef0df507fb40
e913ef0df507fb03
e913ef0df507fb41
e913ef0df507fb03
e913ef0df507fb42
e913ef0df507fb03
e913ef0df507fb43
e913ef0df507fb03
e913ef0df507fb44
e913ef0df507fb03
e913ef0df507fb45
e913ef0df507fb03
e913ef0df507fb46
e913ef0df507fb03
e913ef0df507fb47
e913ef0df507fb03
e913ef0df507fb48
e913ef0df507fb03
e913ef0df507fb49
e913ef0df507fb03
e913ef0df507fb4a
e913ef0df507fb03
e913ef0df507fb4b
e913ef0df507fb03
e913ef0df507fb4c
e913ef0df507fb03
e913ef0df507fb4d
e913ef0df507fb03
e913ef0df507fb4e
e913ef0df507fb03
e913ef0df507fb4f
e913ef0df507fb03
e913ef0df507fb50
e913ef0df507fb03
e913ef0df507fb51
e913ef0df507fb03
e913ef0df507fb52
e913ef0df507fb03
e913ef0df507fb53
e913ef0df507fb03
e913ef0df507fb54
e913ef0df507fb03
e913ef0df507fb55
e913ef0df507fb03
e913ef0df507fb56
e913ef0df507fb03
e913ef0df507fb57
e913ef0df507fb03
e913ef0df507fb58
e913ef0df507fb03
e913ef0df507fb59
e913ef0df507fb03
e913ef0df507fb5a
e913ef0df507fb03
e913ef0df507fb5b
e913ef0df507fb03
e913ef0df507fb5c
e913ef0df507fb03
e913ef0df507fb5d
e913ef0df507fb03
e913ef0df507fb5e
e913ef0df507fb03
e913ef0df507fb5f
e913ef0df507fb03
e913ef0df507fb60
e913ef0df507fb03
e913ef0df507fb61
e913ef0df507fb03
e913ef0df507fb62
e913ef0df507fb03
e913ef0df507fb63
e913ef0df507fb03
e913ef0df507fb64
e913ef0df507fb03
e913ef0df507fb65
e913ef0df507fb03
e913ef0df507fb66
e913ef0df507fb03
e913ef0df507fb67
e913ef0df507fb03
e913ef0df507fb68
e913ef0df507fb03
e913ef0df507fb69
e913ef0df507fb03
e913ef0df507fb6a
e913ef0df507fb03
e913ef0df507fb6b
e913ef0df507fb03
e913ef0df507fb6c
e913ef0df507fb03
e913ef0df507fb6d
e913ef0df507fb03
e913ef0df507fb6e
e913ef0df507fb03
e913ef0df507fb6f
e913ef0df507fb03
e913ef0df507fb70
e913ef0df507fb03
e913ef0df507fb71
e913ef0df507fb03
e913ef0df507fb72
e913ef0df507fb03
e913ef0df507fb73
e913ef0df507fb03
e913ef0df507fb74
e913ef0df507fb03
e913ef0df507fb75
e913ef0df507fb03
e913ef0df507fb76
e913ef0df507fb03
e913ef0df507fb77
e913ef0df507fb03
e913ef0df507fb78
e913ef0df507fb03
e913ef0df507fb79
e913ef0df507fb03
e913ef0df507fb7a
e913ef0df507fb03
e913ef0df507fb7b
e913ef0df507fb03
e913ef0df507fb7c
e913ef0df507fb03
e913ef0df507fb7d
e913ef0df507fb03
e913ef0df507fb7e
e913ef0df507fb03
e913ef0df507fb7f
e913ef0df507fb03
e913ef0df5078003
e913ef0df507fb03
e913ef0df5078103
e913ef0df507fb03
e913ef0df5078203
e913ef0df507fb03
e913ef0df5078303
e913ef0df507fb03
e913ef0df5078403
e913ef0df507fb03
e913ef0df5078503
e913ef0df507fb03
e913ef0df5078603
e913ef0df507fb03
e913ef0df5078703
e913ef0df507fb03
e913ef0df5078803
e913ef0df507fb03
e913ef0df5078903
e913ef0df507fb03
e913ef0df5078a03
e913ef0df507fb03
e913ef0df5078b03
e913ef0df507fb03
e913ef0df5078c03
e913ef0df507fb03
e913ef0df5078d03
e913ef0df507fb03
e913ef0df5078e03
e913ef0df507fb03
e913ef0df5078f03
e913ef0df507fb03
e913ef0df5079003
e913ef0df507fb03
e913ef0df5079103
e913ef0df507fb03
e913ef0df5079203
e913ef0df507fb03
e913ef0df5079303
e913ef0df507fb03
e913ef0df5079403
e913ef0df507fb03
e913ef0df5079503
e913ef0df507fb03
e913ef0df5079603
e913ef0df507fb03
e913ef0df5079703
e913ef0df507fb03
e913ef0df5079803
e913ef0df507fb03
e913ef0df5079903
e913ef0df507fb03
e913ef0df5079a03
e913ef0df507fb03
e913ef0df5079b03
e913ef0df507fb03
e913ef0df5079c03
e913ef0df507fb03
e913ef0df5079d03
e913ef0df507fb03
e913ef0df5079e03
e913ef0df507fb03
e913ef0df5079f03
e913ef0df507fb03
e913ef0df507a003
e913ef0df507fb03
e913ef0df507a103
e913ef0df507fb03
e913ef0df507a203
e913ef0df507fb03
e913ef0df507a303
e913ef0df507fb03
e913ef0df507a403
e913ef0df507fb03
e913ef0df507a503
e913ef0df507fb03
e913ef0df507a603
e913ef0df507fb03
e913ef0df507a703
e913ef0df507fb03
e913ef0df507a803
e913ef0df507fb03
e913ef0df507a903
e913ef0df507fb03
e913ef0df507aa03
e913ef0df507fb03
e913ef0df507ab03
e913ef0df507fb03
e913ef0df507ac03
e913ef0df507fb03
e913ef0df507ad03
e913ef0df507fb03
e913ef0df507ae03
e913ef0df507fb03
e913ef0df507af03
e913ef0df507fb03
e913ef0df507b003
e913ef0df507fb03
e913ef0df507b103
e913ef0df507fb03
e913ef0df507b203
e913ef0df507fb03
e913ef0df507b303
e913ef0df507fb03
e913ef0df507b403
e913ef0df507fb03
e913ef0df507b503
e913ef0df507fb03
e913ef0df507b603
e913ef0df507fb03
e913ef0df507b703
e913ef0df507fb03
e913ef0df507b803
e913ef0df507fb03
e913ef0df507b903
e913ef0df507fb03
e913ef0df507ba03
e913ef0df507fb03
e913ef0df507bb03
e913ef0df507fb03
e913ef0df507bc03
e913ef0df507fb03
e913ef0df507bd03
e913ef0df507fb03
e913ef0df507be03
e913ef0df507fb03
e913ef0df507bf03
e913ef0df507fb03
e913ef0df507c003
e913ef0df507fb03
e913ef0df507c103
e913ef0df507fb03
e913ef0df507c203
e913ef0df507fb03
e913ef0df507c303
e913ef0df507fb03
e913ef0df507c403
e913ef0df507fb03
e913ef0df507c503
e913ef0df507fb03
e913ef0df507c603
e913ef0df507fb03
e913ef0df507c703
e913ef0df507fb03
e913ef0df507c803
e913ef0df507fb03
e913ef0df507c903
e913ef0df507fb03
e913ef0df507ca03
e913ef0df507fb03
e913ef0df507cb03
e913ef0df507fb03
e913ef0df507cc03
e913ef0df507fb03
e913ef0df507cd03
e913ef0df507fb03
e913ef0df507ce03
e913ef0df507fb03
e913ef0df507cf03
e913ef0df507fb03
e913ef0df507d003
e913ef0df507fb03
e913ef0df507d103
e913ef0df507fb03
e913ef0df507d203
e913ef0df507fb03
e913ef0df507d303
e913ef0df507fb03
e913ef0df507d403
e913ef0df507fb03
e913ef0df507d503
e913ef0df507fb03
e913ef0df507d603
e913ef0df507fb03
e913ef0df507d703
e913ef0df507fb03
e913ef0df507d803
e913ef0df507fb03
e913ef0df507d903
e913ef0df507fb03
e913ef0df507da03
e913ef0df507fb03
e913ef0df507db03
e913ef0df507fb03
e913ef0df507dc03
e913ef0df507fb03
e913ef0df507dd03
e913ef0df507fb03
e913ef0df507de03
e913ef0df507fb03
e913ef0df507df03
e913ef0df507fb03
e913ef0df507e003
e913ef0df507fb03
e913ef0df507e103
e913ef0df507fb03
e913ef0df507e203
e913ef0df507fb03
e913ef0df507e303
e913ef0df507fb03
e913ef0df507e403
e913ef0df507fb03
e913ef0df507e503
e913ef0df507fb03
e913ef0df507e603
e913ef0df507fb03
e913ef0df507e703
e913ef0df507fb03
e913ef0df507e803
e913ef0df507fb03
e913ef0df507e903
e913ef0df507fb03
e913ef0df507ea03
e913ef0df507fb03
e913ef0df507eb03
e913ef0df507fb03
e913ef0df507ec03
e913ef0df507fb03
e913ef0df507ed03
e913ef0df507fb03
e913ef0df507ee03
e913ef0df507fb03
e913ef0df507ef03
e913ef0df507fb03
e913ef0df507f003
e913ef0df507fb03
e913ef0df507f103
e913ef0df507fb03
e913ef0df507f203
e913ef0df507fb03
e913ef0df507f303
e913ef0df507fb03
e913ef0df507f403
e913ef0df507fb03
e913ef0df507f503
e913ef0df507fb03
e913ef0df507f603
e913ef0df507fb03
e913ef0df507f703
e913ef0df507fb03
e913ef0df507f803
e913ef0df507fb03
e913ef0df507f903
e913ef0df507fb03
e913ef0df507fa03
e913ef0df507fb03
e913ef0df507fb03
e913ef0df507fb03
e913ef0df507fc03
e913ef0df507fb03
e913ef0df507fd03
e913ef0df507fb03
e913ef0df507fe03
e913ef0df507fb03
e913ef0df507ff03
e913ef0df507fb03
e913ef0df5070003
e913ef0df507fb03
e913ef0df5070103
e913ef0df507fb03
e913ef0df5070203
e913ef0df507fb03
e913ef0df5070303
e913ef0df507fb03
e913ef0df5070403
e913ef0df507fb03
e913ef0df5070503
e913ef0df507fb03
e913ef0df5070603
e913ef0df507fb03
e913ef0df5070703
e913ef0df507fb03
e913ef0df5070803
e913ef0df507fb03
e913ef0df5070903
e913ef0df507fb03
e913ef0df5070a03
e913ef0df507fb03
e913ef0df5070b03
e913ef0df507fb03
e913ef0df5070c03
e913ef0df507fb03
e913ef0df5070d03
e913ef0df507fb03
e913ef0df5070e03
e913ef0df507fb03
e913ef0df5070f03
e913ef0df507fb03
e913ef0df5071003
e913ef0df507fb03
e913ef0df5071103
e913ef0df507fb03
e913ef0df5071203
e913ef0df507fb03
e913ef0df5071303
e913ef0df507fb03
e913ef0df5071403
e913ef0df507fb03
e913ef0df5071503
e913ef0df507fb03
e913ef0df5071603
e913ef0df507fb03
e913ef0df5071703
e913ef0df507fb03
e913ef0df5071803
e913ef0df507fb03
e913ef0df5071903
e913ef0df507fb03
e913ef0df5071a03
e913ef0df507fb03
e913ef0df5071b03
e913ef0df507fb03
e913ef0df5071c03
e913ef0df507fb03
e913ef0df5071d03
e913ef0df507fb03
e913ef0df5071e03
e913ef0df507fb03
e913ef0df5071f03
e913ef0df507fb03
e913ef0df5072003
e913ef0df507fb03
e913ef0df5072103
e913ef0df507fb03
e913ef0df5072203
e913ef0df507fb03
e913ef0df5072303
e913ef0df507fb03
e913ef0df5072403
e913ef0df507fb03
e913ef0df5072503
e913ef0df507fb03
e913ef0df5072603
e913ef0df507fb03
e913ef0df5072703
e913ef0df507fb03
e913ef0df5072803
e913ef0df507fb03
e913ef0df5072903
e913ef0df507fb03
e913ef0df5072a03
e913ef0df507fb03
e913ef0df5072b03
e913ef0df507fb03
e913ef0df5072c03
e913ef0df507fb03
e913ef0df5072d03
e913ef0df507fb03
e913ef0df5072e03
e913ef0df507fb03
e913ef0df5072f03
e913ef0df507fb03
e913ef0df5073003
e913ef0df507fb03
e913ef0df5073103
e913ef0df507fb03
e913ef0df5073203
e913ef0df507fb03
e913ef0df5073303
e913ef0df507fb03
e913ef0df5073403
e913ef0df507fb03
e913ef0df5073503
e913ef0df507fb03
e913ef0df5073603
e913ef0df507fb03
e913ef0df5073703
e913ef0df507fb03
e913ef0df5073803
e913ef0df507fb03
e913ef0df5073903
e913ef0df507fb03
e913ef0df5073a03
e913ef0df507fb03
e913ef0df5073b03
e913ef0df507fb03
e913ef0df5073c03
e913ef0df507fb03
e913ef0df5073d03
e913ef0df507fb03
e913ef0df5073e03
e913ef0df507fb03
e913ef0df5073f03
e913ef0df507fb03
e913ef0df5074003
e913ef0df507fb03
e913ef0df5074103
e913ef0df507fb03
e913ef0df5074203
e913ef0df507fb03
e913ef0df5074303
e913ef0df507fb03
e913ef0df5074403
e913ef0df507fb03
e913ef0df5074503
e913ef0df507fb03
e913ef0df5074603
e913ef0df507fb03
e913ef0df5074703
e913ef0df507fb03
e913ef0df5074803
e913ef0df507fb03
e913ef0df5074903
e913ef0df507fb03
e913ef0df5074a03
e913ef0df507fb03
e913ef0df5074b03
e913ef0df507fb03
e913ef0df5074c03
e913ef0df507fb03
e913ef0df5074d03
e913ef0df507fb03
e913ef0df5074e03
e913ef0df507fb03
e913ef0df5074f03
e913ef0df507fb03
e913ef0df5075003
e913ef0df507fb03
e913ef0df5075103
e913ef0df507fb03
e913ef0df5075203
e913ef0df507fb03
e913ef0df5075303
e913ef0df507fb03
e913ef0df5075403
e913ef0df507fb03
e913ef0df5075503
e913ef0df507fb03
e913ef0df5075603
e913ef0df507fb03
e913ef0df5075703
e913ef0df507fb03
e913ef0df5075803
e913ef0df507fb03
e913ef0df5075903
e913ef0df507fb03
e913ef0df5075a03
e913ef0df507fb03
e913ef0df5075b03
e913ef0df507fb03
e913ef0df5075c03
e913ef0df507fb03
e913ef0df5075d03
e913ef0df507fb03
e913ef0df5075e03
e913ef0df507fb03
e913ef0df5075f03
e913ef0df507fb03
e913ef0df5076003
e913ef0df507fb03
e913ef0df5076103
e913ef0df507fb03
e913ef0df5076203
e913ef0df507fb03
e913ef0df5076303
e913ef0df507fb03
e913ef0df5076403
e913ef0df507fb03
e913ef0df5076503
e913ef0df507fb03
e913ef0df5076603
e913ef0df507fb03
e913ef0df5076703
e913ef0df507fb03
e913ef0df5076803
e913ef0df507fb03
e913ef0df5076903
e913ef0df507fb03
e913ef0df5076a03
e913ef0df507fb03
e913ef0df5076b03
e913ef0df507fb03
e913ef0df5076c03
e913ef0df507fb03
e913ef0df5076d03
e913ef0df507fb03
e913ef0df5076e03
e913ef0df507fb03
e913ef0df5076f03
e913ef0df507fb03
e913ef0df5077003
e913ef0df507fb03
e913ef0df5077103
e913ef0df507fb03
e913ef0df5077203
e913ef0df507fb03
e913ef0df5077303
e913ef0df507fb03
e913ef0df5077403
e913ef0df507fb03
e913ef0df5077503
e913ef0df507fb03
e913ef0df5077603
e913ef0df507fb03
e913ef0df5077703
e913ef0df507fb03
e913ef0df5077803
e913ef0df507fb03
e913ef0df5077903
e913ef0df507fb03
e913ef0df5077a03
e913ef0df507fb03
e913ef0df5077b03
e913ef0df507fb03
e913ef0df5077c03
e913ef0df507fb03
e913ef0df5077d03
e913ef0df507fb03
e913ef0df5077e03
e913ef0df507fb03
e913ef0df5077f03
e913ef0df507fb03
e913ef0df580fb03
e913ef0df507fb03
e913ef0df581fb03
e913ef0df507fb03
e913ef0df582fb03
e913ef0df507fb03
e913ef0df583fb03
e913ef0df507fb03
e913ef0df584fb03
e913ef0df507fb03
e913ef0df585fb03
e913ef0df507fb03
e913ef0df586fb03
e913ef0df507fb03
e913ef0df587fb03
e913ef0df507fb03
e913ef0df588fb03
e913ef0df507fb03
e913ef0df589fb03
e913ef0df507fb03
e913ef0df58afb03
e913ef0df507fb03
e913ef0df58bfb03
e913ef0df507fb03
e913ef0df58cfb03
e913ef0df507fb03
e913ef0df58dfb03
e913ef0df507fb03
e913ef0df58efb03
e913ef0df507fb03
e913ef0df58ffb03
e913ef0df507fb03
e913ef0df590fb03
e913ef0df507fb03
e913ef0df591fb03
e913ef0df507fb03
e913ef0df592fb03
e913ef0df507fb03
e913ef0df593fb03
e913ef0df507fb03
e913ef0df594fb03
e913ef0df507fb03
e913ef0df595fb03
e913ef0df507fb03
e913ef0df596fb03
e913ef0df507fb03
e913ef0df597fb03
e913ef0df507fb03
e913ef0df598fb03
e913ef0df507fb03
e913ef0df599fb03
e913ef0df507fb03
e913ef0df59afb03
e913ef0df507fb03
e913ef0df59bfb03
e913ef0df507fb03
e913ef0df59cfb03
e913ef0df507fb03
e913ef0df59dfb03
e913ef0df507fb03
e913ef0df59efb03
e913ef0df507fb03
e913ef0df59ffb03
e913ef0df507fb03
e913ef0df5a0fb03
e913ef0df507fb03
e913ef0df5a1fb03
e913ef0df507fb03
e913ef0df5a2fb03
e913ef0df507fb03
e913ef0df5a3fb03
e913ef0df507fb03
e913ef0df5a4fb03
e913ef0df507fb03
e913ef0df5a5fb03
e913ef0df507fb03
e913ef0df5a6fb03
e913ef0df507fb03
e913ef0df5a7fb03
e913ef0df507fb03
e913ef0df5a8fb03
e913ef0df507fb03
e913ef0df5a9fb03
e913ef0df507fb03
e913ef0df5aafb03
e913ef0df507fb03
e913ef0df5abfb03
e913ef0df507fb03
e913ef0df5acfb03
e913ef0df507fb03
e913ef0df5adfb03
e913ef0df507fb03
e913ef0df5aefb03
e913ef0df507fb03
e913ef0df5affb03
e913ef0df507fb03
e913ef0df5b0fb03
e913ef0df507fb03
e913ef0df5b1fb03
e913ef0df507fb03
e913ef0df5b2fb03
e913ef0df507fb03
e913ef0df5b3fb03
e913ef0df507fb03
e913ef0df5b4fb03
e913ef0df507fb03
e913ef0df5b5fb03
e913ef0df507fb03
e913ef0df5b6fb03
e913ef0df507fb03
e913ef0df5b7fb03
e913ef0df507fb03
e913ef0df5b8fb03
e913ef0df507fb03
e913ef0df5b9fb03
e913ef0df507fb03
e913ef0df5bafb03
e913ef0df507fb03
e913ef0df5bbfb03
e913ef0df507fb03
e913ef0df5bcfb03
e913ef0df507fb03
e913ef0df5bdfb03
e913ef0df507fb03
e913ef0df5befb03
e913ef0df507fb03
e913ef0df5bffb03
e913ef0df507fb03
e913ef0df5c0fb03
e913ef0df507fb03
e913ef0df5c1fb03
e913ef0df507fb03
e913ef0df5c2fb03
e913ef0df507fb03
e913ef0df5c3fb03
e913ef0df507fb03
e913ef0df5c4fb03
e913ef0df507fb03
e913ef0df5c5fb03
e913ef0df507fb03
e913ef0df5c6fb03
e913ef0df507fb03
e913ef0df5c7fb03
e913ef0df507fb03
e913ef0df5c8fb03
e913ef0df507fb03
e913ef0df5c9fb03
e913ef0df507fb03
e913ef0df5cafb03
e913ef0df507fb03
e913ef0df5cbfb03
e913ef0df507fb03
e913ef0df5ccfb03
e913ef0df507fb03
e913ef0df5cdfb03
e913ef0df507fb03
e913ef0df5cefb03
e913ef0df507fb03
e913ef0df5cffb03
e913ef0df507fb03
e913ef0df5d0fb03
e913ef0df507fb03
e913ef0df5d1fb03
e913ef0df507fb03
e913ef0df5d2fb03
e913ef0df507fb03
e913ef0df5d3fb03
e913ef0df507fb03
e913ef0df5d4fb03
e913ef0df507fb03
e913ef0df5d5fb03
e913ef0df507fb03
e913ef0df5d6fb03
e913ef0df507fb03
e913ef0df5d7fb03
e913ef0df507fb03
e913ef0df5d8fb03
e913ef0df507fb03
e913ef0df5d9fb03
e913ef0df507fb03
e913ef0df5dafb03
e913ef0df507fb03
e913ef0df5dbfb03
e913ef0df507fb03
e913ef0df5dcfb03
e913ef0df507fb03
e913ef0df5ddfb03
e913ef0df507fb03
e913ef0df5defb03
e913ef0df507fb03
e913ef0df5dffb03
e913ef0df507fb03
e913ef0df5e0fb03
e913ef0df507fb03
e913ef0df5e1fb03
e913ef0df507fb03
e913ef0df5e2fb03
e913ef0df507fb03
e913ef0df5e3fb03
e913ef0df507fb03
e913ef0df5e4fb03
e913ef0df507fb03
e913ef0df5e5fb03
e913ef0df507fb03
e913ef0df5e6fb03
e913ef0df507fb03
e913ef0df5e7fb03
e913ef0df507fb03
e913ef0df5e8fb03
e913ef0df507fb03
e913ef0df5e9fb03
e913ef0df507fb03
e913ef0df5eafb03
e913ef0df507fb03
e913ef0df5ebfb03
e913ef0df507fb03
e913ef0df5ecfb03
e913ef0df507fb03
e913ef0df5edfb03
e913ef0df507fb03
e913ef0df5eefb03
e913ef0df507fb03
e913ef0df5effb03
e913ef0df507fb03
e913ef0df5f0fb03
e913ef0df507fb03
e913ef0df5f1fb03
e913ef0df507fb03
e913ef0df5f2fb03
e913ef0df507fb03
e913ef0df5f3fb03
e913ef0df507fb03
e913ef0df5f4fb03
e913ef0df507fb03
e913ef0df5f5fb03
e913ef0df507fb03
e913ef0df5f6fb03
e913ef0df507fb03
e913ef0df5f7fb03
e913ef0df507fb03
e913ef0df5f8fb03
e913ef0df507fb03
e913ef0df5f9fb03
e913ef0df507fb03
e913ef0df5fafb03
e913ef0df507fb03
e913ef0df5fbfb03
e913ef0df507fb03
e913ef0df5fcfb03
e913ef0df507fb03
e913ef0df5fdfb03
e913ef0df507fb03
e913ef0df5fefb03
e913ef0df507fb03
e913ef0df5fffb03
e913ef0df507fb03
e913ef0df500fb03
e913ef0df507fb03
e913ef0df501fb03
e913ef0df507fb03
e913ef0df502fb03
e913ef0df507fb03
e913ef0df503fb03
e913ef0df507fb03
e913ef0df504fb03
e913ef0df507fb03
e913ef0df505fb03
e913ef0df507fb03
e913ef0df506fb03
e913ef0df507fb03
e913ef0df507fb03
e913ef0df507fb03
e913ef0df508fb03
e913ef0df507fb03
e913ef0df509fb03
e913ef0df507fb03
e913ef0df50afb03
e913ef0df507fb03
e913ef0df50bfb03
e913ef0df507fb03
e913ef0df50cfb03
e913ef0df507fb03
e913ef0df50dfb03
e913ef0df507fb03
e913ef0df50efb03
e913ef0df507fb03
e913ef0df50ffb03
e913ef0df507fb03
e913ef0df510fb03
e913ef0df507fb03
e913ef0df511fb03
e913ef0df507fb03
e913ef0df512fb03
e913ef0df507fb03
e913ef0df513fb03
e913ef0df507fb03
e913ef0df514fb03
e913ef0df507fb03
e913ef0df515fb03
e913ef0df507fb03
e913ef0df516fb03
e913ef0df507fb03
e913ef0df517fb03
e913ef0df507fb03
e913ef0df518fb03
e913ef0df507fb03
e913ef0df519fb03
e913ef0df507fb03
e913ef0df51afb03
e913ef0df507fb03
e913ef0df51bfb03
e913ef0df507fb03
e913ef0df51cfb03
e913ef0df507fb03
e913ef0df51dfb03
e913ef0df507fb03
e913ef0df51efb03
e913ef0df507fb03
e913ef0df51ffb03
e913ef0df507fb03
e913ef0df520fb03
e913ef0df507fb03
e913ef0df521fb03
e913ef0df507fb03
e913ef0df522fb03
e913ef0df507fb03
e913ef0df523fb03
e913ef0df507fb03
e913ef0df524fb03
e913ef0df507fb03
e913ef0df525fb03
e913ef0df507fb03
e913ef0df526fb03
e913ef0df507fb03
e913ef0df527fb03
e913ef0df507fb03
e913ef0df528fb03
e913ef0df507fb03
e913ef0df529fb03
e913ef0df507fb03
e913ef0df52afb03
e913ef0df507fb03
e913ef0df52bfb03
e913ef0df507fb03
e913ef0df52cfb03
e913ef0df507fb03
e913ef0df52dfb03
e913ef0df507fb03
e913ef0df52efb03
e913ef0df507fb03
e913ef0df52ffb03
e913ef0df507fb03
e913ef0df530fb03
e913ef0df507fb03
e913ef0df531fb03
e913ef0df507fb03
e913ef0df532fb03
e913ef0df507fb03
e913ef0df533fb03
e913ef0df507fb03
e913ef0df534fb03
e913ef0df507fb03
e913ef0df535fb03
e913ef0df507fb03
e913ef0df536fb03
e913ef0df507fb03
e913ef0df537fb03
e913ef0df507fb03
e913ef0df538fb03
e913ef0df507fb03
e913ef0df539fb03
e913ef0df507fb03
e913ef0df53afb03
e913ef0df507fb03
e913ef0df53bfb03
e913ef0df507fb03
e913ef0df53cfb03
e913ef0df507fb03
e913ef0df53dfb03
e913ef0df507fb03
e913ef0df53efb03
e913ef0df507fb03
e913ef0df53ffb03
e913ef0df507fb03
e913ef0df540fb03
e913ef0df507fb03
e913ef0df541fb03
e913ef0df507fb03
e913ef0df542fb03
e913ef0df507fb03
e913ef0df543fb03
e913ef0df507fb03
e913ef0df544fb03
e913ef0df507fb03
e913ef0df545fb03
e913ef0df507fb03
e913ef0df546fb03
e913ef0df507fb03
e913ef0df547fb03
e913ef0df507fb03
e913ef0df548fb03
e913ef0df507fb03
e913ef0df549fb03
e913ef0df507fb03
e913ef0df54afb03
e913ef0df507fb03
e913ef0df54bfb03
e913ef0df507fb03
e913ef0df54cfb03
e913ef0df507fb03
e913ef0df54dfb03
e913ef0df507fb03
e913ef0df54efb03
e913ef0df507fb03
e913ef0df54ffb03
e913ef0df507fb03
e913ef0df550fb03
e913ef0df507fb03
e913ef0df551fb03
e913ef0df507fb03
e913ef0df552fb03
e913ef0df507fb03
e913ef0df553fb03
e913ef0df507fb03
e913ef0df554fb03
e913ef0df507fb03
e913ef0df555fb03
e913ef0df507fb03
e913ef0df556fb03
e913ef0df507fb03
e913ef0df557fb03
e913ef0df507fb03
e913ef0df558fb03
e913ef0df507fb03
e913ef0df559fb03
e913ef0df507fb03
e913ef0df55afb03
e913ef0df507fb03
e913ef0df55bfb03
e913ef0df507fb03
e913ef0df55cfb03
e913ef0df507fb03
e913ef0df55dfb03
e913ef0df507fb03
e913ef0df55efb03
e913ef0df507fb03
e913ef0df55ffb03
e913ef0df507fb03
e913ef0df560fb03
e913ef0df507fb03
e913ef0df561fb03
e913ef0df507fb03
e913ef0df562fb03
e913ef0df507fb03
e913ef0df563fb03
e913ef0df507fb03
e913ef0df564fb03
e913ef0df507fb03
e913ef0df565fb03
e913ef0df507fb03
e913ef0df566fb03
e913ef0df507fb03
e913ef0df567fb03
e913ef0df507fb03
e913ef0df568fb03
e913ef0df507fb03
e913ef0df569fb03
e913ef0df507fb03
e913ef0df56afb03
e913ef0df507fb03
e913ef0df56bfb03
e913ef0df507fb03
e913ef0df56cfb03
e913ef0df507fb03
e913ef0df56dfb03
e913ef0df507fb03
e913ef0df56efb03
e913ef0df507fb03
e913ef0df56ffb03
e913ef0df507fb03
e913ef0df570fb03
e913ef0df507fb03
e913ef0df571fb03
e913ef0df507fb03
e913ef0df572fb03
e913ef0df507fb03
e913ef0df573fb03
e913ef0df507fb03
e913ef0df574fb03
e913ef0df507fb03
e913ef0df575fb03
e913ef0df507fb03
e913ef0df576fb03
e913ef0df507fb03
e913ef0df577fb03
e913ef0df507fb03
e913ef0df578fb03
e913ef0df507fb03
e913ef0df579fb03
e913ef0df507fb03
e913ef0df57afb03
e913ef0df507fb03
e913ef0df57bfb03
e913ef0df507fb03
e913ef0df57cfb03
e913ef0df507fb03
e913ef0df57dfb03
e913ef0df507fb03
e913ef0df57efb03
e913ef0df507fb03
e913ef0df57ffb03
e913ef0df507fb03
e913ef0d8007fb03
e913ef0df507fb03
e913ef0d8107fb03
e913ef0df507fb03
e913ef0d8207fb03
e913ef0df507fb03
e913ef0d8307fb03
e913ef0df507fb03
e913ef0d8407fb03
e913ef0df507fb03
e913ef0d8507fb03
e913ef0df507fb03
e913ef0d8607fb03
e913ef0df507fb03
e913ef0d8707fb03
e913ef0df507fb03
e913ef0d8807fb03
e913ef0df507fb03
e913ef0d8907fb03
e913ef0df507fb03
e913ef0d8a07fb03
e913ef0df507fb03
e913ef0d8b07fb03
e913ef0df507fb03
e913ef0d8c07fb03
e913ef0df507fb03
e913ef0d8d07fb03
e913ef0df507fb03
e913ef0d8e07fb03
e913ef0df507fb03
e913ef0d8f07fb03
e913ef0df507fb03
e913ef0d9007fb03
e913ef0df507fb03
e913ef0d9107fb03
e913ef0df507fb03
e913ef0d9207fb03
e913ef0df507fb03
e913ef0d9307fb03
e913ef0df507fb03
e913ef0d9407fb03
e913ef0df507fb03
e913ef0d9507fb03
e913ef0df507fb03
e913ef0d9607fb03
e913ef0df507fb03
e913ef0d9707fb03
e913ef0df507fb03
e913ef0d9807fb03
e913ef0df507fb03
e913ef0d9907fb03
e913ef0df507fb03
e913ef0d9a07fb03
e913ef0df507fb03
e913ef0d9b07fb03
e913ef0df507fb03
e913ef0d9c07fb03
e913ef0df507fb03
e913ef0d9d07fb03
e913ef0df507fb03
e913ef0d9e07fb03
e913ef0df507fb03
e913ef0d9f07fb03
e913ef0df507fb03
e913ef0da007fb03
e913ef0df507fb03
e913ef0da107fb03
e913ef0df507fb03
e913ef0da207fb03
e913ef0df507fb03
e913ef0da307fb03
e913ef0df507fb03
e913ef0da407fb03
e913ef0df507fb03
e913ef0da507fb03
e913ef0df507fb03
e913ef0da607fb03
e913ef0df507fb03
e913ef0da707fb03
e913ef0df507fb03
e913ef0da807fb03
e913ef0df507fb03
e913ef0da907fb03
e913ef0df507fb03
e913ef0daa07fb03
e913ef0df507fb03
e913ef0dab07fb03
e913ef0df507fb03
e913ef0dac07fb03
e913ef0df507fb03
e913ef0dad07fb03
e913ef0df507fb03
e913ef0dae07fb03
e913ef0df507fb03
e913ef0daf07fb03
e913ef0df507fb03
e913ef0db007fb03
e913ef0df507fb03
e913ef0db107fb03
e913ef0df507fb03
e913ef0db207fb03
e913ef0df507fb03
e913ef0db307fb03
e913ef0df507fb03
e913ef0db407fb03
e913ef0df507fb03
e913ef0db507fb03
e913ef0df507fb03
e913ef0db607fb03
e913ef0df507fb03
e913ef0db707fb03
e913ef0df507fb03
e913ef0db807fb03
e913ef0df507fb03
e913ef0db907fb03
e913ef0df507fb03
e913ef0dba07fb03
e913ef0df507fb03
e913ef0dbb07fb03
e913ef0df507fb03
e913ef0dbc07fb03
e913ef0df507fb03
e913ef0dbd07fb03
e913ef0df507fb03
e913ef0dbe07fb03
e913ef0df507fb03
e913ef0dbf07fb03
e913ef0df507fb03
e913ef0dc007fb03
e913ef0df507fb03
e913ef0dc107fb03
e913ef0df507fb03
e913ef0dc207fb03
e913ef0df507fb03
e913ef0dc307fb03
e913ef0df507fb03
e913ef0dc407fb03
e913ef0df507fb03
e913ef0dc507fb03
e913ef0df507fb03
e913ef0dc607fb03
e913ef0df507fb03
e913ef0dc707fb03
e913ef0df507fb03
e913ef0dc807fb03
e913ef0df507fb03
e913ef0dc907fb03
e913ef0df507fb03
e913ef0dca07fb03
e913ef0df507fb03
e913ef0dcb07fb03
e913ef0df507fb03
e913ef0dcc07fb03
e913ef0df507fb03
e913ef0dcd07fb03
e913ef0df507fb03
e913ef0dce07fb03
e913ef0df507fb03
e913ef0dcf07fb03
e913ef0df507fb03
e913ef0dd007fb03
e913ef0df507fb03
e913ef0dd107fb03
e913ef0df507fb03
e913ef0dd207fb03
e913ef0df507fb03
e913ef0dd307fb03
e913ef0df507fb03
e913ef0dd407fb03
e913ef0df507fb03
e913ef0dd507fb03
e913ef0df507fb03
e913ef0dd607fb03
e913ef0df507fb03
e913ef0dd707fb03
e913ef0df507fb03
e913ef0dd807fb03
e913ef0df507fb03
e913ef0dd907fb03
e913ef0df507fb03
e913ef0dda07fb03
e913ef0df507fb03
e913ef0ddb07fb03
e913ef0df507fb03
e913ef0ddc07fb03
e913ef0df507fb03
e913ef0ddd07fb03
e913ef0df507fb03
e913ef0dde07fb03
e913ef0df507fb03
e913ef0ddf07fb03
e913ef0df507fb03
e913ef0de007fb03
e913ef0df507fb03
e913ef0de107fb03
e913ef0df507fb03
e913ef0de207fb03
e913ef0df507fb03
e913ef0de307fb03
e913ef0df507fb03
e913ef0de407fb03
e913ef0df507fb03
e913ef0de507fb03
e913ef0df507fb03
e913ef0de607fb03
e913ef0df507fb03
e913ef0de707fb03
e913ef0df507fb03
e913ef0de807fb03
e913ef0df507fb03
e913ef0de907fb03
e913ef0df507fb03
e913ef0dea07fb03
e913ef0df507fb03
e913ef0deb07fb03
e913ef0df507fb03
e913ef0dec07fb03
e913ef0df507fb03
e913ef0ded07fb03
e913ef0df507fb03
e913ef0dee07fb03
e913ef0df507fb03
e913ef0def07fb03
e913ef0df507fb03
e913ef0df007fb03
e913ef0df507fb03
e913ef0df107fb03
e913ef0df507fb03
e913ef0df207fb03
e913ef0df507fb03
e913ef0df307fb03
e913ef0df507fb03
e913ef0df407fb03
e913ef0df507fb03
e913ef0df507fb03
e913ef0df507fb03
e913ef0df607fb03
e913ef0df507fb03
e913ef0df707fb03
e913ef0df507fb03
e913ef0df807fb03
e913ef0df507fb03
e913ef0df907fb03
e913ef0df507fb03
e913ef0dfa07fb03
e913ef0df507fb03
e913ef0dfb07fb03
e913ef0df507fb03
e913ef0dfc07fb03
e913ef0df507fb03
e913ef0dfd07fb03
e913ef0df507fb03
e913ef0dfe07fb03
e913ef0df507fb03
e913ef0dff07fb03
e913ef0df507fb03
e913ef0d0007fb03
e913ef0df507fb03
e913ef0d0107fb03
e913ef0df507fb03
e913ef0d0207fb03
e913ef0df507fb03
e913ef0d0307fb03
e913ef0df507fb03
e913ef0d0407fb03
e913ef0df507fb03
e913ef0d0507fb03
e913ef0df507fb03
e913ef0d0607fb03
e913ef0df507fb03
e913ef0d0707fb03
e913ef0df507fb03
e913ef0d0807fb03
e913ef0df507fb03
e913ef0d0907fb03
e913ef0df507fb03
e913ef0d0a07fb03
e913ef0df507fb03
e913ef0d0b07fb03
e913ef0df507fb03
e913ef0d0c07fb03
e913ef0df507fb03
e913ef0d0d07fb03
e913ef0df507fb03
e913ef0d0e07fb03
e913ef0df507fb03
e913ef0d0f07fb03
e913ef0df507fb03
e913ef0d1007fb03
e913ef0df507fb03
e913ef0d1107fb03
e913ef0df507fb03
e913ef0d1207fb03
e913ef0df507fb03
e913ef0d1307fb03
e913ef0df507fb03
e913ef0d1407fb03
e913ef0df507fb03
e913ef0d1507fb03
e913ef0df507fb03
e913ef0d1607fb03
e913ef0df507fb03
e913ef0d1707fb03
e913ef0df507fb03
e913ef0d1807fb03
e913ef0df507fb03
e913ef0d1907fb03
e913ef0df507fb03
e913ef0d1a07fb03
e913ef0df507fb03
e913ef0d1b07fb03
e913ef0df507fb03
e913ef0d1c07fb03
e913ef0df507fb03
e913ef0d1d07fb03
e913ef0df507fb03
e913ef0d1e07fb03
e913ef0df507fb03
e913ef0d1f07fb03
e913ef0df507fb03
e913ef0d2007fb03
e913ef0df507fb03
e913ef0d2107fb03
e913ef0df507fb03
e913ef0d2207fb03
e913ef0df507fb03
e913ef0d2307fb03
e913ef0df507fb03
e913ef0d2407fb03
e913ef0df507fb03
e913ef0d2507fb03
e913ef0df507fb03
e913ef0d2607fb03
e913ef0df507fb03
e913ef0d2707fb03
e913ef0df507fb03
e913ef0d2807fb03
e913ef0df507fb03
e913ef0d2907fb03
e913ef0df507fb03
e913ef0d2a07fb03
e913ef0df507fb03
e913ef0d2b07fb03
e913ef0df507fb03
e913ef0d2c07fb03
e913ef0df507fb03
e913ef0d2d07fb03
e913ef0df507fb03
e913ef0d2e07fb03
e913ef0df507fb03
e913ef0d2f07fb03
e913ef0df507fb03
e913ef0d3007fb03
e913ef0df507fb03
e913ef0d3107fb03
e913ef0df507fb03
e913ef0d3207fb03
e913ef0df507fb03
e913ef0d3307fb03
e913ef0df507fb03
e913ef0d3407fb03
e913ef0df507fb03
e913ef0d3507fb03
e913ef0df507fb03
e913ef0d3607fb03
e913ef0df507fb03
e913ef0d3707fb03
e913ef0df507fb03
e913ef0d3807fb03
e913ef0df507fb03
e913ef0d3907fb03
e913ef0df507fb03
e913ef0d3a07fb03
e913ef0df507fb03
e913ef0d3b07fb03
e913ef0df507fb03
e913ef0d3c07fb03
e913ef0df507fb03
e913ef0d3d07fb03
e913ef0df507fb03
e913ef0d3e07fb03
e913ef0df507fb03
e913ef0d3f07fb03
e913ef0df507fb03
e913ef0d4007fb03
e913ef0df507fb03
e913ef0d4107fb03
e913ef0df507fb03
e913ef0d4207fb03
e913ef0df507fb03
e913ef0d4307fb03
e913ef0df507fb03
e913ef0d4407fb03
e913ef0df507fb03
e913ef0d4507fb03
e913ef0df507fb03
e913ef0d4607fb03
e913ef0df507fb03
e913ef0d4707fb03
e913ef0df507fb03
e913ef0d4807fb03
e913ef0df507fb03
e913ef0d4907fb03
e913ef0df507fb03
e913ef0d4a07fb03
e913ef0df507fb03
e913ef0d4b07fb03
e913ef0df507fb03
e913ef0d4c07fb03
e913ef0df507fb03
e913ef0d4d07fb03
e913ef0df507fb03
e913ef0d4e07fb03
e913ef0df507fb03
e913ef0d4f07fb03
e913ef0df507fb03
e913ef0d5007fb03
e913ef0df507fb03
e913ef0d5107fb03
e913ef0df507fb03
e913ef0d5207fb03
e913ef0df507fb03
e913ef0d5307fb03
e913ef0df507fb03
e913ef0d5407fb03
e913ef0df507fb03
e913ef0d5507fb03
e913ef0df507fb03
e913ef0d5607fb03
e913ef0df507fb03
e913ef0d5707fb03
e913ef0df507fb03
e913ef0d5807fb03
e913ef0df507fb03
e913ef0d5907fb03
e913ef0df507fb03
e913ef0d5a07fb03
e913ef0df507fb03
e913ef0d5b07fb03
e913ef0df507fb03
e913ef0d5c07fb03
e913ef0df507fb03
e913ef0d5d07fb03
e913ef0df507fb03
e913ef0d5e07fb03
e913ef0df507fb03
e913ef0d5f07fb03
e913ef0df507fb03
e913ef0d6007fb03
e913ef0df507fb03
e913ef0d6107fb03
e913ef0df507fb03
e913ef0d6207fb03
e913ef0df507fb03
e913ef0d6307fb03
e913ef0df507fb03
e913ef0d6407fb03
e913ef0df507fb03
e913ef0d6507fb03
e913ef0df507fb03
e913ef0d6607fb03
e913ef0df507fb03
e913ef0d6707fb03
e913ef0df507fb03
e913ef0d6807fb03
e913ef0df507fb03
e913ef0d6907fb03
e913ef0df507fb03
e913ef0d6a07fb03
e913ef0df507fb03
e913ef0d6b07fb03
e913ef0df507fb03
e913ef0d6c07fb03
e913ef0df507fb03
e913ef0d6d07fb03
e913ef0df507fb03
e913ef0d6e07fb03
e913ef0df507fb03
e913ef0d6f07fb03
e913ef0df507fb03
e913ef0d7007fb03
e913ef0df507fb03
e913ef0d7107fb03
e913ef0df507fb03
e913ef0d7207fb03
e913ef0df507fb03
e913ef0d7307fb03
e913ef0df507fb03
e913ef0d7407fb03
e913ef0df507fb03
e913ef0d7507fb03
e913ef0df507fb03
e913ef0d7607fb03
e913ef0df507fb03
e913ef0d7707fb03
e913ef0df507fb03
e913ef0d7807fb03
e913ef0df507fb03
e913ef0d7907fb03
e913ef0df507fb03
e913ef0d7a07fb03
e913ef0df507fb03
e913ef0d7b07fb03
e913ef0df507fb03
e913ef0d7c07fb03
e913ef0df507fb03
e913ef0d7d07fb03
e913ef0df507fb03
e913ef0d7e07fb03
e913ef0df507fb03
e913ef0d7f07fb03
e913ef0df507fb03
e913ef80f507fb03
e913ef0df507fb03
e913ef81f507fb03
e913ef0df507fb03
e913ef82f507fb03
e913ef0df507fb03
e913ef83f507fb03
e913ef0df507fb03
e913ef84f507fb03
e913ef0df507fb03
e913ef85f507fb03
e913ef0df507fb03
e913ef86f507fb03
e913ef0df507fb03
e913ef87f507fb03
e913ef0df507fb03
e913ef88f507fb03
e913ef0df507fb03
e913ef89f507fb03
e913ef0df507fb03
e913ef8af507fb03
e913ef0df507fb03
e913ef8bf507fb03
e913ef0df507fb03
e913ef8cf507fb03
e913ef0df507fb03
e913ef8df507fb03
e913ef0df507fb03
e913ef8ef507fb03
e913ef0df507fb03
e913ef8ff507fb03
e913ef0df507fb03
e913ef90f507fb03
e913ef0df507fb03
e913ef91f507fb03
e913ef0df507fb03
e913ef92f507fb03
e913ef0df507fb03
e913ef93f507fb03
e913ef0df507fb03
e913ef94f507fb03
e913ef0df507fb03
e913ef95f507fb03
e913ef0df507fb03
e913ef96f507fb03
e913ef0df507fb03
e913ef97f507fb03
e913ef0df507fb03
e913ef98f507fb03
e913ef0df507fb03
e913ef99f507fb03
e913ef0df507fb03
e913ef9af507fb03
e913ef0df507fb03
e913ef9bf507fb03
e913ef0df507fb03
e913ef9cf507fb03
e913ef0df507fb03
e913ef9df507fb03
e913ef0df507fb03
e913ef9ef507fb03
e913ef0df507fb03
e913ef9ff507fb03
e913ef0df507fb03
e913efa0f507fb03
e913ef0df507fb03
e913efa1f507fb03
e913ef0df507fb03
e913efa2f507fb03
e913ef0df507fb03
e913efa3f507fb03
e913ef0df507fb03
e913efa4f507fb03
e913ef0df507fb03
e913efa5f507fb03
e913ef0df507fb03
e913efa6f507fb03
e913ef0df507fb03
e913efa7f507fb03
e913ef0df507fb03
e913efa8f507fb03
e913ef0df507fb03
e913efa9f507fb03
e913ef0df507fb03
e913efaaf507fb03
e913ef0df507fb03
e913efabf507fb03
e913ef0df507fb03
e913efacf507fb03
e913ef0df507fb03
e913efadf507fb03
e913ef0df507fb03
e913efaef507fb03
e913ef0df507fb03
e913efaff507fb03
e913ef0df507fb03
e913efb0f507fb03
e913ef0df507fb03
e913efb1f507fb03
e913ef0df507fb03
e913efb2f507fb03
e913ef0df507fb03
e913efb3f507fb03
e913ef0df507fb03
e913efb4f507fb03
e913ef0df507fb03
e913efb5f507fb03
e913ef0df507fb03
e913efb6f507fb03
e913ef0df507fb03
e913efb7f507fb03
e913ef0df507fb03
e913efb8f507fb03
e913ef0df507fb03
e913efb9f507fb03
e913ef0df507fb03
e913efbaf507fb03
e913ef0df507fb03
e913efbbf507fb03
e913ef0df507fb03
e913efbcf507fb03
e913ef0df507fb03
e913efbdf507fb03
e913ef0df507fb03
e913efbef507fb03
e913ef0df507fb03
e913efbff507fb03
e913ef0df507fb03
e913efc0f507fb03
e913ef0df507fb03
e913efc1f507fb03
e913ef0df507fb03
e913efc2f507fb03
e913ef0df507fb03
e913efc3f507fb03
e913ef0df507fb03
e913efc4f507fb03
e913ef0df507fb03
e913efc5f507fb03
e913ef0df507fb03
e913efc6f507fb03
e913ef0df507fb03
e913efc7f507fb03
e913ef0df507fb03
e913efc8f507fb03
e913ef0df507fb03
e913efc9f507fb03
e913ef0df507fb03
e913efcaf507fb03
e913ef0df507fb03
e913efcbf507fb03
e913ef0df507fb03
e913efccf507fb03
e913ef0df507fb03
e913efcdf507fb03
e913ef0df507fb03
e913efcef507fb03
e913ef0df507fb03
e913efcff507fb03
e913ef0df507fb03
e913efd0f507fb03
e913ef0df507fb03
e913efd1f507fb03
e913ef0df507fb03
e913efd2f507fb03
e913ef0df507fb03
e913efd3f507fb03
e913ef0df507fb03
e913efd4f507fb03
e913ef0df507fb03
e913efd5f507fb03
e913ef0df507fb03
e913efd6f507fb03
e913ef0df507fb03
e913efd7f507fb03
e913ef0df507fb03
e913efd8f507fb03
e913ef0df507fb03
e913efd9f507fb03
e913ef0df507fb03
e913efdaf507fb03
e913ef0df507fb03
e913efdbf507fb03
e913ef0df507fb03
e913efdcf507fb03
e913ef0df507fb03
e913efddf507fb03
e913ef0df507fb03
e913efdef507fb03
e913ef0df507fb03
e913efdff507fb03
e913ef0df507fb03
e913efe0f507fb03
e913ef0df507fb03
e913efe1f507fb03
e913ef0df507fb03
e913efe2f507fb03
e913ef0df507fb03
e913efe3f507fb03
e913ef0df507fb03
e913efe4f507fb03
e913ef0df507fb03
e913efe5f507fb03
e913ef0df507fb03
e913efe6f507fb03
e913ef0df507fb03
e913efe7f507fb03
e913ef0df507fb03
e913efe8f507fb03
e913ef0df507fb03
e913efe9f507fb03
e913ef0df507fb03
e913efeaf507fb03
e913ef0df507fb03
e913efebf507fb03
e913ef0df507fb03
e913efecf507fb03
e913ef0df507fb03
e913efedf507fb03
e913ef0df507fb03
e913efeef507fb03
e913ef0df507fb03
e913efeff507fb03
e913ef0df507fb03
e913eff0f507fb03
e913ef0df507fb03
e913eff1f507fb03
e913ef0df507fb03
e913eff2f507fb03
e913ef0df507fb03
e913eff3f507fb03
e913ef0df507fb03
e913eff4f507fb03
e913ef0df507fb03
e913eff5f507fb03
e913ef0df507fb03
e913eff6f507fb03
e913ef0df507fb03
e913eff7f507fb03
e913ef0df507fb03
e913eff8f507fb03
e913ef0df507fb03
e913eff9f507fb03
e913ef0df507fb03
e913effaf507fb03
e913ef0df507fb03
e913effbf507fb03
e913ef0df507fb03
e913effcf507fb03
e913ef0df507fb03
e913effdf507fb03
e913ef0df507fb03
e913effef507fb03
e913ef0df507fb03
e913effff507fb03
e913ef0df507fb03
e913ef00f507fb03
e913ef0df507fb03
e913ef01f507fb03
e913ef0df507fb03
e913ef02f507fb03
e913ef0df507fb03
e913ef03f507fb03
e913ef0df507fb03
e913ef04f507fb03
e913ef0df507fb03
e913ef05f507fb03
e913ef0df507fb03
e913ef06f507fb03
e913ef0df507fb03
e913ef07f507fb03
e913ef0df507fb03
e913ef08f507fb03
e913ef0df507fb03
e913ef09f507fb03
e913ef0df507fb03
e913ef0af507fb03
e913ef0df507fb03
e913ef0bf507fb03
e913ef0df507fb03
e913ef0cf507fb03
e913ef0df507fb03
e913ef0df507fb03
e913ef0df507fb03
e913ef0ef507fb03
e913ef0df507fb03
e913ef0ff507fb03
e913ef0df507fb03
e913ef10f507fb03
e913ef0df507fb03
e913ef11f507fb03
e913ef0df507fb03
e913ef12f507fb03
e913ef0df507fb03
e913ef13f507fb03
e913ef0df507fb03
e913ef14f507fb03
e913ef0df507fb03
e913ef15f507fb03
e913ef0df507fb03
e913ef16f507fb03
e913ef0df507fb03
e913ef17f507fb03
e913ef0df507fb03
e913ef18f507fb03
e913ef0df507fb03
e913ef19f507fb03
e913ef0df507fb03
e913ef1af507fb03
e913ef0df507fb03
e913ef1bf507fb03
e913ef0df507fb03
e913ef1cf507fb03
e913ef0df507fb03
e913ef1df507fb03
e913ef0df507fb03
e913ef1ef507fb03
e913ef0df507fb03
e913ef1ff507fb03
e913ef0df507fb03
e913ef20f507fb03
e913ef0df507fb03
e913ef21f507fb03
e913ef0df507fb03
e913ef22f507fb03
e913ef0df507fb03
e913ef23f507fb03
e913ef0df507fb03
e913ef24f507fb03
e913ef0df507fb03
e913ef25f507fb03
e913ef0df507fb03
e913ef26f507fb03
e913ef0df507fb03
e913ef27f507fb03
e913ef0df507fb03
e913ef28f507fb03
e913ef0df507fb03
e913ef29f507fb03
e913ef0df507fb03
e913ef2af507fb03
e913ef0df507fb03
e913ef2bf507fb03
e913ef0df507fb03
e913ef2cf507fb03
e913ef0df507fb03
e913ef2df507fb03
e913ef0df507fb03
e913ef2ef507fb03
e913ef0df507fb03
e913ef2ff507fb03
e913ef0df507fb03
e913ef30f507fb03
e913ef0df507fb03
e913ef31f507fb03
e913ef0df507fb03
e913ef32f507fb03
e913ef0df507fb03
e913ef33f507fb03
e913ef0df507fb03
e913ef34f507fb03
e913ef0df507fb03
e913ef35f507fb03
e913ef0df507fb03
e913ef36f507fb03
e913ef0df507fb03
e913ef37f507fb03
e913ef0df507fb03
e913ef38f507fb03
e913ef0df507fb03
e913ef39f507fb03
e913ef0df507fb03
e913ef3af507fb03
e913ef0df507fb03
e913ef3bf507fb03
e913ef0df507fb03
e913ef3cf507fb03
e913ef0df507fb03
e913ef3df507fb03
e913ef0df507fb03
e913ef3ef507fb03
e913ef0df507fb03
e913ef3ff507fb03
e913ef0df507fb03
e913ef40f507fb03
e913ef0df507fb03
e913ef41f507fb03
e913ef0df507fb03
e913ef42f507fb03
e913ef0df507fb03
e913ef43f507fb03
e913ef0df507fb03
e913ef44f507fb03
e913ef0df507fb03
e913ef45f507fb03
e913ef0df507fb03
e913ef46f507fb03
e913ef0df507fb03
e913ef47f507fb03
e913ef0df507fb03
e913ef48f507fb03
e913ef0df507fb03
e913ef49f507fb03
e913ef0df507fb03
e913ef4af507fb03
e913ef0df507fb03
e913ef4bf507fb03
e913ef0df507fb03
e913ef4cf507fb03
e913ef0df507fb03
e913ef4df507fb03
e913ef0df507fb03
e913ef4ef507fb03
e913ef0df507fb03
e913ef4ff507fb03
e913ef0df507fb03
e913ef50f507fb03
e913ef0df507fb03
e913ef51f507fb03
e913ef0df507fb03
e913ef52f507fb03
e913ef0df507fb03
e913ef53f507fb03
e913ef0df507fb03
e913ef54f507fb03
e913ef0df507fb03
e913ef55f507fb03
e913ef0df507fb03
e913ef56f507fb03
e913ef0df507fb03
e913ef57f507fb03
e913ef0df507fb03
e913ef58f507fb03
e913ef0df507fb03
e913ef59f507fb03
e913ef0df507fb03
e913ef5af507fb03
e913ef0df507fb03
e913ef5bf507fb03
e913ef0df507fb03
e913ef5cf507fb03
e913ef0df507fb03
e913ef5df507fb03
e913ef0df507fb03
e913ef5ef507fb03
e913ef0df507fb03
e913ef5ff507fb03
e913ef0df507fb03
e913ef60f507fb03
e913ef0df507fb03
e913ef61f507fb03
e913ef0df507fb03
e913ef62f507fb03
e913ef0df507fb03
e913ef63f507fb03
e913ef0df507fb03
e913ef64f507fb03
e913ef0df507fb03
e913ef65f507fb03
e913ef0df507fb03
e913ef66f507fb03
e913ef0df507fb03
e913ef67f507fb03
e913ef0df507fb03
e913ef68f507fb03
e913ef0df507fb03
e913ef69f507fb03
e913ef0df507fb03
e913ef6af507fb03
e913ef0df507fb03
e913ef6bf507fb03
e913ef0df507fb03
e913ef6cf507fb03
e913ef0df507fb03
e913ef6df507fb03
e913ef0df507fb03
e913ef6ef507fb03
e913ef0df507fb03
e913ef6ff507fb03
e913ef0df507fb03
e913ef70f507fb03
e913ef0df507fb03
e913ef71f507fb03
e913ef0df507fb03
e913ef72f507fb03
e913ef0df507fb03
e913ef73f507fb03
e913ef0df507fb03
e913ef74f507fb03
e913ef0df507fb03
e913ef75f507fb03
e913ef0df507fb03
e913ef76f507fb03
e913ef0df507fb03
e913ef77f507fb03
e913ef0df507fb03
e913ef78f507fb03
e913ef0df507fb03
e913ef79f507fb03
e913ef0df507fb03
e913ef7af507fb03
e913ef0df507fb03
e913ef7bf507fb03
e913ef0df507fb03
e913ef7cf507fb03
e913ef0df507fb03
e913ef7df507fb03
e913ef0df507fb03
e913ef7ef507fb03
e913ef0df507fb03
e913ef7ff507fb03
e913ef0df507fb03
e913800df507fb03
e913ef0df507fb03
e913810df507fb03
e913ef0df507fb03
e913820df507fb03
e913ef0df507fb03
e913830df507fb03
e913ef0df507fb03
e913840df507fb03
e913ef0df507fb03
e913850df507fb03
e913ef0df507fb03
e913860df507fb03
e913ef0df507fb03
e913870df507fb03
e913ef0df507fb03
e913880df507fb03
e913ef0df507fb03
e913890df507fb03
e913ef0df507fb03
e9138a0df507fb03
e913ef0df507fb03
e9138b0df507fb03
e913ef0df507fb03
e9138c0df507fb03
e913ef0df507fb03
e9138d0df507fb03
e913ef0df507fb03
e9138e0df507fb03
e913ef0df507fb03
e9138f0df507fb03
e913ef0df507fb03
e913900df507fb03
e913ef0df507fb03
e913910df507fb03
e913ef0df507fb03
e913920df507fb03
e913ef0df507fb03
e913930df507fb03
e913ef0df507fb03
e913940df507fb03
e913ef0df507fb03
e913950df507fb03
e913ef0df507fb03
e913960df507fb03
e913ef0df507fb03
e913970df507fb03
e913ef0df507fb03
e913980df507fb03
e913ef0df507fb03
e913990df507fb03
e913ef0df507fb03
e9139a0df507fb03
e913ef0df507fb03
e9139b0df507fb03
e913ef0df507fb03
e9139c0df507fb03
e913ef0df507fb03
e9139d0df507fb03
e913ef0df507fb03
e9139e0df507fb03
e913ef0df507fb03
e9139f0df507fb03
e913ef0df507fb03
e913a00df507fb03
e913ef0df507fb03
e913a10df507fb03
e913ef0df507fb03
e913a20df507fb03
e913ef0df507fb03
e913a30df507fb03
e913ef0df507fb03
e913a40df507fb03
e913ef0df507fb03
e913a50df507fb03
e913ef0df507fb03
e913a60df507fb03
e913ef0df507fb03
e913a70df507fb03
e913ef0df507fb03
e913a80df507fb03
e913ef0df507fb03
e913a90df507fb03
e913ef0df507fb03
e913aa0df507fb03
e913ef0df507fb03
e913ab0df507fb03
e913ef0df507fb03
e913ac0df507fb03
e913ef0df507fb03
e913ad0df507fb03
e913ef0df507fb03
e913ae0df507fb03
e913ef0df507fb03
e913af0df507fb03
e913ef0df507fb03
e913b00df507fb03
e913ef0df507fb03
e913b10df507fb03
e913ef0df507fb03
e913b20df507fb03
e913ef0df507fb03
e913b30df507fb03
e913ef0df507fb03
e913b40df507fb03
e913ef0df507fb03
e913b50df507fb03
e913ef0df507fb03
e913b60df507fb03
e913ef0df507fb03
e913b70df507fb03
e913ef0df507fb03
e913b80df507fb03
e913ef0df507fb03
e913b90df507fb03
e913ef0df507fb03
e913ba0df507fb03
e913ef0df507fb03
e913bb0df507fb03
e913ef0df507fb03
e913bc0df507fb03
e913ef0df507fb03
e913bd0df507fb03
e913ef0df507fb03
e913be0df507fb03
e913ef0df507fb03
e913bf0df507fb03
e913ef0df507fb03
e913c00df507fb03
e913ef0df507fb03
e913c10df507fb03
e913ef0df507fb03
e913c20df507fb03
e913ef0df507fb03
e913c30df507fb03
e913ef0df507fb03
e913c40df507fb03
e913ef0df507fb03
e913c50df507fb03
e913ef0df507fb03
e913c60df507fb03
e913ef0df507fb03
e913c70df507fb03
e913ef0df507fb03
e913c80df507fb03
e913ef0df507fb03
e913c90df507fb03
e913ef0df507fb03
e913ca0df507fb03
e913ef0df507fb03
e913cb0df507fb03
e913ef0df507fb03
e913cc0df507fb03
e913ef0df507fb03
e913cd0df507fb03
e913ef0df507fb03
e913ce0df507fb03
e913ef0df507fb03
e913cf0df507fb03
e913ef0df507fb03
e913d00df507fb03
e913ef0df507fb03
e913d10df507fb03
e913ef0df507fb03
e913d20df507fb03
e913ef0df507fb03
e913d30df507fb03
e913ef0df507fb03
e913d40df507fb03
e913ef0df507fb03
e913d50df507fb03
e913ef0df507fb03
e913d60df507fb03
e913ef0df507fb03
e913d70df507fb03
e913ef0df507fb03
e913d80df507fb03
e913ef0df507fb03
e913d90df507fb03
e913ef0df507fb03
e913da0df507fb03
e913ef0df507fb03
e913db0df507fb03
e913ef0df507fb03
e913dc0df507fb03
e913ef0df507fb03
e913dd0df507fb03
e913ef0df507fb03
e913de0df507fb03
e913ef0df507fb03
e913df0df507fb03
e913ef0df507fb03
e913e00df507fb03
e913ef0df507fb03
e913e10df507fb03
e913ef0df507fb03
e913e20df507fb03
e913ef0df507fb03
e913e30df507fb03
e913ef0df507fb03
e913e40df507fb03
e913ef0df507fb03
e913e50df507fb03
e913ef0df507fb03
e913e60df507fb03
e913ef0df507fb03
e913e70df507fb03
e913ef0df507fb03
e913e80df507fb03
e913ef0df507fb03
e913e90df507fb03
e913ef0df507fb03
e913ea0df507fb03
e913ef0df507fb03
e913eb0df507fb03
e913ef0df507fb03
e913ec0df507fb03
e913ef0df507fb03
e913ed0df507fb03
e913ef0df507fb03
e913ee0df507fb03
e913ef0df507fb03
e913ef0df507fb03
e913ef0df507fb03
e913f00df507fb03
e913ef0df507fb03
e913f10df507fb03
e913ef0df507fb03
e913f20df507fb03
e913ef0df507fb03
e913f30df507fb03
e913ef0df507fb03
e913f40df507fb03
e913ef0df507fb03
e913f50df507fb03
e913ef0df507fb03
e913f60df507fb03
e913ef0df507fb03
e913f70df507fb03
e913ef0df507fb03
e913f80df507fb03
e913ef0df507fb03
e913f90df507fb03
e913ef0df507fb03
e913fa0df507fb03
e913ef0df507fb03
e913fb0df507fb03
e913ef0df507fb03
e913fc0df507fb03
e913ef0df507fb03
e913fd0df507fb03
e913ef0df507fb03
e913fe0df507fb03
e913ef0df507fb03
e913ff0df507fb03
e913ef0df507fb03
e913000df507fb03
e913ef0df507fb03
e913010df507fb03
e913ef0df507fb03
e913020df507fb03
e913ef0df507fb03
e913030df507fb03
e913ef0df507fb03
e913040df507fb03
e913ef0df507fb03
e913050df507fb03
e913ef0df507fb03
e913060df507fb03
e913ef0df507fb03
e913070df507fb03
e913ef0df507fb03
e913080df507fb03
e913ef0df507fb03
e913090df507fb03
e913ef0df507fb03
e9130a0df507fb03
e913ef0df507fb03
e9130b0df507fb03
e913ef0df507fb03
e9130c0df507fb03
e913ef0df507fb03
e9130d0df507fb03
e913ef0df507fb03
e9130e0df507fb03
e913ef0df507fb03
e9130f0df507fb03
e913ef0df507fb03
e913100df507fb03
e913ef0df507fb03
e913110df507fb03
e913ef0df507fb03
e913120df507fb03
e913ef0df507fb03
e913130df507fb03
e913ef0df507fb03
e913140df507fb03
e913ef0df507fb03
e913150df507fb03
e913ef0df507fb03
e913160df507fb03
e913ef0df507fb03
e913170df507fb03
e913ef0df507fb03
e913180df507fb03
e913ef0df507fb03
e913190df507fb03
e913ef0df507fb03
e9131a0df507fb03
e913ef0df507fb03
e9131b0df507fb03
e913ef0df507fb03
e9131c0df507fb03
e913ef0df507fb03
e9131d0df507fb03
e913ef0df507fb03
e9131e0df507fb03
e913ef0df507fb03
e9131f0df507fb03
e913ef0df507fb03
e913200df507fb03
e913ef0df507fb03
e913210df507fb03
e913ef0df507fb03
e913220df507fb03
e913ef0df507fb03
e913230df507fb03
e913ef0df507fb03
e913240df507fb03
e913ef0df507fb03
e913250df507fb03
e913ef0df507fb03
e913260df507fb03
e913ef0df507fb03
e913270df507fb03
e913ef0df507fb03
e913280df507fb03
e913ef0df507fb03
e913290df507fb03
e913ef0df507fb03
e9132a0df507fb03
e913ef0df507fb03
e9132b0df507fb03
e913ef0df507fb03
e9132c0df507fb03
e913ef0df507fb03
e9132d0df507fb03
e913ef0df507fb03
e9132e0df507fb03
e913ef0df507fb03
e9132f0df507fb03
e913ef0df507fb03
e913300df507fb03
e913ef0df507fb03
e913310df507fb03
e913ef0df507fb03
e913320df507fb03
e913ef0df507fb03
e913330df507fb03
e913ef0df507fb03
e913340df507fb03
e913ef0df507fb03
e913350df507fb03
e913ef0df507fb03
e913360df507fb03
e913ef0df507fb03
e913370df507fb03
e913ef0df507fb03
e913380df507fb03
e913ef0df507fb03
e913390df507fb03
e913ef0df507fb03
e9133a0df507fb03
e913ef0df507fb03
e9133b0df507fb03
e913ef0df507fb03
e9133c0df507fb03
e913ef0df507fb03
e9133d0df507fb03
e913ef0df507fb03
e9133e0df507fb03
e913ef0df507fb03
e9133f0df507fb03
e913ef0df507fb03
e913400df507fb03
e913ef0df507fb03
e913410df507fb03
e913ef0df507fb03
e913420df507fb03
e913ef0df507fb03
e913430df507fb03
e913ef0df507fb03
e913440df507fb03
e913ef0df507fb03
e913450df507fb03
e913ef0df507fb03
e913460df507fb03
e913ef0df507fb03
e913470df507fb03
e913ef0df507fb03
e913480df507fb03
e913ef0df507fb03
e913490df507fb03
e913ef0df507fb03
e9134a0df507fb03
e913ef0df507fb03
e9134b0df507fb03
e913ef0df507fb03
e9134c0df507fb03
e913ef0df507fb03
e9134d0df507fb03
e913ef0df507fb03
e9134e0df507fb03
e913ef0df507fb03
e9134f0df507fb03
e913ef0df507fb03
e913500df507fb03
e913ef0df507fb03
e913510df507fb03
e913ef0df507fb03
e913520df507fb03
e913ef0df507fb03
e913530df507fb03
e913ef0df507fb03
e913540df507fb03
e913ef0df507fb03
e913550df507fb03
e913ef0df507fb03
e913560df507fb03
e913ef0df507fb03
e913570df507fb03
e913ef0df507fb03
e913580df507fb03
e913ef0df507fb03
e913590df507fb03
e913ef0df507fb03
e9135a0df507fb03
e913ef0df507fb03
e9135b0df507fb03
e913ef0df507fb03
e9135c0df507fb03
e913ef0df507fb03
e9135d0df507fb03
e913ef0df507fb03
e9135e0df507fb03
e913ef0df507fb03
e9135f0df507fb03
e913ef0df507fb03
e913600df507fb03
e913ef0df507fb03
e913610df507fb03
e913ef0df507fb03
e913620df507fb03
e913ef0df507fb03
e913630df507fb03
e913ef0df507fb03
e913640df507fb03
e913ef0df507fb03
e913650df507fb03
e913ef0df507fb03
e913660df507fb03
e913ef0df507fb03
e913670df507fb03
e913ef0df507fb03
e913680df507fb03
e913ef0df507fb03
e913690df507fb03
e913ef0df507fb03
e9136a0df507fb03
e913ef0df507fb03
e9136b0df507fb03
e913ef0df507fb03
e9136c0df507fb03
e913ef0df507fb03
e9136d0df507fb03
e913ef0df507fb03
e9136e0df507fb03
e913ef0df507fb03
e9136f0df507fb03
e913ef0df507fb03
e913700df507fb03
e913ef0df507fb03
e913710df507fb03
e913ef0df507fb03
e913720df507fb03
e913ef0df507fb03
e913730df507fb03
e913ef0df507fb03
e913740df507fb03
e913ef0df507fb03
e913750df507fb03
e913ef0df507fb03
e913760df507fb03
e913ef0df507fb03
e913770df507fb03
e913ef0df507fb03
e913780df507fb03
e913ef0df507fb03
e913790df507fb03
e913ef0df507fb03
e9137a0df507fb03
e913ef0df507fb03
e9137b0df507fb03
e913ef0df507fb03
e9137c0df507fb03
e913ef0df507fb03
e9137d0df507fb03
e913ef0df507fb03
e9137e0df507fb03
e913ef0df507fb03
e9137f0df507fb03
e913ef0df507fb03
e980ef0df507fb03
e913ef0df507fb03
e981ef0df507fb03
e913ef0df507fb03
e982ef0df507fb03
e913ef0df507fb03
e983ef0df507fb03
e913ef0df507fb03
e984ef0df507fb03
e913ef0df507fb03
e985ef0df507fb03
e913ef0df507fb03
e986ef0df507fb03
e913ef0df507fb03
e987ef0df507fb03
e913ef0df507fb03
e988ef0df507fb03
e913ef0df507fb03
e989ef0df507fb03
e913ef0df507fb03
e98aef0df507fb03
e913ef0df507fb03
e98bef0df507fb03
e913ef0df507fb03
e98cef0df507fb03
e913ef0df507fb03
e98def0df507fb03
e913ef0df507fb03
e98eef0df507fb03
e913ef0df507fb03
e98fef0df507fb03
e913ef0df507fb03
e990ef0df507fb03
e913ef0df507fb03
e991ef0df507fb03
e913ef0df507fb03
e992ef0df507fb03
e913ef0df507fb03
e993ef0df507fb03
e913ef0df507fb03
e994ef0df507fb03
e913ef0df507fb03
e995ef0df507fb03
e913ef0df507fb03
e996ef0df507fb03
e913ef0df507fb03
e997ef0df507fb03
e913ef0df507fb03
e998ef0df507fb03
e913ef0df507fb03
e999ef0df507fb03
e913ef0df507fb03
e99aef0df507fb03
e913ef0df507fb03
e99bef0df507fb03
e913ef0df507fb03
e99cef0df507fb03
e913ef0df507fb03
e99def0df507fb03
e913ef0df507fb03
e99eef0df507fb03
e913ef0df507fb03
e99fef0df507fb03
e913ef0df507fb03
e9a0ef0df507fb03
e913ef0df507fb03
e9a1ef0df507fb03
e913ef0df507fb03
e9a2ef0df507fb03
e913ef0df507fb03
e9a3ef0df507fb03
e913ef0df507fb03
e9a4ef0df507fb03
e913ef0df507fb03
e9a5ef0df507fb03
e913ef0df507fb03
e9a6ef0df507fb03
e913ef0df507fb03
e9a7ef0df507fb03
e913ef0df507fb03
e9a8ef0df507fb03
e913ef0df507fb03
e9a9ef0df507fb03
e913ef0df507fb03
e9aaef0df507fb03
e913ef0df507fb03
e9abef0df507fb03
e913ef0df507fb03
e9acef0df507fb03
e913ef0df507fb03
e9adef0df507fb03
e913ef0df507fb03
e9aeef0df507fb03
e913ef0df507fb03
e9afef0df507fb03
e913ef0df507fb03
e9b0ef0df507fb03
e913ef0df507fb03
e9b1ef0df507fb03
e913ef0df507fb03
e9b2ef0df507fb03
e913ef0df507fb03
e9b3ef0df507fb03
e913ef0df507fb03
e9b4ef0df507fb03
e913ef0df507fb03
e9b5ef0df507fb03
e913ef0df507fb03
e9b6ef0df507fb03
e913ef0df507fb03
e9b7ef0df507fb03
e913ef0df507fb03
e9b8ef0df507fb03
e913ef0df507fb03
e9b9ef0df507fb03
e913ef0df507fb03
e9baef0df507fb03
e913ef0df507fb03
e9bbef0df507fb03
e913ef0df507fb03
e9bcef0df507fb03
e913ef0df507fb03
e9bdef0df507fb03
e913ef0df507fb03
e9beef0df507fb03
e913ef0df507fb03
e9bfef0df507fb03
e913ef0df507fb03
e9c0ef0df507fb03
e913ef0df507fb03
e9c1ef0df507fb03
e913ef0df507fb03
e9c2ef0df507fb03
e913ef0df507fb03
e9c3ef0df507fb03
e913ef0df507fb03
e9c4ef0df507fb03
e913ef0df507fb03
e9c5ef0df507fb03
e913ef0df507fb03
e9c6ef0df507fb03
e913ef0df507fb03
e9c7ef0df507fb03
e913ef0df507fb03
e9c8ef0df507fb03
e913ef0df507fb03
e9c9ef0df507fb03
e913ef0df507fb03
e9caef0df507fb03
e913ef0df507fb03
e9cbef0df507fb03
e913ef0df507fb03
e9ccef0df507fb03
e913ef0df507fb03
e9cdef0df507fb03
e913ef0df507fb03
e9ceef0df507fb03
e913ef0df507fb03
e9cfef0df507fb03
e913ef0df507fb03
e9d0ef0df507fb03
e913ef0df507fb03
e9d1ef0df507fb03
e913ef0df507fb03
e9d2ef0df507fb03
e913ef0df507fb03
e9d3ef0df507fb03
e913ef0df507fb03
e9d4ef0df507fb03
e913ef0df507fb03
e9d5ef0df507fb03
e913ef0df507fb03
e9d6ef0df507fb03
e913ef0df507fb03
e9d7ef0df507fb03
e913ef0df507fb03
e9d8ef0df507fb03
e913ef0df507fb03
e9d9ef0df507fb03
e913ef0df507fb03
e9daef0df507fb03
e913ef0df507fb03
e9dbef0df507fb03
e913ef0df507fb03
e9dcef0df507fb03
e913ef0df507fb03
e9ddef0df507fb03
e913ef0df507fb03
e9deef0df507fb03
e913ef0df507fb03
e9dfef0df507fb03
e913ef0df507fb03
e9e0ef0df507fb03
e913ef0df507fb03
e9e1ef0df507fb03
e913ef0df507fb03
e9e2ef0df507fb03
e913ef0df507fb03
e9e3ef0df507fb03
e913ef0df507fb03
e9e4ef0df507fb03
e913ef0df507fb03
e9e5ef0df507fb03
e913ef0df507fb03
e9e6ef0df507fb03
e913ef0df507fb03
e9e7ef0df507fb03
e913ef0df507fb03
e9e8ef0df507fb03
e913ef0df507fb03
e9e9ef0df507fb03
e913ef0df507fb03
e9eaef0df507fb03
e913ef0df507fb03
e9ebef0df507fb03
e913ef0df507fb03
e9ecef0df507fb03
e913ef0df507fb03
e9edef0df507fb03
e913ef0df507fb03
e9eeef0df507fb03
e913ef0df507fb03
e9efef0df507fb03
e913ef0df507fb03
e9f0ef0df507fb03
e913ef0df507fb03
e9f1ef0df507fb03
e913ef0df507fb03
e9f2ef0df507fb03
e913ef0df507fb03
e9f3ef0df507fb03
e913ef0df507fb03
e9f4ef0df507fb03
e913ef0df507fb03
e9f5ef0df507fb03
e913ef0df507fb03
e9f6ef0df507fb03
e913ef0df507fb03
e9f7ef0df507fb03
e913ef0df507fb03
e9f8ef0df507fb03
e913ef0df507fb03
e9f9ef0df507fb03
e913ef0df507fb03
e9faef0df507fb03
e913ef0df507fb03
e9fbef0df507fb03
e913ef0df507fb03
e9fcef0df507fb03
e913ef0df507fb03
e9fdef0df507fb03
e913ef0df507fb03
e9feef0df507fb03
e913ef0df507fb03
e9ffef0df507fb03
e913ef0df507fb03
e900ef0df507fb03
e913ef0df507fb03
e901ef0df507fb03
e913ef0df507fb03
e902ef0df507fb03
e913ef0df507fb03
e903ef0df507fb03
e913ef0df507fb03
e904ef0df507fb03
e913ef0df507fb03
e905ef0df507fb03
e913ef0df507fb03
e906ef0df507fb03
e913ef0df507fb03
e907ef0df507fb03
e913ef0df507fb03
e908ef0df507fb03
e913ef0df507fb03
e909ef0df507fb03
e913ef0df507fb03
e90aef0df507fb03
e913ef0df507fb03
e90bef0df507fb03
e913ef0df507fb03
e90cef0df507fb03
e913ef0df507fb03
e90def0df507fb03
e913ef0df507fb03
e90eef0df507fb03
e913ef0df507fb03
e90fef0df507fb03
e913ef0df507fb03
e910ef0df507fb03
e913ef0df507fb03
e911ef0df507fb03
e913ef0df507fb03
e912ef0df507fb03
e913ef0df507fb03
e913ef0df507fb03
e913ef0df507fb03
e914ef0df507fb03
e913ef0df507fb03
e915ef0df507fb03
e913ef0df507fb03
e916ef0df507fb03
e913ef0df507fb03
e917ef0df507fb03
e913ef0df507fb03
e918ef0df507fb03
e913ef0df507fb03
e919ef0df507fb03
e913ef0df507fb03
e91aef0df507fb03
e913ef0df507fb03
e91bef0df507fb03
e913ef0df507fb03
e91cef0df507fb03
e913ef0df507fb03
e91def0df507fb03
e913ef0df507fb03
e91eef0df507fb03
e913ef0df507fb03
e91fef0df507fb03
e913ef0df507fb03
e920ef0df507fb03
e913ef0df507fb03
e921ef0df507fb03
e913ef0df507fb03
e922ef0df507fb03
e913ef0df507fb03
e923ef0df507fb03
e913ef0df507fb03
e924ef0df507fb03
e913ef0df507fb03
e925ef0df507fb03
e913ef0df507fb03
e926ef0df507fb03
e913ef0df507fb03
e927ef0df507fb03
e913ef0df507fb03
e928ef0df507fb03
e913ef0df507fb03
e929ef0df507fb03
e913ef0df507fb03
e92aef0df507fb03
e913ef0df507fb03
e92bef0df507fb03
e913ef0df507fb03
e92cef0df507fb03
e913ef0df507fb03
e92def0df507fb03
e913ef0df507fb03
e92eef0df507fb03
e913ef0df507fb03
e92fef0df507fb03
e913ef0df507fb03
e930ef0df507fb03
e913ef0df507fb03
e931ef0df507fb03
e913ef0df507fb03
e932ef0df507fb03
e913ef0df507fb03
e933ef0df507fb03
e913ef0df507fb03
e934ef0df507fb03
e913ef0df507fb03
e935ef0df507fb03
e913ef0df507fb03
e936ef0df507fb03
e913ef0df507fb03
e937ef0df507fb03
e913ef0df507fb03
e938ef0df507fb03
e913ef0df507fb03
e939ef0df507fb03
e913ef0df507fb03
e93aef0df507fb03
e913ef0df507fb03
e93bef0df507fb03
e913ef0df507fb03
e93cef0df507fb03
e913ef0df507fb03
e93def0df507fb03
e913ef0df507fb03
e93eef0df507fb03
e913ef0df507fb03
e93fef0df507fb03
e913ef0df507fb03
e940ef0df507fb03
e913ef0df507fb03
e941ef0df507fb03
e913ef0df507fb03
e942ef0df507fb03
e913ef0df507fb03
e943ef0df507fb03
e913ef0df507fb03
e944ef0df507fb03
e913ef0df507fb03
e945ef0df507fb03
e913ef0df507fb03
e946ef0df507fb03
e913ef0df507fb03
e947ef0df507fb03
e913ef0df507fb03
e948ef0df507fb03
e913ef0df507fb03
e949ef0df507fb03
e913ef0df507fb03
e94aef0df507fb03
e913ef0df507fb03
e94bef0df507fb03
e913ef0df507fb03
e94cef0df507fb03
e913ef0df507fb03
e94def0df507fb03
e913ef0df507fb03
e94eef0df507fb03
e913ef0df507fb03
e94fef0df507fb03
e913ef0df507fb03
e950ef0df507fb03
e913ef0df507fb03
e951ef0df507fb03
e913ef0df507fb03
e952ef0df507fb03
e913ef0df507fb03
e953ef0df507fb03
e913ef0df507fb03
e954ef0df507fb03
e913ef0df507fb03
e955ef0df507fb03
e913ef0df507fb03
e956ef0df507fb03
e913ef0df507fb03
e957ef0df507fb03
e913ef0df507fb03
e958ef0df507fb03
e913ef0df507fb03
e959ef0df507fb03
e913ef0df507fb03
e95aef0df507fb03
e913ef0df507fb03
e95bef0df507fb03
e913ef0df507fb03
e95cef0df507fb03
e913ef0df507fb03
e95def0df507fb03
e913ef0df507fb03
e95eef0df507fb03
e913ef0df507fb03
e95fef0df507fb03
e913ef0df507fb03
e960ef0df507fb03
e913ef0df507fb03
e961ef0df507fb03
e913ef0df507fb03
e962ef0df507fb03
e913ef0df507fb03
e963ef0df507fb03
e913ef0df507fb03
e964ef0df507fb03
e913ef0df507fb03
e965ef0df507fb03
e913ef0df507fb03
e966ef0df507fb03
e913ef0df507fb03
e967ef0df507fb03
e913ef0df507fb03
e968ef0df507fb03
e913ef0df507fb03
e969ef0df507fb03
e913ef0df507fb03
e96aef0df507fb03
e913ef0df507fb03
e96bef0df507fb03
e913ef0df507fb03
e96cef0df507fb03
e913ef0df507fb03
e96def0df507fb03
e913ef0df507fb03
e96eef0df507fb03
e913ef0df507fb03
e96fef0df507fb03
e913ef0df507fb03
e970ef0df507fb03
e913ef0df507fb03
e971ef0df507fb03
e913ef0df507fb03
e972ef0df507fb03
e913ef0df507fb03
e973ef0df507fb03
e913ef0df507fb03
e974ef0df507fb03
e913ef0df507fb03
e975ef0df507fb03
e913ef0df507fb03
e976ef0df507fb03
e913ef0df507fb03
e977ef0df507fb03
e913ef0df507fb03
e978ef0df507fb03
e913ef0df507fb03
e979ef0df507fb03
e913ef0df507fb03
e97aef0df507fb03
e913ef0df507fb03
e97bef0df507fb03
e913ef0df507fb03
e97cef0df507fb03
e913ef0df507fb03
e97def0df507fb03
e913ef0df507fb03
e97eef0df507fb03
e913ef0df507fb03
e97fef0df507fb03
e913ef0df507fb03
8013ef0df507fb03
e913ef0df507fb03
8113ef0df507fb03
e913ef0df507fb03
8213ef0df507fb03
e913ef0df507fb03
8313ef0df507fb03
e913ef0df507fb03
8413ef0df507fb03
e913ef0df507fb03
8513ef0df507fb03
e913ef0df507fb03
8613ef0df507fb03
e913ef0df507fb03
8713ef0df507fb03
e913ef0df507fb03
8813ef0df507fb03
e913ef0df507fb03
8913ef0df507fb03
e913ef0df507fb03
8a13ef0df507fb03
e913ef0df507fb03
8b13ef0df507fb03
e913ef0df507fb03
8c13ef0df507fb03
e913ef0df507fb03
8d13ef0df507fb03
e913ef0df507fb03
8e13ef0df507fb03
e913ef0df507fb03
8f13ef0df507fb03
e913ef0df507fb03
9013ef0df507fb03
e913ef0df507fb03
9113ef0df507fb03
e913ef0df507fb03
9213ef0df507fb03
e913ef0df507fb03
9313ef0df507fb03
e913ef0df507fb03
9413ef0df507fb03
e913ef0df507fb03
9513ef0df507fb03
e913ef0df507fb03
9613ef0df507fb03
e913ef0df507fb03
9713ef0df507fb03
e913ef0df507fb03
9813ef0df507fb03
e913ef0df507fb03
9913ef0df507fb03
e913ef0df507fb03
9a13ef0df507fb03
e913ef0df507fb03
9b13ef0df507fb03
e913ef0df507fb03
9c13ef0df507fb03
e913ef0df507fb03
9d13ef0df507fb03
e913ef0df507fb03
9e13ef0df507fb03
e913ef0df507fb03
9f13ef0df507fb03
e913ef0df507fb03
a013ef0df507fb03
e913ef0df507fb03
a113ef0df507fb03
e913ef0df507fb03
a213ef0df507fb03
e913ef0df507fb03
a313ef0df507fb03
e913ef0df507fb03
a413ef0df507fb03
e913ef0df507fb03
a513ef0df507fb03
e913ef0df507fb03
a613ef0df507fb03
e913ef0df507fb03
a713ef0df507fb03
e913ef0df507fb03
a813ef0df507fb03
e913ef0df507fb03
a913ef0df507fb03
e913ef0df507fb03
aa13ef0df507fb03
e913ef0df507fb03
ab13ef0df507fb03
e913ef0df507fb03
ac13ef0df507fb03
e913ef0df507fb03
ad13ef0df507fb03
e913ef0df507fb03
ae13ef0df507fb03
e913ef0df507fb03
af13ef0df507fb03
e913ef0df507fb03
b013ef0df507fb03
e913ef0df507fb03
b113ef0df507fb03
e913ef0df507fb03
b213ef0df507fb03
e913ef0df507fb03
b313ef0df507fb03
e913ef0df507fb03
b413ef0df507fb03
e913ef0df507fb03
b513ef0df507fb03
e913ef0df507fb03
b613ef0df507fb03
e913ef0df507fb03
b713ef0df507fb03
e913ef0df507fb03
b813ef0df507fb03
e913ef0df507fb03
b913ef0df507fb03
e913ef0df507fb03
ba13ef0df507fb03
e913ef0df507fb03
bb13ef0df507fb03
e913ef0df507fb03
bc13ef0df507fb03
e913ef0df507fb03
bd13ef0df507fb03
e913ef0df507fb03
be13ef0df507fb03
e913ef0df507fb03
bf13ef0df507fb03
e913ef0df507fb03
c013ef0df507fb03
e913ef0df507fb03
c113ef0df507fb03
e913ef0df507fb03
c213ef0df507fb03
e913ef0df507fb03
c313ef0df507fb03
e913ef0df507fb03
c413ef0df507fb03
e913ef0df507fb03
c513ef0df507fb03
e913ef0df507fb03
c613ef0df507fb03
e913ef0df507fb03
c713ef0df507fb03
e913ef0df507fb03
c813ef0df507fb03
e913ef0df507fb03
c913ef0df507fb03
e913ef0df507fb03
ca13ef0df507fb03
e913ef0df507fb03
cb13ef0df507fb03
e913ef0df507fb03
cc13ef0df507fb03
e913ef0df507fb03
cd13ef0df507fb03
e913ef0df507fb03
ce13ef0df507fb03
e913ef0df507fb03
cf13ef0df507fb03
e913ef0df507fb03
d013ef0df507fb03
e913ef0df507fb03
d113ef0df507fb03
e913ef0df507fb03
d213ef0df507fb03
e913ef0df507fb03
d313ef0df507fb03
e913ef0df507fb03
d413ef0df507fb03
e913ef0df507fb03
d513ef0df507fb03
e913ef0df507fb03
d613ef0df507fb03
e913ef0df507fb03
d713ef0df507fb03
e913ef0df507fb03
d813ef0df507fb03
e913ef0df507fb03
d913ef0df507fb03
e913ef0df507fb03
da13ef0df507fb03
e913ef0df507fb03
db13ef0df507fb03
e913ef0df507fb03
dc13ef0df507fb03
e913ef0df507fb03
dd13ef0df507fb03
e913ef0df507fb03
de13ef0df507fb03
e913ef0df507fb03
df13ef0df507fb03
e913ef0df507fb03
e013ef0df507fb03
e913ef0df507fb03
e113ef0df507fb03
e913ef0df507fb03
e213ef0df507fb03
e913ef0df507fb03
e313ef0df507fb03
e913ef0df507fb03
e413ef0df507fb03
e913ef0df507fb03
e513ef0df507fb03
e913ef0df507fb03
e613ef0df507fb03
e913ef0df507fb03
e713ef0df507fb03
e913ef0df507fb03
e813ef0df507fb03
e913ef0df507fb03
e913ef0df507fb03
e913ef0df507fb03
ea13ef0df507fb03
e913ef0df507fb03
eb13ef0df507fb03
e913ef0df507fb03
ec13ef0df507fb03
e913ef0df507fb03
ed13ef0df507fb03
e913ef0df507fb03
ee13ef0df507fb03
e913ef0df507fb03
ef13ef0df507fb03
e913ef0df507fb03
f013ef0df507fb03
e913ef0df507fb03
f113ef0df507fb03
e913ef0df507fb03
f213ef0df507fb03
e913ef0df507fb03
f313ef0df507fb03
e913ef0df507fb03
f413ef0df507fb03
e913ef0df507fb03
f513ef0df507fb03
e913ef0df507fb03
f613ef0df507fb03
e913ef0df507fb03
f713ef0df507fb03
e913ef0df507fb03
f813ef0df507fb03
e913ef0df507fb03
f913ef0df507fb03
e913ef0df507fb03
fa13ef0df507fb03
e913ef0df507fb03
fb13ef0df507fb03
e913ef0df507fb03
fc13ef0df507fb03
e913ef0df507fb03
fd13ef0df507fb03
e913ef0df507fb03
fe13ef0df507fb03
e913ef0df507fb03
ff13ef0df507fb03
e913ef0df507fb03
0013ef0df507fb03
e913ef0df507fb03
0113ef0df507fb03
e913ef0df507fb03
0213ef0df507fb03
e913ef0df507fb03
0313ef0df507fb03
e913ef0df507fb03
0413ef0df507fb03
e913ef0df507fb03
0513ef0df507fb03
e913ef0df507fb03
0613ef0df507fb03
e913ef0df507fb03
0713ef0df507fb03
e913ef0df507fb03
0813ef0df507fb03
e913ef0df507fb03
0913ef0df507fb03
e913ef0df507fb03
0a13ef0df507fb03
e913ef0df507fb03
0b13ef0df507fb03
e913ef0df507fb03
0c13ef0df507fb03
e913ef0df507fb03
0d13ef0df507fb03
e913ef0df507fb03
0e13ef0df507fb03
e913ef0df507fb03
0f13ef0df507fb03
e913ef0df507fb03
1013ef0df507fb03
e913ef0df507fb03
1113ef0df507fb03
e913ef0df507fb03
1213ef0df507fb03
e913ef0df507fb03
1313ef0df507fb03
e913ef0df507fb03
1413ef0df507fb03
e913ef0df507fb03
1513ef0df507fb03
e913ef0df507fb03
1613ef0df507fb03
e913ef0df507fb03
1713ef0df507fb03
e913ef0df507fb03
1813ef0df507fb03
e913ef0df507fb03
1913ef0df507fb03
e913ef0df507fb03
1a13ef0df507fb03
e913ef0df507fb03
1b13ef0df507fb03
e913ef0df507fb03
1c13ef0df507fb03
e913ef0df507fb03
1d13ef0df507fb03
e913ef0df507fb03
1e13ef0df507fb03
e913ef0df507fb03
1f13ef0df507fb03
e913ef0df507fb03
2013ef0df507fb03
e913ef0df507fb03
2113ef0df507fb03
e913ef0df507fb03
2213ef0df507fb03
e913ef0df507fb03
2313ef0df507fb03
e913ef0df507fb03
2413ef0df507fb03
e913ef0df507fb03
2513ef0df507fb03
e913ef0df507fb03
2613ef0df507fb03
e913ef0df507fb03
2713ef0df507fb03
e913ef0df507fb03
2813ef0df507fb03
e913ef0df507fb03
2913ef0df507fb03
e913ef0df507fb03
2a13ef0df507fb03
e913ef0df507fb03
2b13ef0df507fb03
e913ef0df507fb03
2c13ef0df507fb03
e913ef0df507fb03
2d13ef0df507fb03
e913ef0df507fb03
2e13ef0df507fb03
e913ef0df507fb03
2f13ef0df507fb03
e913ef0df507fb03
3013ef0df507fb03
e913ef0df507fb03
3113ef0df507fb03
e913ef0df507fb03
3213ef0df507fb03
e913ef0df507fb03
3313ef0df507fb03
e913ef0df507fb03
3413ef0df507fb03
e913ef0df507fb03
3513ef0df507fb03
e913ef0df507fb03
3613ef0df507fb03
e913ef0df507fb03
3713ef0df507fb03
e913ef0df507fb03
3813ef0df507fb03
e913ef0df507fb03
3913ef0df507fb03
e913ef0df507fb03
3a13ef0df507fb03
e913ef0df507fb03
3b13ef0df507fb03
e913ef0df507fb03
3c13ef0df507fb03
e913ef0df507fb03
3d13ef0df507fb03
e913ef0df507fb03
3e13ef0df507fb03
e913ef0df507fb03
3f13ef0df507fb03
e913ef0df507fb03
4013ef0df507fb03
e913ef0df507fb03
4113ef0df507fb03
e913ef0df507fb03
4213ef0df507fb03
e913ef0df507fb03
4313ef0df507fb03
e913ef0df507fb03
4413ef0df507fb03
e913ef0df507fb03
4513ef0df507fb03
e913ef0df507fb03
4613ef0df507fb03
e913ef0df507fb03
4713ef0df507fb03
e913ef0df507fb03
4813ef0df507fb03
e913ef0df507fb03
4913ef0df507fb03
e913ef0df507fb03
4a13ef0df507fb03
e913ef0df507fb03
4b13ef0df507fb03
e913ef0df507fb03
4c13ef0df507fb03
e913ef0df507fb03
4d13ef0df507fb03
e913ef0df507fb03
4e13ef0df507fb03
e913ef0df507fb03
4f13ef0df507fb03
e913ef0df507fb03
5013ef0df507fb03
e913ef0df507fb03
5113ef0df507fb03
e913ef0df507fb03
5213ef0df507fb03
e913ef0df507fb03
5313ef0df507fb03
e913ef0df507fb03
5413ef0df507fb03
e913ef0df507fb03
5513ef0df507fb03
e913ef0df507fb03
5613ef0df507fb03
e913ef0df507fb03
5713ef0df507fb03
e913ef0df507fb03
5813ef0df507fb03
e913ef0df507fb03
5913ef0df507fb03
e913ef0df507fb03
5a13ef0df507fb03
e913ef0df507fb03
5b13ef0df507fb03
e913ef0df507fb03
5c13ef0df507fb03
e913ef0df507fb03
5d13ef0df507fb03
e913ef0df507fb03
5e13ef0df507fb03
e913ef0df507fb03
5f13ef0df507fb03
e913ef0df507fb03
6013ef0df507fb03
e913ef0df507fb03
6113ef0df507fb03
e913ef0df507fb03
6213ef0df507fb03
e913ef0df507fb03
6313ef0df507fb03
e913ef0df507fb03
6413ef0df507fb03
e913ef0df507fb03
6513ef0df507fb03
e913ef0df507fb03
6613ef0df507fb03
e913ef0df507fb03
6713ef0df507fb03
e913ef0df507fb03
6813ef0df507fb03
e913ef0df507fb03
6913ef0df507fb03
e913ef0df507fb03
6a13ef0df507fb03
e913ef0df507fb03
6b13ef0df507fb03
e913ef0df507fb03
6c13ef0df507fb03
e913ef0df507fb03
6d13ef0df507fb03
e913ef0df507fb03
6e13ef0df507fb03
e913ef0df507fb03
6f13ef0df507fb03
e913ef0df507fb03
7013ef0df507fb03
e913ef0df507fb03
7113ef0df507fb03
e913ef0df507fb03
7213ef0df507fb03
e913ef0df507fb03
7313ef0df507fb03
e913ef0df507fb03
7413ef0df507fb03
e913ef0df507fb03
7513ef0df507fb03
e913ef0df507fb03
7613ef0df507fb03
e913ef0df507fb03
7713ef0df507fb03
e913ef0df507fb03
7813ef0df507fb03
e913ef0df507fb03
7913ef0df507fb03
e913ef0df507fb03
7a13ef0df507fb03
e913ef0df507fb03
7b13ef0df507fb03
e913ef0df507fb03
7c13ef0df507fb03
e913ef0df507fb03
7d13ef0df507fb03
e913ef0df507fb03
7e13ef0df507fb03
e913ef0df507fb03
7f13ef0df507fb03
e913ef0df507fb03
e913ef0df507fb80
e913ef0df507fb80
e913ef0df507fb80
e913ef0df507fb80
e913ef0df507fb80
e913ef0df507fb80
e913ef0df507fb80
e913ef0df507fb81
e913ef0df507fb81
e913ef0df507fb81
e913ef0df507fb81
e913ef0df507fb81
e913ef0df507fb81
e913ef0df507fb81
e913ef0df507fbff
e913ef0df507fbff
e913ef0df507fbff
e913ef0df507fbff
e913ef0df507fbff
e913ef0df507fbff
e913ef0df507fbff
e913ef0df507fb00
e913ef0df507fb00
e913ef0df507fb00
e913ef0df507fb00
e913ef0df507fb00
e913ef0df507fb00
e913ef0df507fb00
e913ef0df507fb01
e913ef0df507fb01
e913ef0df507fb01
e913ef0df507fb01
e913ef0df507fb01
e913ef0df507fb01
e913ef0df507fb01
e913ef0df507fb7e
e913ef0df507fb7e
e913ef0df507fb7e
e913ef0df507fb7e
e913ef0df507fb7e
e913ef0df507fb7e
e913ef0df507fb7e
e913ef0df507fb7f
e913ef0df507fb7f
e913ef0df507fb7f
e913ef0df507fb7f
e913ef0df507fb7f
e913ef0df507fb7f
e913ef0df507fb7f
e913ef0df5078003
e913ef0df5078003
e913ef0df5078003
e913ef0df5078003
e913ef0df5078003
e913ef0df5078003
e913ef0df5078003
e913ef0df5078103
e913ef0df5078103
e913ef0df5078103
e913ef0df5078103
e913ef0df5078103
e913ef0df5078103
e913ef0df5078103
e913ef0df507ff03
e913ef0df507ff03
e913ef0df507ff03
e913ef0df507ff03
e913ef0df507ff03
e913ef0df507ff03
e913ef0df507ff03
e913ef0df5070003
e913ef0df5070003
e913ef0df5070003
e913ef0df5070003
e913ef0df5070003
e913ef0df5070003
e913ef0df5070003
e913ef0df5070103
e913ef0df5070103
e913ef0df5070103
e913ef0df5070103
e913ef0df5070103
e913ef0df5070103
e913ef0df5070103
e913ef0df5077e03
e913ef0df5077e03
e913ef0df5077e03
e913ef0df5077e03
e913ef0df5077e03
e913ef0df5077e03
e913ef0df5077e03
e913ef0df5077f03
e913ef0df5077f03
e913ef0df5077f03
e913ef0df5077f03
e913ef0df5077f03
e913ef0df5077f03
e913ef0df5077f03
e913ef0df580fb03
e913ef0df580fb03
e913ef0df580fb03
e913ef0df580fb03
e913ef0df580fb03
e913ef0df580fb03
e913ef0df580fb03
e913ef0df581fb03
e913ef0df581fb03
e913ef0df581fb03
e913ef0df581fb03
e913ef0df581fb03
e913ef0df581fb03
e913ef0df581fb03
e913ef0df5fffb03
e913ef0df5fffb03
e913ef0df5fffb03
e913ef0df5fffb03
e913ef0df5fffb03
e913ef0df5fffb03
e913ef0df5fffb03
e913ef0df500fb03
e913ef0df500fb03
e913ef0df500fb03
e913ef0df500fb03
e913ef0df500fb03
e913ef0df500fb03
e913ef0df500fb03
e913ef0df501fb03
e913ef0df501fb03
e913ef0df501fb03
e913ef0df501fb03
e913ef0df501fb03
e913ef0df501fb03
e913ef0df501fb03
e913ef0df57efb03
e913ef0df57efb03
e913ef0df57efb03
e913ef0df57efb03
e913ef0df57efb03
e913ef0df57efb03
e913ef0df57efb03
e913ef0df57ffb03
e913ef0df57ffb03
e913ef0df57ffb03
e913ef0df57ffb03
e913ef0df57ffb03
e913ef0df57ffb03
e913ef0df57ffb03
e913ef0d8007fb03
e913ef0d8007fb03
e913ef0d8007fb03
e913ef0d8007fb03
e913ef0d8007fb03
e913ef0d8007fb03
e913ef0d8007fb03
e913ef0d8107fb03
e913ef0d8107fb03
e913ef0d8107fb03
e913ef0d8107fb03
e913ef0d8107fb03
e913ef0d8107fb03
e913ef0d8107fb03
e913ef0dff07fb03
e913ef0dff07fb03
e913ef0dff07fb03
e913ef0dff07fb03
e913ef0dff07fb03
e913ef0dff07fb03
e913ef0dff07fb03
e913ef0d0007fb03
e913ef0d0007fb03
e913ef0d0007fb03
e913ef0d0007fb03
e913ef0d0007fb03
e913ef0d0007fb03
e913ef0d0007fb03
e913ef0d0107fb03
e913ef0d0107fb03
e913ef0d0107fb03
e913ef0d0107fb03
e913ef0d0107fb03
e913ef0d0107fb03
e913ef0d0107fb03
e913ef0d7e07fb03
e913ef0d7e07fb03
e913ef0d7e07fb03
e913ef0d7e07fb03
e913ef0d7e07fb03
e913ef0d7e07fb03
e913ef0d7e07fb03
e913ef0d7f07fb03
e913ef0d7f07fb03
e913ef0d7f07fb03
e913ef0d7f07fb03
e913ef0d7f07fb03
e913ef0d7f07fb03
e913ef0d7f07fb03
e913ef80f507fb03
e913ef80f507fb03
e913ef80f507fb03
e913ef80f507fb03
e913ef80f507fb03
e913ef80f507fb03
e913ef80f507fb03
e913ef81f507fb03
e913ef81f507fb03
e913ef81f507fb03
e913ef81f507fb03
e913ef81f507fb03
e913ef81f507fb03
e913ef81f507fb03
e913effff507fb03
e913effff507fb03
e913effff507fb03
e913effff507fb03
e913effff507fb03
e913effff507fb03
e913effff507fb03
e913ef00f507fb03
e913ef00f507fb03
e913ef00f507fb03
e913ef00f507fb03
e913ef00f507fb03
e913ef00f507fb03
e913ef00f507fb03
e913ef01f507fb03
e913ef01f507fb03
e913ef01f507fb03
e913ef01f507fb03
e913ef01f507fb03
e913ef01f507fb03
e913ef01f507fb03
e913ef7ef507fb03
e913ef7ef507fb03
e913ef7ef507fb03
e913ef7ef507fb03
e913ef7ef507fb03
e913ef7ef507fb03
e913ef7ef507fb03
e913ef7ff507fb03
e913ef7ff507fb03
e913ef7ff507fb03
e913ef7ff507fb03
e913ef7ff507fb03
e913ef7ff507fb03
e913ef7ff507fb03
e913800df507fb03
e913800df507fb03
e913800df507fb03
e913800df507fb03
e913800df507fb03
e913800df507fb03
e913800df507fb03
e913810df507fb03
e913810df507fb03
e913810df507fb03
e913810df507fb03
e913810df507fb03
e913810df507fb03
e913810df507fb03
e913ff0df507fb03
e913ff0df507fb03
e913ff0df507fb03
e913ff0df507fb03
e913ff0df507fb03
e913ff0df507fb03
e913ff0df507fb03
e913000df507fb03
e913000df507fb03
e913000df507fb03
e913000df507fb03
e913000df507fb03
e913000df507fb03
e913000df507fb03
e913010df507fb03
e913010df507fb03
e913010df507fb03
e913010df507fb03
e913010df507fb03
e913010df507fb03
e913010df507fb03
e9137e0df507fb03
e9137e0df507fb03
e9137e0df507fb03
e9137e0df507fb03
e9137e0df507fb03
e9137e0df507fb03
e9137e0df507fb03
e9137f0df507fb03
e9137f0df507fb03
e9137f0df507fb03
e9137f0df507fb03
e9137f0df507fb03
e9137f0df507fb03
e9137f0df507fb03
e980ef0df507fb03
e980ef0df507fb03
e980ef0df507fb03
e980ef0df507fb03
e980ef0df507fb03
e980ef0df507fb03
e980ef0df507fb03
e981ef0df507fb03
e981ef0df507fb03
e981ef0df507fb03
e981ef0df507fb03
e981ef0df507fb03
e981ef0df507fb03
e981ef0df507fb03
e9ffef0df507fb03
e9ffef0df507fb03
e9ffef0df507fb03
e9ffef0df507fb03
e9ffef0df507fb03
e9ffef0df507fb03
e9ffef0df507fb03
e900ef0df507fb03
e900ef0df507fb03
e900ef0df507fb03
e900ef0df507fb03
e900ef0df507fb03
e900ef0df507fb03
e900ef0df507fb03
e901ef0df507fb03
e901ef0df507fb03
e901ef0df507fb03
e901ef0df507fb03
e901ef0df507fb03
e901ef0df507fb03
e901ef0df507fb03
e97eef0df507fb03
e97eef0df507fb03
e97eef0df507fb03
e97eef0df507fb03
e97eef0df507fb03
e97eef0df507fb03
e97eef0df507fb03
e97fef0df507fb03
e97fef0df507fb03
e97fef0df507fb03
e97fef0df507fb03
e97fef0df507fb03
e97fef0df507fb03
e97fef0df507fb03
8013ef0df507fb03
8013ef0df507fb03
8013ef0df507fb03
8013ef0df507fb03
8013ef0df507fb03
8013ef0df507fb03
8013ef0df507fb03
8113ef0df507fb03
8113ef0df507fb03
8113ef0df507fb03
8113ef0df507fb03
8113ef0df507fb03
8113ef0df507fb03
8113ef0df507fb03
ff13ef0df507fb03
ff13ef0df507fb03
ff13ef0df507fb03
ff13ef0df507fb03
ff13ef0df507fb03
ff13ef0df507fb03
ff13ef0df507fb03
0013ef0df507fb03
0013ef0df507fb03
0013ef0df507fb03
0013ef0df507fb03
0013ef0df507fb03
0013ef0df507fb03
0013ef0df507fb03
0113ef0df507fb03
0113ef0df507fb03
0113ef0df507fb03
0113ef0df507fb03
0113ef0df507fb03
0113ef0df507fb03
0113ef0df507fb03
7e13ef0df507fb03
7e13ef0df507fb03
7e13ef0df507fb03
7e13ef0df507fb03
7e13ef0df507fb03
7e13ef0df507fb03
7e13ef0df507fb03
7f13ef0df507fb03
7f13ef0df507fb03
7f13ef0df507fb03
7f13ef0df507fb03
7f13ef0df507fb03
7f13ef0df507fb03
7f13ef0df507fb03
7f40201008040201
7f40201008040201
7f40201008040201
7f40201008040201
7f40201008040201
7f40201008040201
7f40201008040201
7f40201008040201
0ff01fe03fc07f80
0ff01fe03fc07f80
0ff01fe03fc07f80
0ff01fe03fc07f80
0ff01fe03fc07f80
0ff01fe03fc07f80
0ff01fe03fc07f80
0ff01fe03fc07f80
8080808080808080
8080808080808080
7f7f7f7f7f7f7f7f
7f7f7f7f7f7f7f7f
8080808080808080
0101010101010101
e913ef0df507fb80
e913ef0df507fb80
e913ef0df507fb7f
e913ef0df5078003
e913ef0df5078003
e913ef0df5077f03
e913ef0df580fb03
e913ef0df580fb03
e913ef0df57ffb03
e913ef0d8007fb03
e913ef0d8007fb03
e913ef0d7f07fb03
e913ef80f507fb03
e913ef80f507fb03
e913ef7ff507fb03
e913800df507fb03
e913800df507fb03
e9137f0df507fb03
e980ef0df507fb03
e980ef0df507fb03
e97fef0df507fb03
8013ef0df507fb03
8013ef0df507fb03
7f13ef0df507fb03
06030902040a7f80
f9f907fcfbf68080
807f0a0402090306
fff50b020cf1e719
0b0a0b05fb0a2028
19e7f10c020bf5ff
a68762743a29b3af
7b335bc1eb327931
fd89953aed1324bf
b2281f621d5d87ee
45ca22d21c1770db
8de37709793064f3
4fe317085e9b39cd
1b31e2f2ac79de5f
b29b9bec52168382
46b377779d793e0b
915930e77ce62d68
7bc36c6aba2f116b
cb0ea02df827b52e
13a64f409e5e8ccc
dd3a8e589d91df6d
a4a56383ae3fa62d
2e3fd326e6c45577
0d1de4bb0ef2b6e5
a514d1fa6502c96a
89add75b72cf22c6
5ee0ba65834e82b3
140798dd6f60ed0e
cd2275ad341d0a5c
5c7100918037dc2f
ca09951a8facc99a
bcbbb0310084e3f3
89f88fe84fdfaf03
10951032d64adefd
439a77318b0a9c56
c496a881631fea22
36081691af7daced
c37d9d8b56eb03f0
109c7bae0596ca2f
a39c9d32ffa88eeb
20e455ed0fcd9eaa
ea72ff6c5e26d9eb
e4d2dfb559b95964
b6c1cf644d4f9e8c
07ceef02efd50929
95044aa8113a6b6c
59ba15c6976e9b73
963e9f4ae9106d7b
e07e4860b432d59f
286eb89e48184bf8
4f40995982b5c101
89377ca3c3b25b3a
2713def64ff3a530
31b463c8298de487
b60f0f0c842d588b
1cf9ea312e2e91ed
4188077a1ac6b7d4
6e99efd6c1c9290e
a13f509d4037d336
43bee5c9d7efa99f
427343fd0fe47f0c
fc465b5d215ce623
20af6a3e12132d81
aa36d0bb533e657a
1360ba296bb9c2ef
353e502601629e1d
cd7c5628739b3947
d53b9794cf12c1c2
41664ad42bd8da4d
ef09f2a168b2443b
7aa255a6e910c20e
9b50e1d327b0d727
ee0878407258530c
61a83950692bae0d
1bcfb79de3df4b16
f13f8aee1855723b
b642f255c998bdda
a2e764a747ba46c4
7a55a5bfb275680a
7e1f3ad7f96a3f3d
5e280ab46b2edf26
f24bafd559a3abc1
9c0f5d49a9feecd4
cda46b65e80e6fa8
dee8118b8ff7729f
df155c33540dc1a3
8c99d9e5be71a929
1227bdec719c2d46
0061ae82ea6a7a4b
ed1106f2f8a11883
bd21eacb641ffe1d
6ad6ab3595ec6dd9
d03116942ba7f91b
f1e16156884993da
65009715cc8fcd6e
41aa34b6622dca35
1320ffa7df3cfee9
48155bd9495325a3
282c8d968a2acb44
e216743d28122b99
e24e3bed52281faf
397fa329d73ad201
b7d0f8deb6db087c
78ffa59c3880dce6
bdfc341a265f081b
2541b4864e9d28bc
57af389798f59e37
5f297bfc080195ce
626259955eca86a6
da9f960da311f559
9b96edc3487124e7
9f1013ddc53ca877
713f350cdd185195
11ed62caba6578dc
59cdf84421ca3fcd
ae29323fc4f53bdc
917d751bab57af1c
e00f1b3133ee464f
a59cb0ebfcdcbeb2
f2d4ade35e71dc51
632d98ea0e629068
c4d9dd1c1a7221cf
03f50c170ae14d34
1a404fc8c50a6977
92a2644bbe7a274d
9de47c708084c39a
627fc9688517a9b3
8f29e50c3b1989c3
900e37524ba56f3b
bc6ac2f77cfd508d
f0b87a8d046b0843
3eb0850fe03820b4
093a2e0be69cc74b
39c0424d03ce3cb2
18ede4aca5d27d00
e866773a19ec6ee9
17397c088c8e37e8
a7e10d19ed53a8f0
a9459dc1e86cb413
090a043d9948ce1d
8f9ea61d9340becd
64f484068fd6377b
9430d8696cadf397
129e7d6797cdb8cd
228f1455796037ca
170c67a267a25ac4
dc94ccf9fb2c2865
506da5d5fafedaf3
9869227bd47604a6
808ab55f0030d7c4
d03fc5394126f0a7
a9f077fb594f3c21
2029e199683df6e3
a4b31f675a725b49
dbaae445d02e22a0
209aa465cfba8772
7f9d6a4738892a1c
2227ecf21480abae
96038844132d2836
0a83a442483f5e4b
aef5666db9dc3d0b
c9d1b25d10f11b6a
8366876c620901c6
3f746e25bed15d4a
85d5f509d8c63b36
62c53cdf1a794788
79a8a4af8698725f
fb68d557e88f15af
d8de59d099cb6a3b
9ce5668b5ab165f7
568b36815cf15e8a
8f5a95a5e7423023
630d4a51a5b2dcc7
c1ec9e146b5d76f1
85dc175841340f09
a3d1801eb8578c57
e69cfb4dca113e6c
9600bc8a965ef306
c6048d0bb2ad535d
859681213dfaab5f
9e0f95db6e0267a8
7ffbffd619da9120
c06401e72c29b2a6
5c96f47711de6e52
7015b3ab487303e4
0ddea92ccde01e3b
bcd74d0396853b0b
e0c933df1eeb1885
80966fc1e199fdbe
64bf6a73f39ebc07
a3f8390db99dbfbd
c20b0745d9829757
e0c355dde1854627
8169a4eb68d278db
bf0f651204042ec0
7570cdc3b290dc63
e71c16b39ee14f5c
dddb8782395c741c
937dc6fbb256feb4
cfcf2daad45246bc
fc67e1cc39bb3291
9cca20da1f8f6a56
66e9d3d11ac970ee
07a39d91b3123184
b10ee3980b7ff26e
e2f5e465f8338d35
1b06d293f3f6b534
a646955d8f51caa0
d2b9daf65f65fdf0
67a376343c6c86ed
e1a6884a62494595
5e2ed39314d38645
e90dc8e8aea47965
7c663647b047cf41
d3e785ebed606170
f511c5092ed6d192
b68767c7b8a6c474
3b67e137f9dfa501
8c74846baa8a7793
31880f22c7663244
d512a3a363cbe218
30c8a4ac393e153e
e057e7015cadf8c7
82a55a02e385e261
778908879cc90b84
689eca80e2e2a9c9
50a591b71b7cdbcc
c5d61c8629ee9aa4
085b40d39815a885
3757f4048a6e813c
91ae821683d2d8fa
3f07b7f8a0b55a3d
2a384188ef758c1f
db0dc0e583212e43
5b834afcd3862aa7
77b81d885eff0d63
c1835044de11e70d
fc60d6246da25929
10de1a2905d36dcb
546082c7bfd3b2cd
50bcb4823f72c1fd
699a9f9982b1a0b4
018d567b37655a26
86cded7cf157bdf4
5202498f98ac99d3
f89e7cd8d5ec30b1
050e70a359a79a68
665e2eac1611df47
09ea593e939e887e
b32054c93dc2cf8a
af5d687b6d49b6a4
c636c7861e4c3127
f265bd34bf3cbad3
fe9700b024edbaf7
b18663197ccd75e4
811b6169991ccca0
dc822302532946fe
815d37477da17059
405f7c527c2f759c
13ec7d0cb46945c4
8b94a239b746941f
a1e3b698d4a3eab7
558d1926e24448bf
8c9ee815c567fa9e
a83dba16b2a230d7
2ce3d5c4fdaa151d
ff86b65620c8b502
3c2a9466a86d5161
3532473023145add
7e1985b12df1e4f3
aff8be4325271a63
2028cf637f64868c
656df6dd967f37f5
9708e5877ccbf279
6da2fbaf6fcccc0e
5637b7c4eea15aca
840e806ab90642a3
8ebb526fdb955cfd
385a45cb862e676f
c08180a04477c300
5a62a62059f54d27
a2fa072288dcea86
4d39af181ae0ddfb
6ee7a24be11b103b
5fe6c6d67be74982
a7552468290f8248
782a642044707f01
145f347031c85332
ad3381e29b5312b9
2deed2e2b3663d63
408c1549e0cca912
e0433fbdecac9740
84023f9e39e25e82
e41307fa78568704
26f6db9be1faa50c
32bfc79b3fc48944
b62172011cfe359c
f8d0f53dfa88f4ad
d58d422d610ea9a4
c5d4be97ea5663cb
330fd57f56206b3e
fec620519e3128aa
19b28aef86650f5a
01b4977ae4a49a6f
ebf0caecc47174ab
e842b76c1a2c6a96
92656d65bfbec6e2
0e937b2186ee84f2
de69c85e3f3e06ba
1647e6d7dde3fe6a
7e56cb585d80012e
18af2f6c36589529
cf45cddde95f2fa4
480fe2078fc5e571
84e034c2754855e6
8ac819d753b02509
c1946dc993b36306
b9502804edb3c4f4
90ace5f436a432ae
869a5e13c30daf82
2fd9a1e7078cef66
23422e53d92825b0
38dc18c166eee849
42d982e12c3a809f
371a49e8b1c242f6
75067964aebcbf46
1a6e8a6fe842ca4d
df3321060981906b
dafdfaf2a168e54c
85cdb97d26849ba6
2e0fc0baaa2dd837
0a22d79496ac8daa
7c397a593a164272
c3c5c5b40bbb93aa
810e962e4cb00453
106b9324f1953ed1
49002f1669134dc0
4d41bf2e81780482
d41b975b91105a56
4866a2c87fba2178
5028c90fd31f8201
0c923019288fb1ea
5213539af57c1a8f
7e95b9009143c360
0c8a4907b2a0f19f
23cd15cb226119d1
9ee4baddda91baee
060f1701710739f6
654d438a0c99c4fb
ab30e4f1384f223b
afdff246cd0bf282
dba3451a41cead21
b92479748a927348
86144090ec7334e5
24b6b1b94e7ece80
4367e7753472faeb
e3fbb6ad27ae1231
2e336ae0850a3f6e
319afc78263f9f1b
26226e900c20760a
3accc5f22699ee12
80e2b4c9d70d631a
dd1d6556352141cf
8bc50ce1817982f9
a6124659ee3f6c8e
55f1db6138c663b0
57037ab2016f93be
49290a3503b1b3a5
5295a59117ccd5aa
8f387de9d2ca81a3
b84ae5e3d0426bdd
726b57f4d78d860d
cdcf5cf7fd8bbff2
3b1caccef724402f
94b2b42040a5c283
ea2b0549294b2409
6b9df0c5a368ffdb
8b8d01a2a2260bf7
c22d46ea59341539
9929f76078d5b89f
e80d64ca8a885c4e
6b3b3a976b77912a
881b1df873ca35cb
eb48256764333dba
e09e59fdbd1e25f8
0a37399ee5b7a106
385c7e8602fb3089
bab519f679e59a76
66d9db45383be10c
bf762052870d46ef
354923a8e05c2657
16effd1ef4cf5b6f
898e55316eaa4a3b
9d436c53a4829d43
0b58e1e7c51bad43
fe9ff7e1eece0518
91147a26340651d8
e286fbd52f59869b
64ad4e7a6bd3ec95
8c5de16d0ef8cac0
8e4ced90f522a09e
90c908f58fd04d57
2e9fabd9aa52fa66
e630d1dcd116cc61
b372c72c586fc0d0
ecaccd311be042ad
416fce1fbf85940e
389849600fe9756e
78a703d0346d5cf2
cac56ab0850b859c
d71b2528c45cb82a
21d17affcc708c5b
2029f0ae2af616e5
d4d4b46c75f2723d
894945b9d5dd9fb0
4f5eb4a491839403
6446c6a2dca857b8
f110ea4865ba86e2
080c54acbc0f4bf8
5c9b990b47a071cb
0b4107a5019c1944
dcbdced40cbdd90c
bcb952848e1d9212
725a9fe3ccd0ed55
d937cb90de569a55
138a077fde580235
9a2ef9b5ae1ddc4b
74b72445d5b974a1
bac4bfa81334b7fd
38e826fc337e56d4
10ff0ce282fcd2cd
913bd731a9832693
087c0cf425e8cf64
810af559701683c9
cc0e0ecfac77ede1
5eea30835871a3ed
d8122aa0a4855987
712df6508123821d
12968036df59d787
2811b47bb0973e64
fdef574e1203f23b
1281e7d72791c18d
6719d8a54317591d
98383caff16fcba3
a1aa1b9e01889e24
19ec93bae2b42366
b65cd9a456c76a6d
7dbc523fff33d8a2
01327d7bb7fc8f4a
b6a2912f8befe829
f4060be3467abe5c
0f8694e777aba730
3caf47ff0f3d5563
6782db757d512e81
f9e7a8fc3492cfbb
49d1c2c3d5164550
db0f5c755092b493
90a09f5444dbe2df
cabb69ea7fb107c7
fbb1b5554cb31901
8da598775f5d0379
f95a85cb89ebdb68
cd2d8ccd677a4dce
4af71d2de8209c42
4c2dde2e5b6c2a80
5d8a4e696e96958c
9702e74de34f417e
cba5b98a613f0372
917057fe8fd200da
5eafcd1907c8658c
192dcfe7b832f0d1
48f1eb770d59293a
c5d7a5ba3d47a0cc
79b524959c55dfa7
e2bea73ccb107436
d71fba9f906ca525
dc70d5bb056df044
2ffc2aa4c5588292
d02d88718bdf0ca0
d2970c2630489ace
9a91362ba1e8d917
5b4fedefe0e6b74b
d778243cef80290d
03846135b8f3aceb
2203006c2df261a4
2991678ba5e6f2e9
a4c71d41affd13b0
a35acba5aaac73ea
e109a6bf736825ed
a8b08320fdd8d977
c1e14e994b76c357
05dd23fda1b5f1d4
53cab7a11bffb95a
82fa90529bcd62c5
81b2b99c6147246d
6a9c9b9183526798
33424eb2f5b0beb0
094196fcd8f63342
e2e62a43c70dfff3
de4acc21d2755fe3
a5fa7933a18e96ca
af163f3939726e1b
c56bd4a6c1c938b9
842e974faf68cbf6
318729fca4f0d7b5
62730f211b02e870
17376c85ec5e102d
dd0a6534fed66623
293283dedba3a7f3
1f8ec50a0d80970c
2d8c3805f871c2ad
827553b5a267ec54
220d43979b5860e2
da87dc6260174cc0
fbbff74b54ea55c7
b22d39731326c0b4
f6224558e66e5b47
d04e161a7a3222dc
8dbf3fe529dc0520
c5428112d3783cf7
98f759d3daf0c8cd
69c12c6f2e366c9f
4e3e834110b64440
e24bbf1831ada054
350d7652219d51bf
d39778e58273e85f
19e9436516542724
e6d085757597b2f0
697bc10eeb4350bc
82ca0270e3552c04
81e640760ec7e4c4
c02b5a9f52850061
9d1af169d86aec58
0ebe91d7c61f2e49
0ef7099ffe5258c4
9d248c765f09eafc
4daf79497cfbe688
cf255c0cb791bc56
901db99de3d2cda6
e2ca374ca79fb4a0
35e8e071b30388a7
8a02aaf248a5d061
d7c011e03aff962b
fe303c860fe36897
602695db902ef258
45fc2a6adfe689d8
b6145eab85c6eeaa
a667de8a597e079c
9bcbe440872f4122
5356d024da8981a4
014826c366a2c63a
eac9ad7ff03f1bb2
64bb017bd0f51b1e
fed816b43d20f003
09e0c8cd50a7bb75
2c582204a5c36c9a
23adaff322d10283
52a5cbd0e97c7453
ab97bb394daaa82f
7af847d8d673d377
d067f590d8187a2e
0ac718b587ec8dbb
264841631c337799
e6694d1caa6e2585
db29d888e4456ec5
2558c5a396826611
a7ad0e91451e4b47
84401a0f69913a3f
3ff4b31f565e993e
37b0a13dd8ffd16c
5477cf15ae6510c5
594056d91a5d5057
8d1c624c2c5e6a25
860395b95bb24eb5
4774314c3e1d6ab6
58e009c953073831
a291e24f74eaf319
3a1614e656514f14
9605e8d597cedb8c
d7dc41202934b7b6
7501b8b9c5a5f283
625f5335c4728af2
431132a20ea8f352
61d0e24ed0e7aa45
14bb5f048bcc0b3b
db142e7539e21da8
b10afae3e3115be3
f75e4b0ad08d7e83
a7be6f1e23d4049e
e60516b1178bc39e
a723d280e0f51cad
e11dec8d579f5023
95e4723b7cba6e08
beea5f6f965a232c
fc2a8147c98dc008
c3117a6e131a8746
f64cc4b0aaeb3cbd
d1bb2e7b302cd7c4
00f869a8dddfd23a
74149d2bf9c45893
5aecae3ad9053f0d
7cec1e28c3391076
546a5d7bbe78fcf9
a26c44469f9384a2
1481b5482082e234
52180ac8484f46f8
0e660c3df9057c18
8884639e39a8a5f8
6088893320a6c2c2
ddcd1ff1dcd8a72a
46b8c5f04fa97103
423a8f0d3b6b6be7
1e5085f90936c23f
a3feb8db3720e80d
310b7ad20807d8ae
ccce25dd4edc5cf7
27e095d914c529fd
3a499b07262e4963
96ae4fa159f2e404
1e7f3702d09332aa
71818f0dc1ff03dc
f683d92abab0261c
c00da9dfeb86d473
bf102fbc27e5f2a5
f4333def623c08b2
2b7dbb78048e736f
15da2dd2a420d1a8
22456a37b7428ccb
f019c0cd23778536
1ea55a39342397cd
a15e778c35fbd578
a06057b1fcd972d2
f2e49856527bb1c5
c68a4e8532259d6e
e86794ab4880f342
1a3d8d0cfe0f1e70
3c436977b675b088
5f2926d35d80db16
b99ea8ebd96190b5
6b5485b35b22c9cc
e04728e8439e0cff
c2bb6a425624003e
eb7677f8fd74b07c
c8dd01be3cf5be1e
020f69cb8821f22f
e3b798fd7e6f7e22
ebf55a57a72ebac0
406cd89e5bbea110
3a2dc7edbf44f269
28af3167c674806d
aca1382560f00ec2
7bbf0a8f5ab146c5
bc6507d26bfaf07f
918d3029c2a23571
ff41b186a91bf7dc
293868f3ba96ed00
99b1ef49cda65f08
fb1f3369a196fee4
a8e9411523396753
e42f87fb1a1ecd7a
5ac5733f252c983e
e84755118ff70dc1
9ec4cfd04a4dedff
03316dc636701573
bb7275490bfa9bd8
8e78eff3c522e347
caa774c82812dde2
bf8a9a2fa7746911
a640dba6a1b414e2
c1eb411408bb8823
9aba901ef1fd629d
b6490062c4f3f508
1d80ff5de48a8a4f
770640342603b97b
b2e2107aff52120e
193e882d3ddefc94
eea48d483c5dccfa
469e57642ecce882
94436ce200112271
cbab3929f53d70ce
1729db829a02dc12
10ccc69f559edc9f
b82befcf58dc807c
46e5fd7770554d32
0d067a2f9435840b
cf1e81403888e312
6948dbd5891c41ac
636eb27a1899fd83
85cd2b80dfd2191c
454b3ddcff7ea42f
99ab72b3f6d0d1fa
6ba2290e6f7bb387
d517c0d2b1af5df8
50cc66a3c34143aa
e6ef6e059ff6f620
eb1ff2e390b587e2
f5c3fc936de3b9ec
373c4c02692f2028
a8ac6efbb0099df3
b51983cab53f2ac7
5ce46a281c8649ca
7a8c8fbaa1d95623
05931f86c7d2ff56
7cc526264cae0ada
aeea35598d7266c5
b4d0d2d8060a59f3
d3c930e64d8f114a
f18e5b88b52cd9d0
0b7829d3a0d455b5
4d128efc23afd02a
653dd3f21e8904bd
2959100ed9385c28
8a4ff24b375627b3
1d775e9a9a3b8fdb
55c617e2ce0dc3e7
3637f575c8582798
11c11cefdad9aa06
a7f31c5fdeb736a8
fb82d482a1541c46
fc81b5df48f51402
4409de851ab3faa9
8b1d710d3ba3cb4b
7bb18cd98dbdfc15
03239cdfc361670d
f605b401814bf79a
10cd7b78bb18543b
d8a6324b3a4a5b94
918d51acf69084b5
5f087fb1a2e4eee1
0072cc5046f1b56a
57d316e2df1bd297
b20dbf7a6acc8647
4e799f2d72da93b5
65ca182f2b3d9630
8509a531d0f0982f
d51a9ed4168f8015
c193dbbc972d4164
980a7e6e1dfa1344
4659bea25bf12386
650f9aabd8b7c116
2af2aa1a19da2882
7cbee0ee424ee3b2
12da0766fa1b8faa
dd1b764ed9c07cb1
cea8469294636138
4710973ec5fd1e68
dc6b19b1f5b9aa92
88905c2a57c40f3e
c605a5d0d3229f79
fa2f6026422b0b63
ad809074f16193db
66da39e65c590808
c0400120aba35780
94273c149086ad0d
fdbf77393540d1b4
4fae9f4f29121fbc
7863f098e7620e87
d1be66324b9d111c
c1a98245d94d7418
563718a6004684b1
8150c9640555f13a
a4e9d24357c63988
347323a19c0f3331
fecb747a5daeb09c
4dd9ea84e8d47944
322c9f826556deb2
53a96b513be79f17
a510e717811798b2
dbeb8103dec6f6cc
f074bb882e453875
efdc4443f2d53d93
02d46976871a52c0
338dd54b40ef91b6
f320e5771065b0d9
16148ce4efdf7c6b
43ba71167343a93b
15913122df75e728
2790a7be28830d30
47fe6cd6961d73a2
cb30395e6aff4299
0a6c5d98c9ceaf4b
64f63e6950eaac7c
eb1a04f93acf4d00
de4e3c0c1c9034d5
8cd444cfb657db5e
2d00a46156d1a5da
99cf0f41c9d4cef7
4dfba940266919cd
675db52a09e34289
087e6ec93b0e6e95
5de5324912440655
d0c94a50a991c087
b05cbb6b96d81975
026f3936b93179d4
44a179a34aa40633
0c8fe4b0eb928813
e6dc3d73e266d47b
cebfff22f4ec25d5
bf6c8091eaff7f5b
9ed96786033ff669
31316925363c7d1f
6ab8c7c70a30be06
36a545469c3cd40b
fcbcd88ddc1094ea
4d8a152dfaf25ef8
ec5ce6c24a1756cb
85ebfea239265b91
5836beae78adda7b
002229eb3e2faf57
75028ac8303c795c
fbfad2c7e6ecb841
2d53f3fe0fa2d5f8
a46e4227952d1ec0
07c3deda2d61436b
157b8d7066c121d7
06832398ca0f070b
822d76409e9d7c2e
45106df75ecabd40
14dc7c3d48d1299e
db15b9260433e192
e3ea0f29d220fc2c
5b9521d627202cb4
19f369bae4fa2156
6f3697c04aa2accf
d36a9670d615ff0e
86a2ab09eb1583dc
3e87e826d2c10ac0
8970104fb39bf527
d37f460333d1126c
ab6c2bd47712b234
f958ba81b44b4499
1a6034fcaad0a7af
f4ce72c19e4d786e
d7f9a0099fb87f83
3856c6ce88ee2448
6b67a2952dfa853a
b8b0f471fd3b95ae
8300b0c20595ffee
83965b64c44e7253
a69ce501de148915
9818e0ee8a47c75b
0efc71abf6b557d0
59cec411913afda2
5adcb8f722989324
ba7e18d1037fa8d7
45b77d7bea60dc0c
1ebb8cc8d03a61b2
f2159e555bcdc516
dff854d95f8640bd
cb4f3ed5db1b4d9f
160e057a711a0c7d
16827f3c1c9e9a19
e4b834fe68bb2cdc
07ae211d1ae6856c
b5330f0884879311
13cdebba118ca7af
c2323097fe5ec88a
dd68423dfb85b4e2
2060e4d7f0be6f81
4791bf5358926298
3d77816ae99f6863
01417662cd16638a
8523d0e9e5aeeb0c
d5342927c1cce80b
dc7249676b63dabb
683266ab33ec12e2
9b2c534b45cd3e57
86c56a07f856c3f2
ad4f5b38858a0a76
22767b922661df39
342d5673948146d4
d22055375fd6efcd
d13af4ae8b4566a7
4895b390b19d2b78
7abfb9974fc514ba
6162448c4efcb724
263aeb47296c5e75
7fcc5ae56186e556
6ebb60274167eaa7
b63c8fd913087af6
56255160b8c5fe77
4d17192b80e79c12
be65682efe5d5dae
ab58e46016e0437f
e85ee67dd68791c5
38bd9a555906f507
eaf955ed7b3813d4
bf67c6c2f332fde2
6c74ee41b39e3c50
be271feaea6a452e
f5098fccf2c6a615
d6f8aa4ff3ad5730
6e16fb086d979fcd
4befac408c1857ce
9ef17e2caf89e6bd
877e5b7dc976f47f
9fa8309cd0edc267
39f631356a8dd16d
1181f8928b871a18
70febc2a7a164e69
0ac4110c9c7afd6c
7015287154f25d81
7929ecde49f5cea9
85c93fa67faded60
dc8d48ef1b6716f6
b41f937fc5219527
b0158e6f529912c3
b10a3f237281cd0b
37d6a13eb4a91147
722cd342a2a30257
35755ab2c0467ac2
57bc643f55ccc24d
6c732d0a4b0af626
f1e303df997a4a49
d7a30ef202b17cf3
f88acce875a97c70
c3bc05ef9c63650b
43e138bb2e7df1d5
53b94e8a3141c912
cf4dd615e91533d9
1297f9d69f8dd893
2394b19f60986e78
56f674a34a58489c
096ab429be455ede
c63445e16a422d1e
ad3d218cd531412b
f642accb4a9086f7
978c978735f52e43
e7b9f57019a464b5
aea493d5e1c6e449
e510eab8a32637e1
683a2de5b951619f
f21f20e0824204e0
4d15bd91c5109f44
cdf126474c61ee1e
d53dc21dea729a1f
b9d5790f56fa71c2
4cd3805ee2157b32
0e41f5da5b313935
d9bfcc636b940a71
9ec553c8d207ec7b
3ba9e9b164a9a8a2
4c8a33a922e43e44
a5038f9b0fa3f648
07224e0e9beb5403
3e71021447fbdba3
a891705ba91491a0
da1e309714a53cce
49afbf8d743bbfa7
b6f91c5204b41741
9215c30a1d721fa2
91cddfe8ead8f608
6493a2057be9833e
6879af1892c32805
f60e4b8e29a22f7c
07578599c1bec6e0
ab0733a5965e3f3c
b993607fa25ed32a
a6bfcce0ace2dd02
b15f4f14b51aafd4
e2d0441e9445c579
f848b3e36b6270fd
e482d98af0a20a04
11ae002032aa4398
2896366a6de93e8d
f30fabbcf1b615a7
51c63298dcab7131
8b20a5ccbcb067df
6f09c83a90f08a37
fe2fa81577965815
32c2b21dd0ba8db4
0a4fb376d92ae669
5978a78b3077fcbc
909ec370ff8d5099
b221866f3519f725
c0f86e9e8fea4485
cc9f80cf73970160
086aed92cdcb66aa
8229899e4225b3b7
7a8e9135800a8c4d
e445d24043dcca51
878ab621a8d2f4fa
2fe105ed787b807e
4c9e683e0eb1d97b
d6db29759c5ddafb
55e090f1456bb840
96ea615de732d4f1
78b365bc2b6126cd
a1ea91c3390afdb2
a979d1dd7214bde4
8b7bd628112e830d
3b343087c9a772f3
9ebd84cfb688ce2c
493a940b72f8e9c7
15f16e4fdcab1eb5
d548e1ff1bf60509
4bd9f1938575d87c
473c7f4787408dae
63718218cc820ab0
4d8aa1076aaff177
3bfddd935bb3c278
67da6a861e384127
2a6ec5d1cd8763a0
8ab66c7d06490fba
b640dc4285c0e236
b656f52ac3113735
826b6632fefe5ab6
156c434b5450da2e
4ef158c8194d6991
1185fc9ffbb64123
093c6dabe4d1f93c
373276d3a9b02214
cc73084bf2a245c6
8747468b7820812f
3386f13dac470fb0
70b83c4eee825c80
a7e7556d9e96b062
e48cf989f263fe24
cbd7df6d76bcf6f1
e43df83e7ab2b629
f02be5696694e679
b3cab68c955001c9
fb4c478f7d1f28ea
c01f1fc825b61061
67854edcab65abba
353823337fa96918
4dead8012e29afb8
1256572e50158f2d
f191980ab5f67d18
4f0a666ca3b7800d
a69e8bc57e38a33f
c5a9485b1fe218e4
84ced1a15485298a
4bbe42b7f771d5d4
123d294e8dd4ccc7
5c1047b480a37a02
bfcf72dc0e366434
35ddd8c52dc19ff3
e6a1d0ad648b6c4a
f65cccbcf58846d2
93541217b5295ef5
d44528421eb92367
16303d2cb0aff560
9dc027b9e184edc2
b0d515aec5b76673
654b5fcf7d5ea5a7
7a01a5613b781e3c
8bc68070c2699716
bf997b7af208e5ce
19579d94ecdd2567
4a30be7b47f7a53d
894b568f0e6ea1fb
c781be66c9898001
8c3d499bbf69d037
557e5f4e9b654158
41dee83425efd0a6
3cd725c1d04663e5
864c15b60a88ccd0
fc3dd056e1e002f2
465f61694b19cabf
f4a4220957ecaf77
987d59f31c08b326
c6a2b73643f6be6f
fec4510b4e4fb6f6
9a23ce0003a45da9
3457ad42207a93e4
fafb5fe613567552
10e03a7ba1a1f943
25acc1b0d11c8dd2
85a5a0ef0a6b0d01
542894b37e16d319
813e584cb44f43f7
2808fe813d7d9be3
0d95457f75a07cd0
ef003df46ce6e8ac
813fdce159f390b9
e7831f91282221e5
d64e6819ac26aa9a
9469ed9b70a5c56a
675ecfd3325c6f9c
20019105bb9d622c
873a2c1b514f8528
718d16fc49c5d161
945cb8acff543af5
15022bd90c8899fd
f597c84eed19b9e4
1e41b40c25be9f85
f9d38b4bf757a97f
c01a8b0f1478c72d
47088b4bb568da74
683b769df37a8a4d
ef24d705be58340c
101830d35c2ba6cb
cbfe1975fda26b07
fa93411e6f325a55
802909a8faa9b487
a2cac60757c82e85
36a681687b1e70a2
dc68bde637d7eed1
6f1ce030bf826f27
c1658ce20430395a
bfa1165596febb2d
cf7a793d067f7261
38506b54686d160b
7b3d333405c91843
d2fc8a2989befebe
e1b5c55075afc186
4f03440cfc309f81
07aa87ff2fb22259
346e1dd33db32900
a685efcc2750372e
35023a505cdc9bae
3a8cd6637dadd1c5
26ebcde9ec2d5dda
6b15095a4eede7ce
185de85e14d1a744
18a206045bdc9e03
7d97cc68c8aad0e7
edf10bf9f51a732a
72a75deb6162bb3d
db37c050b2ba022f
8e1fa268f1ae7d6f
faf4af7f22047d25
cd097c9bde1ccfc4
34ba94559a18f219
dc802a69a4711042
34cd5a35224c4c06
3957f843dc8e59f3
5f2837977d7fd322
ca6ba712aa7d93d4
a1e8c0b12f76404d
184ac7a4fbf5be6f
76313f2a8dc21223
e85621a796c082b6
9d65c8f076a56699
0e7773ae6c2b15aa
e2e866fe33cc5342
893c3a3aefdda41d
a7859b60946de600
747f3954a16a2845
659cad151f996ce0
88afb6c907e54d30
a91833b975cbb17c
1da31ee3c00fa666
4be318f5a5be9498
f60f24e0de97358d
732fe8b085daa03f
7732a4c7949b1516
27e4ad33da1211f5
36cdc7dcf75e3890
2dcb4e10f9fd4c8a
4d047e4f20eaafc9
f8db055b3c36a03a
0b01e72e3d91c46a
5ff0e11a380224ea
6d65b70e413f991a
3e99ff0c451dfbdf
58ddae5f051cc18e
4a0316132ca5a02c
0138eddc22bee61a
a5d400e0d0ed7ec2
c166b1ef66182419
9d3dd8f2a63c94a2
1d2f28cd4e97a71b
b5a13b65e85565e9
ccb516a6f9b33f4d
fda9efdd2b684366
3766979662ca27b2
8a4c3acb36d87b57
41e22236cd735a8b
a4cad6b8a695a62d
f3b88335be7c9e92
a6cd619d60a3cde9
60be13d0ea9900bf
84b42548f2f76f61
0b67e909db496eb0
ba5afdf47ddc7515
442ea35055f63fcc
378243ca6eece690
b698bd2c1a1904db
f1745049de0bce7b
2c52ea168c16c841
74e29f0f656442dd
8f3573dc6bd9b662
ef345f2145e7f886
44ddd4b6bcc2ec80
5ebeb31945e431ca
151ec13624bd36b8
65868681a28dce7e
09363c98835a5b0e
090de8e2ee3c2546
d53f1e44622331c9
1901a8c05d052872
251176914a5cb49c
041f196853a70854
a0600f3ad0b40de5
5a9321f26188f78c
01156cf6df98f22b
4e59da711cee25cc
7cc29424245f763e
82006e1171ed1b33
513929a4f7ec8c5d
0b95f65554dea5d1
d7a66cf4e707734a
27d0a615f2a562d3
6f2440295cbfb10c
990e8843cd3ea096
e9c17ba762b0c8af
8f9672fa6217da12
91cd9c9e4a2acef8
e78f22310d069648
31565145038082e0
39f1b6526e8c3645
67e7e09ab9268b81
c25e9aa9db390527
e60ec61b63626fbd
ea5029e9297d6199
716368c698549569
953e6d7f1d8de1fa
857cdfb3e41e726e
48bcf22ef9785d05
08bce0cb6aa13134
d89c4c1cf6321fe6
1f0813276d618506
a5752d91fe625db3
cb326ef13ac07ab5
aed1b9dfb25757a6
5cd4c2d025ab5644
aef99d02852c3506
bf38b589eef2dd83
5f106647e89d26a0
a3c787f2cce4dd68
30524c7aa900f422
6abcaa1689089faf
5389f515d08b3dec
ec4cac0812702716
e2560e25774b88af
d90770444a816774
1c1cb6010ca1c378
1b6b95f5d63ee6ac
98524d096766b3a2
7801b2e82952b71a
1478710921dea6a6
2591bfeb6eefd60d
b3e6166807c743f7
ddeff1c48b2cdda0
03536b940a8f9a4a
988cdff16d0d5b3f
5ef19ff2a9ea06c3
ca5a36853666e2c9
643364323eb2696f
451d24a3986b8e69
c025f445839bf01d
2bfaaa2f9301c5b2
42bab916387002c0
32fe95970fb94794
5dcf82fc1d5185cc
0ee7be430873f853
4338598b6b8c71d5
217e3f7f1e9d1909
7c40114e2353385b
c9948d804d556eb9
2787ac07854eef27
01f6371d38cee80e
4c9ff151a9e16b91
6756f6eed36698ca
611ae739fb8efcf6
2113e44643168987
e8ef0acc96d488a1
4be78d759cea8602
ffa379c013e3e27c
4753638f6be1283d
d0ca44aee73b8f7f
9bfb0615c6514e9c
5bd3e1a0c2911950
f48c15a7f8752ff5
80a6c99b1021c9d9
9f31a69e09095386
f1300eec9775a0b3
2d71a4044b54bf46
5790f7da28fb3474
0b233b1b041129f4
8f2d47395718cc33
84e8b0d3a346c888
e28e615e2323b6d6
644c783ba233ab73
a5b06508bfe51a6d
02e1fde99cbc92c5
b4ac514a10763a08
648d8e926859beaa
44096dc23ddccd7e
eeb3769eaffed4b1
c409fea48ea6025b
cbee68e6e7a240ba
33cc39498e183925
670ba5d17ee9c82c
97c2fcb3b37ec735
ab51feeeaa3ac079
4e5d3ff870fa677e
0840994c34313c05
23048205ad98c349
326c044a39b4c88c
9bdab2a7c88cf573
42acba9b7a563416
117cbaf9fa394957
6520b3bbf97f1210
31f1d4ffcc1ec6f1
4d54a6a3bc4e1097
f62b8da3c4b56ea6
047ae725e8bb5827
4a6500d1b0eee0d3
8507140e2a397501
a0054c9417a16030
39b647f66318035a
91e9755e31bdfaec
8ac6a735d90def3d
1340cb0767ba4837
0a21c8eae10be265
c5374ca7474253bd
277d328c6d4ab3c2
8e7750f32b3f0bb1
7e8ae8fd5966847d
a4c257b22b34571a
c026acc44ac34ee1
f7f35834d469409b
5c41959a37aaf30c
33493aeace03e3c3
d2e961cb6496659e
18528f85de14c70d
484a97d8ec9e5a8a
0b34916c94ffaf5f
107b15a62a18d0e7
a69dca0c6696c657
0449169aaf40529a
801820e52e8eb7ab
2b909a2d9e07dcb0
9e6e1ca64aa959f1
1df96aa91b2a8702
f228c736320fa242
3acaeb88b3ee0041
9e831a314eb0112d
b8efc1e1232fe19d
efb043cc9a810750
eb23e2c195d6f2b3
64a6e4c437a54979
444c1ce4556dabd0
73c92ee76c8f15ff
26be0cfdcadd4b1b
a68e77d8572c1855
5f8564b195b123f6
aca95c408a6abecb
1c6c1db0d92bd4a1
c8ae8bfca5c867e5
a176bf2ab72a936b
72d06b870130e68a
67bd8563ed84ce38
35989b638169bb9f
17bea8128dcfd087
d43460fba2546d3c
d8590ffea6b748a4
d864651d1f769593
c4d53ae3f8cd4987
d4bb0989e6049b60
75065c75856e8ae6
0877a8992e3ec288
eac10b2639eb305a
fff335736af10bad
885d74433d47fc20
c7621d1b8d468468
e31d98e902a768e6
0a4fa13d8861f30c
d435ba9f0868e35a
07bc4f75f4453350
cdd5f8a058e5b710
29e1d278984c99e9
9a1ecbbc6f21da2f
32900bf946af1448
ff7899cd505fd13c
ca44f47919ad045b
e1d6fa574a1d69eb
764b427cc1847eff
fa47ede2148b54b8
9d414f22b50b6001
d04cd14c847c427d
d99aacd1475ed318
74b49d30a689a12a
25d1957a7b607503
2db75afcaf5f59ec
6a1919bef3b21eaf
c62df16b08a8abd9
bd4bff6f3a60e4d2
cf53d67c82a9876c
d273d134639ade26
e63e233d7133e585
d47a450383a5c982
510f2be6993af962
2de573bb47eb8297
d4c2349932349ed3
35a904c6d1f24bb9
8c95ca20f7956984
1c8f322e85856f15
a6a405d7352e9a22
f6fdddbbe56ce0c5
a5acb9c4e5e4c3be
9d84c1a58f65be49
1b5cb91fb20cf4d4
6f2f9d2d77ab80ad
b50407a13f0eec2c
4b1499ee949e8ebc
fc472cac45576aa1
01e0daa390d411b2
8dc32c5e87f204ed
8fe9a4c5e9b0ed36
af2057d25668f59c
4a8240242300c9d6
227045ee43c7ee92
c26f7933ccbe3bb2
b64b37a1efb6eb6d
d1cea10d2768b74e
82320dbabd760652
266002441d654bab
3155f0f5acc85d06
37319f90916c0b0d
6be9ef00cf30d936
a2df7edbfbd72be5
4f8ce4a8c94fcdfe
a53107840c36657c
a1f5fa0c96f75025
8a1b20049e0cd2ca
d2219e2dda66b318
a184f739e6db925b
a387fd66f83f9702
ce64533ab5eba96c
2883e552524083a1
f0f95978de659c2f
8fa75ce7d51c047e
f7928edde35ca780
a78d1c1e78b7f460
50cfbd36792a792d
66b2aed72c01d1bc
16356d80cd0f4bdf
c1523ef7c7507a29
4325c6bdf464a517
4f608d902f107277
53ea70561c7ea150
9635f83201ecdd1f
f816fc1def39ffc2
074439ae8b621f24
1fa1caf9a6340a48
904e69290395a0bc
3339a5fbefe22c00
5680f9f84ac6c5f7
425ef5ebb773f615
ba3a23bffd41b248
c9c8c2bc3212ba96
03fe2ab1c537e242
f02ce02d97d37579
336a1e537c0af08d
3f665785220b228f
fc1a9c4ba2b70941
d7db107672f55b3d
9184dd8bea78a742
dc5dd1d2393240b2
ea33a60591811df2
a72688a95eab6b98
d646f35d0dca9560
fd61f31936dcee26
820fcb9a62d7811a
2da906db57641812
6ef1f055acd886e8
faf626ee439864f3
0b1eac2a0e3690cd
bf6e09e1ca468f9a
821d53d36eedd66c
930c2969ec71b651
89404859efbd450b
bd5f0938c89c152a
06036770ace4925f
62e599f96a6e765b
a0ceba2586f64c84
0c190351e2138448
0ebe9ef2418bd280
e732d8222a834de8
c49f17784db94067
575fede527ab7382
aae6a976c1b444fd
bfe2728755db20ea
5b85f38e813bd11b
2140ee58cc69c3e8
edffec6e86e778a2
7c048f21e90694a5
572a6a3abfff362a
b2a6106b0e27e84c
7ff7db91453d800e
d2ba3f37df53ffa9
af5ade40ccc4a6aa
874afa7342ba6c95
52f466dc2b2fc420
a00bc1af563c5faa
6d7e0b56d7c3dbb3
a2b884f1c0ba3c1e
8144a27927fe1cb8
31b90fc0e76c86b6
b8256162f1741147
09288df28dee9365
569d36c21b90645e
77b10f7540a3422b
bca38fc78f74f00a
84665249972fbb7e
3ba6f1bc6ca86693
21a2bdb42e65dbef
2a2a38c9337031cc
9613d237671d1998
bfd5208da0a93da3
75dab000bd9ace39
a22d0f27a8d760be
dde0d6ae00244e18
5745f96789eb25f5
f16fe45305f2c499
6fe9d546f4d375ae
1cd7ea7da00db7c5
4aabed9dfb0cba7b
dcca0f0a7d18723f
1c981fab294fc69f
760a92f22e89df37
fcbb4a2a99606c6c
5cdaf7325a5e5875
fa6dbce8b1ae65ee
028d1b0b7a88c15e
9da8aba4a14628ba
37c0488e6cf317cb
3eb3aac16be55408
92e1c0de5bce6bd4
1179eb379970c44e
d8b11d76847a4a45
abb84bdfcade7fa2
6d2aa1dae1016279
9f7f776ad14c91b5
ff4a5ce716f77877
730e98bc634da36a
2409f5c75393ac79
976151745cf76269
52ceb0b221ec9fe4
5ed17602708fccc0
fc84e55889393d2b
916931532cf1267d
2151195365f9ca05
0a64e9c19d244fab
dda5db13d5b36ee6
7c9445bd51d9ab35
cb8d30c37957fa47
eea235bed90c60a3
7d964af7d5eec759
490f239924d5f114
c5a60fd785d27c94
c3a95be0b6b00903
3fe3a5150df41d3c
18010cdc1b0c4169
9914f5bb547645b7
7a5397c7bdbc4614
3559f78f347accb2
eb17a33216475526
d6669c4012b29e28
b29158c761e844af
4024767480de280f
15d36f37763d6e44
4359ec91933ab11e
70e1bbd6ba07e974
fb47cb68a5ebaf8d
9702b385ff15c214
3a4344d78fb8170a
0fa88cac94ac8e0f
d6d2851442f024ad
b077bd4af25aa7f9
75730414f422914a
83091da6aaabbe8f
52c3618c146899bb
8a9630b138cc10ff
3deb63738dd9e17c
86752c147716e940
c6eff33cad3ce6f9
8cf21777e26fe994
93424e31523c7b20
407c4b32b68bce8e
ad90e26bddf3d9f6
dfe9b23d8a06ea95
5c2f81051e40282b
e207777ac6d3b0dc
bd7a86c4830e2e3c
2aaceaa8cf755b6b
f102ee9020eb171b
16b7f9cb5935ea8a
ba4519753343a3b9
e8167ea57f7bcbcb
b5c87589d75e63d5
e9ef09f1d846f2ef
3d7650340ba18040
e5d23dff6e45e300
1e8d48f98cffdde7
dbfabb68a55f12ac
5b5c9430e18b0187
dee40c2b352a0098
2684388a56f62ead
b94acbd4cf62def3
f6cb8561338507b6
9a11052df9a6aa73
13127c16a90d7aa4
9133ad9780b96e68
c7e852ccb99f9ac2
beb09b8502ef8c4c
2830083a294b5b52
2d0aaf19adad3f7d
bdcc490bda1b54d4
0b741caa9b727480
6f26da126c573817
422fdf34b53657ec
30125f9c6628b5f8
35a6c067c8bccc51
32b6c5076ba3dd01
25599731545aa661
a1693b5e4909157d
e53e66555809e4f7
c90dbec49b3d08b5
eb8c60ac73cfc5b1
01308b0c05526e5e
ef91560d94d5fcd8
8e11dbf8728e4725
7ba1be2caff38b95
d650924f4be734ae
5759f9da4d98d739
2fc71772fc0aede3
585850ae46c69fe6
81ef9faa4ea55d09
fd10c752431afdb2
e95146e259be0216
ac97ff705c1aa8f0
64defbf3c12f9ca7
dbfb02329f829e78
47cf169c8205f740
92e207c503c83451
b666d7276d6b0ec1
730611105916d94d
5dac8689acac4c0a
3651e3ce2dd04351
19e0c23ad8f923f6
5504e96e876c609c
a2d623dc344372df
f7f2c07d03f03a5b
d4ede4feab674e5d
aaa62c920e3b9aa9
4866c28638c5fe75
11105e13b7c5e9df
02345dc809219172
ddaa0bc83922f18b
d1e12c0f71fdde83
cd3f64e5e653c7cd
e507008cf98255d5
8eff70126c6adbc3
0fab0097ac3d8ce6
7961af56a3cf6688
0b38b9af8fad1e30
b711cb2782999d83
eece95843fc21fd7
7870affc9818e407
93a407b25b55479c
35373f5ee1b895d7
4d26c4f675dc5a64
bad3ea18993f1106
d97c4ea4e56c4d7c
31d2289a639bdb29
400246e2dcedd954
c82a8c325ccc73c1
fdf30b039d56c9b8
c6da5e79a3fef702
4fc80d72420fe116
57999a1ead174a0e
691d3510833049b0
e393d77ade7b06eb
31e08fdda9751fdc
cd70a0f47c28309d
a5ad382b4652bd1c
9a8a9930d058dd2f
d89e7506132559f3
c6267a8954a4b997
80241b8119953d24
3e5c88dfe2e95ddd
88b531cf3247527c
9d61636bb0d3a5ef
32d11a3f0b4aa88c
f6216ec71eb0ad6b
a5e4a9f5022fefba
6c077575b6982b40
d5ee5b2839857847
427716d1e8a18539
2333ca74ab6c563f
9f00f022e83e526e
074aa31ce4946bb1
ba0d9f1025efad5b
ce6b62c67c31b4f9
4edd9ad5a47daceb
6384478ebde7c50c
df86baeefc856152
f9e522684d7f8729
cd5cea3b3bb60120
d664e3512f4fba6c
61ffbd397b05c637
339d3a06614ec8c8
a73a8f33389a50ea
7228ce70df3a99ea
49e15fded87195c5
fd4ce98dc91b7578
309be4d250892aa8
fbe92329cfec62f0
db1f0ce418b0b143
50985928d872c0f2
6c28e8d6917985be
ffb83de17fb00847
fd69b39d5fb13696
b6ddb8a061cf71f3
b3435008708d86f0
447dddd741875c0d
1180e5dfc04d1910
9559b026603d4332
ed95ae92fc5d0730
11ed1ea5e70dd3fa
97639bbc95e3d96d
ab818dba532373a4
85bfc882f75946fc
d8caf7966f298857
ff4be4fdbe937d34
efdad49410355b52
3d10f33139e5fb26
3f1f41e4025cf36e
1c6b47b1dc326ee2
6bcb191eaf83afa6
a07c7c1e333a1dd1
5db6b036fb9cccf2
d9df536c9a3d9812
364ea18615dc4924
b41665e492d01c31
f11e8d214a2ddd0b
2c87b927c2bdf79e
97e546f75cda27a4
e7f22fe1f375e95d
1cd1fec2a5ba466e
d94edcb656bd1b0a
30b10ca194a537de
d484be394c876783
ca6309ec488b4045
8ada1469ca88d25c
e5186f59383ac78f
10734c31503ce1c9
ce6afb91eedb551b
33bf1f020017fcdd
9e00c98ab026f12a
fcdd1be6362f5e89
ca6d1374cf725110
f733a214a76081f5
6df168b18aaa9f7b
2efdeab02e233e5b
6bbdaa094526af0e
19972625ee2d443a
d94b8e60c7265a4b
ee6590f8cb9b1b47
ab06d8b52b58a246
002aa21f308b9a6b
5531bbc065ad92ac
1001ea47c5561446
de120d2d1389e83d
50aa21d2fdd42be4
8dba7db9ef8a4031
b5a2207ef52dff24
600aa9af79f58ae7
f512e3ca5a9abb8d
321e106efc46593c
a6bc26cb8e6ff3e0
6a4bb05907b1b3f6
e0284176dd63d51d
288a7458dddb6c6a
c5cc21ddf0cd5b99
e5fa078ddf6a4f63
773a14328fd123db
06841d9a85d5697e
f327129f41ae29a4
0a48124b86ace804
71e599e46a0e1ca7
a501a18ace4ed178
573756eb02ec5846
a3ae9f395f0c00a0
2f91b3498bc4e4df
b9c05971b8601cfe
ab8c09dee275cf74
d38526b7a7f2be52
628e9b54ba856808
99963b9f9fc66c4c
542ce8292766a079
73ee888ab9fb6f5c
9e0c1001d3ab0b86
7e03523f4b73eeb6
4bffba0454edaa17
63d6eddba2decaea
075da2312341dfd7
f0c4ae14fa5eafbb
9c8b0900088a75c3
ae784701dd42c381
3919f79274e76950
23d74d4902898b15
47b01237a157783e
7bcd00ee65772c19
265e84d1a80e2062
3d557f19976fe35d
a1185a4f5210b614
f805e31354208b1c
52de7f44d38ca6d0
095e8715087b7517
616876af6c3b5b00
1bba8d4fac00d57c
4cb0393dd10f665e
26f24cd90ba24fc2
966062af22fc5c61
b0cba8e0389f058d
3a325e1441e87d11
75347de4e82ca783
4a509ec8f999b093
a3ba12205051fa13
4ecfb4fb4f51c9b6
2391d5b9e0eaea85
538ff92eff8b46aa
37233e5dd0adb41f
cee72d9f499f63cd
2d63053dd05b34ac
fbfdbf326d4bcf64
98ec6e71fd25a391
baf0cb84fb6336f5
6f90b1228ca0a0a2
e880a928626f9b32
325d7590120b3299
cfb2f1330e96b05b
c47c6f1f69c4f7a9
c4265afbbe0482e9
c443be59078e4576
044717be29670eed
f2ebfc682a7550c1
47ab4b99cd645c5d
f391c7c766abd433
8b261fdd46ec984e
912e61c5726c03ad
2d749ead6fb7e121
1fbc49ef840223a5
275ac161914739de
5c90b3161c1ab75d
fdc500028a32e55f
d370ac0b4119eefe
a73a6f5501bbcc91
508909541f28424e
ab725686545d44fe
7a84e68e5bbf7d83
84f34c1eae8b03f6
ecf3e733fdde81a8
dda481632a05cd1b
1777f7cfdda80720
8206f651184a1435
4397afbfb6ce8612
a293ca69d725086f
1727e4fc0ba56817
9fb04dd4ee0cb567
5bacf09e64e338e9
2e0bd3e232beb435
09c443be329c667d
107b0df22fe8f18f
b1113e3947589493
4edd97335774dfce
ad782d13281c8a5b
1a66bda949205898
9fbf93cd22c71254
4c605a0ad7bb22d7
ba7bf0497f394381
2ff4d72b0ccde29a
fc9f7fb10d45c85d
dead7fb8e641c306
fde1c6a25435f125
f13c3063ff132fd6
dae1ded8ca30ce82
bb2b1593cc263ce2
51fda78472636dfe
ccee407b9715d3ea
1762c96191946ca0
d2b5c818b43bccda
bcab712f7c16c6d7
309eb8e38414be29
546f8f5bdf5108ce
0ad43165f81e6db3
5e4c50abaf18700e
cf8affa6444028ce
cae24ea0c46a9935
8b656e2d89ab89af
6d0ced54183a852d
9b4c3268aa6dd982
525c459c6d200ad4
6ba1f8426823453d
921c9f50a3cf73d7
d3a00112bb7bf8e5
7c087db1a140d765
e6602226a582a1fe
f67ad2103b17d7a1
0ca8cc97cc56c023
1d377f0ecdb2b848
f66e4a7dc679d442
5bae38a22733b69f
2c0c28fa3e3f19fb
efe96e4bb369343c
c53f24a336532254
1fce109232936462
8bdb46d2c42dbcbe
f0d286b2ab597276
b1a1a25fb03deb24
ba49fefb5cb3b5e8
2d8e7cfc3b2f6072
b271a7f8732ccf88
4becaf04c4f7d23d
0c1ba693b6ae3d58
2ffedf6c38a4a85d
1bd4b68b8c5869b0
883b2114e89b92b3
e7fea21d9be4ba8f
4f7a130fcbd7f427
278252cc1b5544e9
e8944c33d76442e8
7c4bda53687e06cd
92b7cb987d64d506
2fabd8451c7b5dc9
f2c25ac42902befa
ce1779a5c8ef648d
319ad4f5e3793b3b
06e0a3f92e803e6e
1372ce4b1d58cd5e
75fe38c06f505de9
992f66a196cf6f1e
783459aea83cbd90
ebf3869aaa1b73bb
25068a5ff3f48cee
27ce89b4d41f0249
d4467dfbf945d1b1
5963908cbd6c2a31
f69cf1085b5a16e7
74fcb45ed319d6d3
fcfe0837ce8e6b0b
124ca19ac69ec766
c48b41c60006d7ee
fdf897bf46377501
5a3a8199edc25c8c
a6be459b0df69478
64c4bbb7258b7ecd
5eb654ea54a39582
5ef4d360859ec3e8
f6a669de0d5f2c62
44477e7c9dc6d138
d5ce77e2be6f459e
5e89aee1fc84b7bc
4db31a9e16adecb1
011875beda115163
74b2ad5faeb46cb0
64924f51b9bcdd14
5d9a1981633e8094
d00d3c5775823051
9c331c90646022c8
116a5c1b9fe5f8da
51afa4534cf9a1e5
3a35fedf0870db6c
7a6d1812d2417422
17eb5eacbcc9ee0e
a60b7d994eb0a242
9036526691f56d09
d397f9c2fcb2d921
25e94d44935d7fd3
e818db8693365ded
c0fc69e2e94b277b
958022d97f6dbe6b
b8a0b976f6ba51c2
a3f2d27c14039d05
64c0d8e0bae27337
55cbe7da3dc1513f
e2475873a9e4c0e5
579ecab6219df78a
feef08ce1c116fd8
6bcae95bf68f3f16
601dc01fa718d796
256db3c9d6850df3
ab3dd8670f31ada3
c07524b4debbd053
c4179aec68e7e8ce
afb284e21a0478e2
3e7721e1cf0bd302
df6d98651144741c
09487e168ee62621
2fdcf077dc0b3e75
5698fef69b869c0c
5a8ed1bb3dc26ae2
23965fd4fff89031
a2db99d5010d67b2
7aac75136195a253
67fc076246fb4f2e
e0652c089105a346
72eb4444b8cd722c
36d176d532985db4
d149b89d1183861f
f324dba2869f7667
af3a2b29b096b847
d212e85f550c0a7c
d5c7764933e3a799
63b3463556667010
993b9c251e4ea882
f050913606b027d9
bc2614c10e970635
833029ce4317fffd
c3587d1cc8e57287
de855d20f091f1b7
2033e06511d0cb99
58e59591de057023
febeb5cbd93abc53
415ce705e1bd599f
22446a1f26be3321
dcf7543056a38c32
d4ece22484f7e0e4
69471f9135acc33f
6cee048d525c92cc
e889416db471645a
f6ddc1ca1cc38b65
b0cb22efdd726036
33108ae037d11a36
8d96c6a8354ed152
0490784145adf3e2
ea406cfc1ed7da6c
37f0e5826b0c861f
0be21672700b17d6
9349e5358cc7b166
22f80ff4e50e22c7
22b76482cf0365dd
54ec739f47863919
a388529762b1a092
bd5f6d330c8bdada
f0e90694c48073a2
b9091e9afd6a0690
30c8556c588b6337
24d853d6c58045e2
44885244c9c56f41
5d2513a16bb5dcde
6fc1cfb011827a8c
d74be53a030e6b6f
7af46543e9fe34a1
a7da62ce59e6744f
7ea04efba492cc54
f2d5b364e728a540
70521fbb39d30f88
13a0b44f644de163
57812cb555aee00c
8c4473bb82e2734c
ebedaba33c77394c
618ca2caaf7b6fdd
c21efd54fc42ec8a
6515639912ca31d5
fde448fc81e80149
0ca500888ae67c6c
fc47ee7981bcd3ad
6fc6ba816f6206f4
c842e70a4e9625f2
0c226c909b2c0b0a
747bd2a1fb78c3a9
22fee835148978bd
3116d9acc2338b54
1b6e3d6d9848209a
3c22574d49d0440c
9a1a4bb6997a0222
8e7a049e24ef8aa9
9f154525ae2f4399
f8e059738b34c727
8a9ea5dd8d071860
3de78b1f6c6b2356
4db63e865cd17dfa
6f4d87e9264973e0
0b4c67a4dc03884b
7e80a3952aaa4178
03ce2570d3136f41
b13119433d0afeb6
84bd7b65a6d0474b
466e3e396093f362
6c92d42eb2151c85
1f7f3adfc0554e52
fc1aeb0e0842c452
43064e338cc7d28e
0b991b68ba341380
86e9d3a7ee8bf216
98d459a5383b5d14
aef5fcbd8c6448ee
0ff1b1ebc8cfe216
c2b1d4794b1487a1
850737d8cbb233fa
8148676852ab4366
9e6d8f7cf1044e3a
06c6a34812984d96
96985adf886053bd
ba81d95b3afc4636
5fc01edfe10d23ea
eeb192fe02d822e5
9b6648d2a645efd8
81795e1c965dcc38
c89329f91896b4ee
c13dcc8f67431374
a543587e3e6cd447
a904a7e73a2cf7b2
62e549a8b170d1d2
e8617770d00f3e15
2fed15d331342622
b5c2e7634ff0b367
0893e39c4a7661fa
c5ad66717b7119ad
6e49d548cc343ea7
7fcbfd7486036add
a2b23781426ff5ff
7a14461d17f07c25
a66573e65ec853df
bb344a6fe94eca2e
c3446de286210397
b80e39b63d4bff77
481620028ddeeab2
98b8e1b3bd6ebae7
8370dfccd40c4365
56c7527ae3917679
a875220e3f0659d5
2e72e6d2980368a6
ce632d7f3bcb57fb
93802b8315ad2dd7
1c72eadba0caf36e
48289730edc4a115
186eb438f3501f43
0d8add06357ef2a6
79a1fc5fa20b2a72
55f301c4f69748e4
1e3d9640fcd37769
a99c62b5ae6919b4
b5be7fae3d7e32f6
ca2c3c43062e07e2
e2e3dd27e8b20094
3d3ece1c4f5b82de
ada207815ee47f66
28ea6788c706ba38
12a6a6027e93545d
ec347f7e9848093b
e352088568e79b98
49b140a5b060e7fd
23636822964a25b7
c61e44a41958b6b3
ec65d1567134cd72
5c8c0e5256b53ee5
bbf3c450582c22e1
314353d0399f2366
64d1d5ac0b119af8
c374878a16055526
fdba0db690946786
f5e605e2c32b2434
e65de73ba6511700
4d37066dd42b5175
9481eb38da1d475b
e86b2632a651fd6b
74f75cf02709925c
4640073b4285e19d
32bfc1182dfa1b20
5fd2fe94b11cb81e
1e36bcb1cbcbb78d
3a021e1f269fc9ee
0e05f1589d424100
a739140b726cf5b3
882a8ba3b465575a
4c2d4f43b013ba14
04def745e153864b
f5d99bcdcbca6069
7e57c55da7394862
122112081922c964
77e75480c6b14504
02ea5a920d202175
f027a14f4b7d8581
2fbd903fdfa5e0c4
bdaa3d8e1b8cee70
1637007bb19a2a38
8938164f0746b225
be9f35a6424c4ed5
1c0a8d05bf3b2fa4
6ad1508184a5a41a
93e7483233c6cf58
c6b6d123efe83280
7c5b94c4733440dd
8d86318f1705a414
722ed6e2c58cac9b
f5f5bada6fbd8512
f2a10764b715842f
7500f593ea933b29
acd5aebfbfed91a3
0819bfe62edbe421
a1b5890e333727b8
84e0cc93256e964d
7fad1aeff3691222
246bf661b66ae442
6e5d2b05adfba3c8
6df6ee2f9c46b703
d3fee790340ef010
5538cb201e8c9582
fa6c47b1f709b1fa
259a3538eaedb123
c9ad90da275d7686
faad9c40b689ba8c
025fa3d40166c96f
ed498b9d91e4e4f6
e0ec6fba8c347b75
503eb1ea36d5f3de
47b14b90d8587a39
bd92892204726f1d
764b28b054ae8f92
1f3360174260dd68
0e257f0e73e1f7b2
89d04d6e1ebb7ec8
601018cc4121bf40
0a3fa3ab92f8ea90
ab702078c8b7f743
5e1e8abfc22ebbca
f320242b97f51085
50a0591f124d7fcf
3e24b1d98dd2260f
886de28aaf53815f
9e0ced8bcaa66a8d
7c44599428dc9211
ccfe8b64ea8c0b5f
3e02fd248e3b72cc
cf462caaa95c66bf
773e4748b6511b77
e15a0dbbce55c375
4ca5d674b98b0d85
a6897a00bde59d1f
5260ff562f15dcbc
d8b5c6959e33f2b5
3c701cce62840a9e
7a7f58a6fcbd5f74
5aec55e05a644b0b
fe10b36c6054e005
32113685af3d5f2a
c077924afc53772e
745160b7b0f1f9da
532db21d98760e6b
e71524714869697d
276ab588fe22bd9d
f8be4e13deff6cc1
18f4d98c32edb01c
0c951cdadfbca5aa
46f2341e03fef540
71b6318184ae7a45
f48aa204675c7769
c99cab09b6d1feba
1634ef89e5e73c32
426041117d36d7a4
8efc5150edce76ac
95ec85e886b5902f
35991ff8d96ba986
42ff9910a0c09539
522bf5f1c9f15c13
01081e94ec68da5c
61e9078293a545b9
44f12f355e72ae49
7f60d86d0bb63c4f
ad951b629ab52f05
0fa1ff29ecbcbcab
cf163d949363fbfb
4eb8ec6116aeee86
232386b64a41c674
19b9af068a8dcc00
90db6eabad716fd1
a7dc69561cf68f73
9c0a93ba45059b06
95e390b23249f773
762533bd7dcb8da7
4bf242ddf99c28c3
ee4b2498e0af71c8
f85ca15b1ab29112
1377cd509b8f6083
5826730d9109e527
60b7b98b1b4f3d4d
e025907b8292742d
290802ba6280c87d
610b2b859aa2356b
4c831d4e574d7724
1f0463c7e783e5c0
24175f9a0ae53446
111ab39997fa96f6
02f46b897ecc1aa1
2f980da43e8836b4
f993b39a9c72c7ae
a0c872ee807852f2
d23ebb32da6f3ed9
0e04efc3af5e86bc
1ed11921a58657cd
defc3ec1e3b18a2d
2877dff0b3473374
3a50402fde4ecab5
36cf360d7d215974
029f3a3143fb914e
fed9726abf865c89
f90275756f6821f8
b2496e1947a72709
59150d2d59cdcba7
ba0deee8492e19d7
26aad7eeacb8b022
469893bc75f1b0b1
575823c78c2654c6
9c6f1e7a915ba283
c58dfc16f30033bd
68acecc2e3cef657
294117eb10b1a3d2
6097929c4128ce65
fecfb0cb3132e3a5
1912256656208859
ab87d018f239e573
3fb954e295d930c6
d96f76650f927e1f
fe76241f33f60bd3
339e66a74c35d85b
5eeb53747c00b953
757f7f7d8a2ab4c1
fd1c267a4689a505
431a82c58b4590da
615e2503a6c0a2bf
4f2c47f3e38dc2da
7b6c4442611a256a
1b245980e7921b13
a2fc6c7a015cbe39
6f7b63544c76ee4c
cac5a106f185d08c
b1e48ecadeb03ba5
c25226eacc93d412
a635c68f1336ff59
9c93525bfc170d85
bc2dc42d0164a4f7
1fccecbe92e8b6e6
c523214d9f7eb439
57fecd1d97df9a77
8576312f6096ece9
b29b5e5473f518ce
649cd832e8b8410c
774e9f001dac1278
c6b43bea302b8ff9
b3a42e9d6a17ac36
dfffeea82efab41e
e595708efae3a854
8e54813fe1766a02
ff503bcece39dd83
a7ac753f6658d7fb
d60443805d188dfd
a3a24460ad3b0365
2b1d57474a6803c9
e3e8209c1649b46e
d7543a970f2e7a1b
9f7017eddf3caad1
4552512a48fec005
c465b919c7bd7a46
bc028262303ee5ef
7644573f5663eb0c
5450e0c9426a3a36
11bda4ed9922cc65
5ee7d6cebcc3ac88
c05f5507a226e74f
87fec354e0c1c895
0d3e687279273e5c
6b112b86ac750d51
994d5c7f4fc925a9
4a59c1761c9e1039
a895ed7c22795a68
115263501dcbe636
fd34f199216d082d
47e8bac3356dadbf
bd80d43b04eafda6
3961d91b8790d5eb
85363d470a66cd93
025f29ac8ac166f1
4d7ae8e12a04ca64
4c2bf37740a788c0
b67cc5a753f16c9e
9f4c40d8264d076f
2704516bbd6bc1d9
b0b939cc2a237402
801c2f4f3d12c729
0790600f31237bfc
4a00ba4f4d14b83f
8a9833629d222fe8
0668919f9ae0ce51
52c0f67ed18c9d22
8fd6b1bd403f218e
00583d2f51f8b947
c865d259f496f918
2915b0325e3a005d
9340aadbf8375f8c
d39326e24ce776e4
2812960f223a0ea7
84306aff61aff1f2
299da420d49906b4
7b0810834c923f6b
ab6bb152dbb74237
25daa8e085cfdbe2
a478fb58662692ac
a0ef8c1461733a70
66c000203af6ea77
f45d0abff90ee995
11941f2101b0f323
87f234b1c0351957
8b697fa4648b6b62
4630a69f9b37e94c
08d1532264910e66
7e9a66069be3ba93
69dfbbb5e61d9071
9c2c443067dbc48b
7558e8e98e74ba12
c5793def7b74b632
3242c8335013d307
bd6995a6411fc8cf
e83273c30902135f
8e90248ea0291da9
1ad1c2c15fb66b65
3bf2c99c1c29cc94
b2a29ff844aa0544
f08fa0862d69bf73
0a3d1c9b592cecaa
4e3b61fef6e0a31c
8a78eb0595b8951e
01dc23c945370496
a3ed21baa8cbb454
242734fee8293883
f00db77207f368d4
1d638ed66672a414
bc7770e4ebc14e19
00c0527503bf0a17
ae34dfb337ff6a2b
eeb095c921a80073
e0e83d597aec0311
607e1a9ec753f191
09fb88f1f9514fa5
35e1e1ca58b44e1b
e141462e4c1520ee
cf28b50dfd60a6ae
3b7f1b60ea602330
5cd1d060dd90433f
6862eb097454363e
23e51189685fcbf7
7b4d9210b6f33b43
30e3e36275a33062
8e8ce52d8c89b3e3
7baed021c3ea408f
6a9c3e571a1f18de
d81234f9bee06f63
c15143963160f227
12951a6fc7edbb42
289fe0a9456d3ec1
c2d10416a81c893f
0c84a37a7db6a41d
20ca2e6decd4732c
ad15c49e6032fc3d
e8313a481c13038d
483ece4fdd09f725
6d15a3a647edf0c4
2a59b15b05b0c046
37ef00b23777801e
6282b8619b5916eb
ab6a413c9feefb8c
6cba03f7c2c0cd4d
603304cd12945587
947c15c1f875e989
7c9e7f8cccb5c360
26f9d947497cb099
3ffd07f071d11b0f
31eb9562685dbcf7
b64c01619023f1f5
46c81121c80f241b
ef5e99c60fceba02
8955908782655fc1
f5c228965dfa6eb4
419ceb2746380fa9
cbd8201786663b54
13183d72d7552837
5abd507a0522e14f
fb4f948a80503ab9
a956304f76a6b473
31968dc2c2cfb248
64e26c2581cbfb64
c1de7df18af9a71a
d6bc11f9e2dd8fff
a9be21a83a6d86df
5186d9aa5f527dfc
41e3f31f01d304a2
3ebe79592d8cf3f6
acb130f6ccbc82f5
252c386f23673287
a47739df51c619e0
1ad1e4ab1c025461
b76b94090543bc48
1f9867f555ace5ef
0ba7a66474b7d1bf
e36ad1f3446c54b8
86d59a573a0ccf87
d1cd8352b27ee04b
dc0092f8eaaeeb47
344d12f8201bf31d
c3fe63dd750af0c7
28a3ff33a075111c
8144fa28210dccff
5f9f03c97ca25898
d73c8abd5c789799
53cdf99fe4a0e903
7d7b32bc6b86a7db
ab9021fafd43c75e
1b98a62f9aaab052
3d3b6ce7fbf0654e
ce086738ba28a7cf
eadd27f632567199
8348ba259372ed59
a2aa8f87bbfa1668
7aa3e0efc55318d4
f1fa7fd5b8545f28
1ce8407d0e0a5c91
87342890edf39f32
ae9901b94aa0c6b0
10201b7bd8bd110d
f13dd53bc6a2b3a4
367fa5cd04e5cf4c
49ac8815af634c09
83c1d4711e8124ab
f301172dc2bba788
44d5a53f508a6fd2
df6f51d4e1235fb6
c6fb11df76a80dc8
50ba8bdcd416dc3b
83c9eeafdbfe110d
15d04c1f69730192
aafe844e30c2a49a
9fd3a15928d6e621
ec2569ee954f5e40
7b9fb9fae8ead37a
f416e315d62560f0
0cb999553e8576ac
465035eea7cb861d
15649c75d350e72a
bc83b820b8d2b429
15f7ed03dd6b08dd
06f1371ee20f416d
a87902d1fc0b87b3
8c167cf75c1c335a
da944f4bb9542d0c
6e2926188e0206db
5afb48964d937cfe
a34574961ddce1bb
1f2c7a7e8ff31c35
0bab8114a8bb2cbf
65acb0952b238899
c6ffbb30bd045e79
5bb99513ff0b5a13
aa03728f761eca11
0e5c762d6d21dc92
a988502dc2334ec2
b97951997c547e81
8513c104257c194b
426ebfe3d2cd9f1d
a063d787ba50284c
cdd6be1ed49da44b
011766fb3d0a5960
1669bbcfbdca2778
ec4eb675385c975f
cc38c67f9e7df56e
8aca07fb84d37da2
0043221caeb7450f
ce025966ea76a0e3
56fd788a8cc0d5af
8eb6c7cd33fb00f3
f33c457f10be3550
2258ab807b573edc
624ad81cb23a8f24
bfae5fac539060b8
c46db462d3322b78
a80ac28d599ffebb
cc5c9f3a56a057a9
121d34fd4b659388
bb5150ef82d9e28b
b391e0d92fc6b930
616cb64e8a02c6c2
839066ad6b3b886c
dc4c1277bd15b740
34ed9629691760c0
edb3424ac3c959fa
49a324991d1197c9
4b7397e49de45963
81e7f7335c3f9a86
3b1e2cbd31a7cf36
2639332ac80ae967
4ff4a13f65de549b
0d7b50b42417993a
be12434c18a80b39
e422c4c3226a2900
f1e461a6fbb09b42
acc38548552a5ed4
32f5f154e69c7071
31ce829fb3baef7d
70ef71bebeced208
dda2975137d58aa7
c32e0ea24395405b
53c5e64bc0b5a101
8c9e880f8c3e25d0
05b84ba0f7d33ed2
7f6e90199d038ea6
fb48448bab499aac
15e2d7d0adf4f04b
f0e19b2e41051594
d6b0adca24b3aa4d
9229f90bc258e518
26b4f85ed549d742
2739d531a19c5485
eb3cd92eca9969c9
7f50092ab522c66b
156d3b9c25965ba0
fb92105291a7fea3
31bc6843989b0964
43508e14abb3cac4
11eb6398c3976a3f
7b6a24a13498d89c
741dd6ef37e498ca
faa279d72c300a47
b99d822c39123848
54941e084d92ff34
1fa5654af6d5e121
e91ed6459c3bad56
a59f9e5b7e39c1f8
59ba174d60cccce2
92f53b9212648dec
e80a852be8ec4efa
c019b5c6085d56df
4f726a42246c4f9b
ce05e29c87c0882a
bcdc175fd7afd71b
6604fa0a5a648f5c
ae0269e0bf98946f
1f715c61882437fa
d4649b3d800792fc
ec04c14600e8693c
01828581419aa930
8b4833479ca0109c
c6f4c2bff9ac5237
82a18e39584b1919
b5c4efe050ab236c
3d2106adf6a3b6ca
4781dd5c9f4de531
91dc79e73e0f73d3
83c9494c41c3eb6d
559a80cc9ba4a7d7
757692794bc22467
d872198328d86b58
caa4f7583a4c7037
935c757a7edf7547
47d1b892dfc1719d
32ac17b09c9f2d53
e887542ff5ca119f
46b370fe72930b76
fd5d74313756de2a
97a4c3c831339008
c6f767e24949d21f
4632da27c8623053
e0f02702116fcbfd
26bd89f17673f688
058017bc292dfeae
c91fd01b01770cb1
281a7263e8b8bea3
2eb4d683dbf16c43
2f3bd14149d5cbf1
0d371391b84d5794
0f2e95c66190c218
eb4db1d881634dbf
ae46241a9d9d10ec
f47f75d09edbfa39
8d86ce0731190883
31947903f1447774
8ed4474585a90cc8
f76c787ad3644c61
f06b6bd86a0d9392
7effa91b0299a96f
ef6014d7909b8503
7910dd0d3336f723
ac3df55828963e9d
82867e6cf7454d61
2855c848fc5c7024
f5d18cff3050dd28
fb0d01fc64094823
6d9ea8e14c461137
ce25f0b9095a2846
fc11b5440dc6b9d3
46cfcc28f0e5403b
2730400dc97241c4
9b854186f581a93b
3dcfbe3580fa4b69
3dc0f1148cc50016
41798a3caf905888
56dbb70711970580
6282c4275567943a
374e6fe38d4b16ae
230f682daaf14119
3860291fc156b90a
1427713a2acc0ea5
121722d35b5e54f2
5674284325db860a
7451d2f15b967070
43aa0ec012217e5c
4e9d37772c7b8ed3
67b0043c7ef7ca0a
776eb46326aa5c15
55a099767ac550b3
dac6ec8ba448d6cb
82457376e4d17418
a9d00f72ed24afff
74d6f719808d071b
1c72a5d7f2df36b0
06feb54a7a90f110
b9ac504d82cf77b3
ac1f09f61f1f31cf
f0e9bc2e05f17586
62957b585a8237c9
29e239132f89f864
f0fbebebec57bc3f
1a45baf50825933c
2d2c00ad0824bbdb
0974152b769f7ef4
cdb73ca6d6ca63cb
a3836224f56dd236
bedfcd3a273b6cbe
5132b640cd7fcada
f15de69af5388ad9
f01bf4c6a8c9d0ee
13e945abbbac8a20
240de82f08759904
bb72512d65c6e4fb
85fd7ba18fb1332b
17384193662a6677
e3d0e3b51970bda4
23d1e7f309267872
25c288860dfb87c9
56fe5cc3039a54d7
4432f9b49eaf5065
b990628e64fe1a41
1323005e83d7b657
c59fedf07afc9a12
4622a218b9999383
ac273f0cf97fc82b
a3abb18b8c67cbf5
9a846ebb29225fb0
a5c918416ce9a1ad
5e925827809fc540
9b8bafa269e71b04
a267d440e0b35a7d
5251165ec9a68ae9
c352b2102fc0a3cf
ff16416ab03f6cb1
a306f02a80dedf1d
b65cdee73e017092
ef7ac62ec77c832a
86893b0b36ec1e1d
f128ae0691d4391b
e805faaa9bb66d64
18fe443be0c072f5
91301b68bfe38502
03eda89519bfbc2e
873ddd423040b6ae
5b3ac19349ab1b0a
0b8db8df5976f074
e7be993421e89951
7c28fc92dcfb9df4
92868e7abd1e91ba
bec25a8a45344dff
11c8456fd72e4777
cc6471a959610650
079e155b50ffe11a
d493f51f112da930
3cf7aa17918727c3
5f73f4205929cf34
79ff159e3673f995
6a413451da04ff36
7e01da310ef518b7
29886fd25ff24c6a
bd8d8a0b5434da45
3af32fb086630b56
70854ee17a24523a
7cc7e6b515fdcd0a
5e92bd9d3fbafac1
cfe207aaaf2608e7
2fcc58be8303b4df
70a20aa88c875545
bf2ca031295b1f10
1ed1c2440d424d79
6ac1c1ff00ba84ee
fe67b10e4be11be9
78eafcca6d4a5619
c4da096d6f39acd4
5147c3ea3c0655ce
e9c2ee620cae4b03
9a737ecb8278b9a1
48cdf86f0fef147a
66d56c05f8d1e19b
6d87f167ea93920c
65000f2e19a51da3
8a0f65714a8b4750
cd2f5fc3c83c37d3
c78e9ccd5a31050f
9b10715b2a579d0d
e5016fad1048ce17
4215fefad9b5851f
ebd1ed79e1c2ea72
2f06ad7d2c1fed00
c2e9b8ae757b7dfe
42303716d2d7be25
5efa975c51d82725
3e7fba537f259111
6c5d0db602e7c111
e30e8c502cbf1efb
3897202cb8229c99
13a405bb7093ee2e
27b68b92b9fb46a7
291a5d8c9526ea34
54d675e853cfe280
51c800ecf6d91be0
226862e1b5d09180
df413fccc8aba8fc
047bdd00a97a3a9f
f71523ff8ac83af0
f14a89cf629c615e
a147feb8c60f6a4b
3069cf661ea6ed2a
d6f8c23d25174081
37da509cac158db8
6c81fc53d0dae864
f7bf6b4cb392c2c3
18e2b81bdaf69ef7
c2bc434e1cc0a98f
2c07387b3b9158e4
40f664424b639624
80b0ab248afcdf11
53746de026bd8dad
1df026408d3b2c64
ec6b8dd0a7f6d901
f7f4be1363e47c8f
46d229677dad1aad
45b12fabba191bc9
8c1e4647a4dc28b3
6fcfe71b89662432
ac282caf04b2396c
fd8ac3fc4d00ae0e
12e4e3c4bc1cb2b7
0a5281453593fd71
80f995e595365dfb
7fd0d7101f0e5e22
0e655561dae6cd5e
982aece00935f058
b1c9837afdf8211a
122ab9ca4fdf8c62
1dc24b340fff6afb
62c919794597afa9
6f423fa39036af79
1884acd5044847fc
122ac3a5c18b551e
75dd839e5bc5bdbd
16f11ec7867b4a7d
23c29a98f6837e8b
b5d93b966751ebfe
2ea2403d6c719810
b0c70f2cefa24fe2
df6b9951f0da5289
045991aa8bf604f2
d07a7e777ee75cb0
fe96bb6e9ec87105
0bf28b120db35428
5071e0da029aad26
1c5769a1db32615a
6710a26800faef2d
6c2e913db36f1c15
7e7c8648a54faa63
517fa5d95f2324f1
0357210486515094
b472d20a2a6b0ce5
e70520fb2c965b21
e0fdf6047a32fc73
241f62ca802b5aa9
427312bf58a193b1
30bad924619381eb
e613ad0c6fd1b3b1
d4c03dae59def5f1
f0ac83616d22385b
d8f721ce43ec51ff
4435423987aa63c8
a85e6eeca1db29dc
b67c4da2ffd9a265
a2c1139721fc4d66
9ac92dc41c57a791
5a793fec30c04555
c6d23a742b81d826
180c503f744562ae
35f0684b9f942a02
12092e456af31f04
d538a280d058a7ba
944b2a63683c7fbc
546371a3cbb44253
7865ff7c221679e4
ebb9dacb4b320c62
68aa37047a91ce60
b98026a9157a507a
318e65e233d88079
2c61178710e1a210
bb1e859c88f525fe
4a8289c77066465d
582a184c4ec1ab3a
ffe381ae4a7632de
6ecca022f2563749
c1915ada067baded
9fa496a0d572264e
85b6eaa5f088858c
e4bf22efa64aecbd
21c7b2e6e7a0bb13
5200aea81c11e603
a5a7ccd4431e881b
e23fe9454b872a67
7cd0e29d62d2fd3f
26651258f325a851
d3eb72f55b3606ad
316e2e25faa93d08
c032fdfdcda88014
17a4fbb14cc6f690
b12ffda581f11d20
6e65774b9f0f161e
4423cea09a6e46db
c37b2e825f0b0307
b47da892ff0a8600
68e3caed79ce49ba
b181731480536d08
146abf34df023874
64e70d53a8a22cca
e633768facfdfd87
f9845ce3c87f8d8a
d666190ee86e219f
9fda7ae85ad70751
657f242a25d12aba
3a6e1015567cbbcb
2b7e1bf1475c3a87
ba232c853ce4f015
13e0a2ce07524f91
c6e86fd90556f29f
75275d56d117967c
680fceea15622196
f21a3e83d9adb40a
775cab697802bff3
2dca54207d33b1d4
47004da098be9821
c118eac3d0df2bf2
7e71a94478f57675
98ba4458a927f31b
54850bc09f466a0b
bf85aac65103a656
717c72e387936336
fe42f7c4f879da15
ceeeb72b40169687
c157840c5a658698
f83ed8ac661d028b
f862a7b7584cce74
c3adcad4b87ce5dd
232ad4b101d53792
cedff272489b5413
8377b6f31c8fc6f1
d7b632589fda2344
a217db99038cb8bf
fa990988368cc2a8
1a6f7b778853185d
5eb8dd9fa908f276
a65b2122ae12e675
f5326b95febeafcf
3c73c5ea9f9ef8e6
8f2a424c82ec9be8
afa082a62cb4e1f7
cfc3b7bc4b69c9e5
6938552f7b3beb8a
e410098f4de49c66
4093c7750c144385
1222f0fc9124b3a4
139562ae4ea2fe11
c0d0d0b295b87a92
a5937935fab62b56
d318d4171d36bd32
f57e0be98cdc8cd8
e3655c909a1f1d49
efe5331030e95b1b
8b510dc8485c3caa
3423877ab91456db
f873f67d8ed4fdea
231b36e6477c68fa
f2f1027a55bfeb4a
fd2f4762ef7f3846
036c7f6b94d9e98f
18c109fda47e571e
1d8016959f81df5c
33c4b99e02b9a738
6cb98ebe412b621a
a4165630b494ca65
5f51e6f448997b60
4af8485b7ca780b8
6faf8ff6032ee28d
60c9bfce2b5b7932
ce9a34cac2f37c10
13492c0f913445b2
162aa40f0fe50a16
881437604d99747a
37eadaac64ee8760
405b94e1c410c63b
0005013e6036bd7f
5c0062cac0337198
e4449451074a374a
67fefdb83da6d0f9
c34800bb533dc82f
0ed5fd1e04b94d2e
793ed003735c4b2a
ee2ff06f9c3e7799
2580c72de0554954
20f6fc9065a99c1b
e4d177810434b439
3e551f04dae665de
42bbbfb2a76d5657
266fd98e76ed2528
b0dd762accd2b579
874a09a7ddb29d42
51267323b21ddd83
8959c779363ae5fa
485a86705cb15cfd
cb90b25e9d1f5a9b
24b319cbbb9aa097
5ceda4b1770ca1bf
c3a16fddb79d02fd
9cd1c1fa7ba15e63
07f9b7b5ccf55ce7
bdb013df8ffa6d44
a482d6a37623334d
92972f0fb2d886ad
a514156714ec521a
9c3fa441e2fcb476
1635938d0182b145
69d2f5d61d8594f1
afa01bfa2277182e
9a90a63aa035aa73
28cd9d960f89fa18
a4869f4444b16c15
2d002df1ce283335
52cfcf56d3ff6d98
8680bd7ebb059cd3
141c6cadad35a2b6
8ec6426443a7a1b2
50f26cd36c92b23e
a00e65d2189a0fc1
54cf8b049fb10c9a
6b8f7dbd940bc34c
64e87bec8ecd1a41
d61f0d3fa48a1baa
57d0d17eb3d7c8a1
20bee4906fb29ee8
1ea46901f8dc87de
13877b2c99a48c94
8700e294ebf0122a
b245493d7705ea98
aa447b9f932b7d73
0aeaec2e7b9c1d1e
f0809797e67a3af1
809f33eab81128d2
c77815bcab3f2ae0
33bb55b824ac4647
a54f2c5330d7821c
791dc8142b001d4e
240ed5459c3a6757
2cac4ec1de4b7d24
26df789eada80519
4e7b97d3d675cc8d
1544748c597ec6d5
892a09f3f5a8b618
3df42af7ee87aad6
3c5c6274a2bf63b3
191b3cc47e3efd0e
fc8903715d0f9653
e786b17e95ddf54f
4f0bf1efe448130d
c73cdb02a961f805
8e45cc0f983fe6e6
f08115e57fc35fef
e7fdea3e704e6909
9c1cd4d6a990076a
2d4845432bd50b6f
d15b07300400029b
6bf4e70ce05854b4
6cec3d9c2d980162
2b0756796f123d98
57888346e5cb951b
b23d96c1187e35d5
983e6e5a953aa7e1
e1e2a00ccdad95de
2bc672215910d41d
85878ca3341926b0
a8764ef0b63be64d
ab2242c178567c2d
e85dfc5e5343d1cc
e5a33b53888538d0
457b6f6012e1db09
7f43699c147d1bc0
3cfcf5bbc1b3e2a2
ed0264a3413c45b2
3679b054736ee678
e058425ec6d722c6
061ee43e97f2f8a7
0a1a664c44fabb60
96ed8d97882cd45d
d6f42a3764a46a24
dee55be370bd4174
3124b21b0b8dda10
cb8374aac009f568
dd6c54a79e2ffb32
93e0792bb12149b1
9b8854905eac1afb
26c23b1f3406c75d
a80ad9c89a3d6544
90d32b5fe36c2baf
40fe632057cbd72f
0e8b916a1492e04a
80f27cda2e1d3e01
8619f81226e33ee6
6cbd08ccc0bc3754
873234d3543c3667
b396166b3a828cb2
41401d99dbc2eb18
7861154300f023b6
c9eff3121f731a06
06a152a5d3dc6dff
ff6c6ece6c96c8bb
ec6ebda6f854e4ef
e8dddb98e49e3756
7041c5a24de43731
9d188f9303f42ca4
21c1c6ab21eaee3e
9f00441b63de694e
6d6c1bb4778f30ea
0c0837411319de49
eaaf5f9033aa73df
a385c72f29572fcb
1255f42ad387c9d9
71a78fc5e61f2fba
db6ad87249a2ae43
93a8df6d5b28c7e5
4d2f62956e0503c4
2f371a6f9c8c54c7
b170ef44db7930e5
a49d88f2b57dce22
3c9af2763effe54f
882ff9b42b0fd71d
282716a3343e4e91
1e7bd411f29aa40e
a9d21cc3d8fedc1e
ee06fc010f6cc730
a05736a8df6d3f75
53f834f80537f751
c90cb7d5cf82aa4f
e0f17296fab195c0
b9f3c65fa3efdd8a
e2f52e9de2975353
c6fd9c2e3a322731
f53a19e32ebbbd7f
7219c9e59e72bab7
34a27bf6f28446af
c5e076a2eaa2dd32
3bbd97211165b316
410c301506002715
a3868af4fad8a3af
ebdecd03a259b400
1ce490343790cbe0
b3b9805986852792
423897cb8f3f68f7
04ce101b4b5d6db6
928e384db429b0ed
dad2ccc2c2051b90
a928d6f9f8c99757
6450663aec6edac8
977d09db3d390eed
f29ede1789e1c13d
50e711aedd532704
42525c1567ae1892
38132c54557c4b4a
4d523b6553fe0ebc
2fff073e9610262f
08ccb08c85c07832
1e0d3c5dc5e00dbe
57317efb0caf5633
7e5292289dc31d40
36915e095dd09007
d38f7a082f2fd0da
123f8c8196456161
ead144a239c0b25d
ab5117afb1b289d0
a548f79289b55686
cbc301a99dbfe174
eddf87bc97f03bfd
833f0af18225b23c
9701b2019686ba82
269864a20696cb4d
3f8485c2da3b0a93
d1af8e5a46cd1cfe
c4631ab225c5250c
620ac553afe47bdd
3d2768490aa1c199
78ea78788a09c39e
d131cfcd44f603ad
f2c1903e716432c3
517deead94876cde
72eacd542e98fd4c
cea4228f708b4a04
fa9ad3490efafc0c
176c06bc122e955a
fe83b745b2f04c00
47d7e0e0d5f5726b
2936fb61c73a3bbc
2e2c86655a3b3fba
eb7cd58d28fc47e7
088a3b21e6509b69
943d7858453ce07f
64e1c0a6e8959e62
7fbb4554477d138f
ccb83cbdd2418a90
482a916ccecc17f5
0a323bce726a9bed
a35e62903173a039
de0fd3d3e449f8c3
f5cb0b39a4368164
a595dc07bc4308ef
636d6a3a939a633f
f74cd109de64537e
05b255ce3def0955
52e23d2a07ad88a0
f20c7dab8668d0a7
990c898b459c6213
b280efb31c2df35d
43631fa3df14cfd8
764290605cf15df1
6a694acda909c9fe
feb4c46081ed9784
a5852c42dbfd7e37
5bca44bc785b2e23
5b430f93abfc20ba
aa444516e1f20ce3
8351faf39fcc1f5a
a88dad890ea4afde
8f76c8d43917273e
7443b85d92accf18
ac81abdf91301c6b
923155b6815ef71b
dcb4673cbbece019
a445d2e09968ddf3
2725ffb98883861a
378a76a04bf1e412
bc868c0c47ddabd3
2b1becd5e05451a3
2f70f2b75563fef5
42b787d599973ea9
7054bf483c867feb
56d0dd34428762a7
6d8495a2cc7ebf38
132ff62d3eaf3ead
f9252a9582282a93
d1a6af35e330f48f
df637cf302690abd
3da26bbebee5b7f5
d4bd74385fce59be
b621dbb51a1c447c
6af6a65c5d170643
4844050222cec403
3f73e8103c73015e
ef87f7814fc345c9
e04d0ed331f23787
e4b5cfd827c5cd08
da40bd51bb6347e6
7e6ff899c8b5ec94
4588e3a23207e745
a292b54e3e99fea0
268d0d498c1d9bf0
6f47214efa1cb65b
a1057636d557cab5
5add7bb2ee18a2c8
344f56afc91163d1
51b0c3c9242ba377
2896d326a25fd72a
12d5ab7d95d88ac9
a37d3c3dc8e29826
97cba11ef4d4d722
f31e64528a68fac7
ef52fa309d4b462d
14bbdf35cc5ccf5d
d882ce210ca75b43
0a1545753eb0929a
a51a910345b0851f
896e7cbd38244a9a
ac5ce6892482777a
8f5f2f68edd5c1d2
e594d326585e8ef8
bc244d61625ca0ee
22b78dfffe6b541d
5510c75eaa0ec057
d33f8596bbe52ea1
5f7607b6771bc920
0ef58539b167f708
516a160cf9e6075d
8e0a4cc87538dcbc
8dd3b7faf6435952
80f197616f84451a
1866e05903589aaa
6344cdb968ab5d31
2e0800a638e59fb6
e34e475215ff2d6d
b20279645e63b0d9
f2d84affe2ef217e
f3db1d60864b176c
d733ca8ca7661115
d77bbc54b572497a
f1142ce155496512
6c4d91b63a86549c
c900775326fe9f09
8ea9d84620cc4455
6a1d4d056eaac4d3
742680f9bed459e5
b4b292c91412a018
ebbad950e1902c73
ebe1751682830681
d17e80930cfe9a9f
f3a2743162f5a942
8c72de361dfbef60
6792cb72b148f11d
338fa8c79b6cd386
c7c0a99e29811c3f
e64684f1801ec1c0
c37d93cdfc5550ce
00c8bd745faebfc6
3fb02c1d923729df
d6fe237e0a9242dd
7178830ee77445e8
94943ab17fe2a907
e626ba4933e14075
2d78aff9f8a7c9c5
099093c8bf969936
57de421a34ad93dc
42dd1e5e11cc4092
000444faedb1b227
3bf758b65e8b5b65
09b1466821085128
5b3b7ba257cf285b
9bcb83ba0adc8466
cb4fbb0e8ef05c7f
16761bc572ec2f24
29fb4dd47f3fec87
04515d38e5979d98
b1a745e06106bf1e
55d858ea99a42651
f0eecc978a76e90b
f7299ddd9ed3ec54
0415daa375204f78
36d2aea6439c3a57
c591a04238b1f9ae
be9ee8cd6eddec39
e46e3de8615a04a1
c1b3d6e669fef6e9
5c46bc24f1486326
5a49f96ade8bd879
c315316934f2422f
a3bbbd50fe47b401
e3156f3994d8ef07
ac4874a00572068d
8acc0e1b248cffa5
747d5dcf3260be28
70cfc3072f4d0747
03e08a31010ee505
ee30120d4d37fc22
8d7b9d83e6b61eb4
5b8a249801e76e16
9cadd86b0ee48c52
d27be6597ff78201
113faedfcec72239
33a8c37fc0567f7e
7cd63ba031a63858
89fb03e689b9af9f
cea670903d976345
be0b72a8bf332660
4a653746dbe66446
cc7b12f975a38cb9
1f36a9cae75e9ac7
52eb9a9d4509f0fa
896730b8ef4fd803
ca25c997ebfc01d8
8c216a717c396ca0
9a7e7d28709bfdac
6a4d9115a7e0d364
2c5f16bc731acba4
7155971040b28f99
a15a60904327f976
f05699ea22c6e5a3
7dd8268075a83be4
9cb3b60cf57bb49a
2c791f589abc5fa4
b761f5ddd2771d33
d242237b3298fa84
54c18aa47b4f99c4
388fe61e177c4aa0
c44557656c45b181
45436a7de5c36729
49db29368fed0d5f
342fcd8878a49568
a8ca6085d4cf6332
82980719ab46e69c
15947cf50e6f388b
a2539d88ffa43294
bc1c4352735344d8
0bc5065e113a2137
a7b1680601260c31
df90a13ed83c92ef
e28fb334e9aab169
6b4c9e78c555b8f4
2af8f0d13fe34e31
95923d46fe2b9777
acf6cdece4ef4887
f86c7b1a9d418bbf
ad42d39dd56461e7
2d14226524905ce3
442379b7388f6d1a
8c1f59396c3831ff
d5ab56090ae98826
138057759b8ca85c
a0e8d4aa9113f289
f4de43909806b379
9f0eaaacc060f1eb
81b441f6cade35e2
bdc5cc56bd582b83
9517727ca9d85933
cf1a54ab0dad8abc
76cdf0660aa7635f
88e1f643b9bd8202
2bd399a1976ed565
2959e6bd339f872e
9302e9f434037d1d
878cb9be9ecf74bd
146ff6f7c1f2202e
5d234b05fd6091a6
f82727b867d88f18
e7ffccc714668e46
a6e8f6fcdbf8bfc2
127c98a132cf0933
cca563f402f598fc
7f28676889aae964
6d79f0e020586dca
1ff4a07e10ebc843
2f978186dfba190b
759c79fc790be1df
9d3b54d605f283eb
122fad9998b41c14
ffad5f0c14db10b6
a8acdc7ba7c440c9
46b00f0f77e95e10
7c2e49e8048f271a
c8af4d233959230a
0386f3cd73f68353
ca575b272721aa7d
3b045eb68f849652
484d3384b59957bc
630d63a8449727cc
28019f8ef6a6d853
04338e72e57ed00e
c9ad9edcf396966b
fb43e74861d1e454
a40bb9eec4a6170f
f614e24b5a651480
3db89faad656e9a3
961d6c519fe45f8d
7abfcf8a14b5a14f
3487599409d81575
9357aafede609276
4e481940fdd7a300
baf4c6c37e6ff87e
e695275fc50f9039
a4945cd7e892df31
c9c540c5057af045
1c60521aa74ed09e
59d4e2438132b50d
68250773cf82d7e3
842edb7bb844564e
e2297e465b59f8fd
1a66d8331dcbecd8
6505cd418fb86bfd
1512f050b6a8b1c6
a12dafb5191cf12e
f951235aacc0d49e
a83a69ab812d7356
7937ae31ef63ebe5
07240de4678231db
8edc14fab6f50f97
40d7032d3cc09cc7
ff97fa4f48f3223d
f214ff3a4ea8c7cb
6ed2f6b9f4ba21c6
cb2a27ed4eb4f168
bf42c910fea8f85a
94cf863ecb8a6733
5371ffffff79444f
9147f5600e445006
bb14ed1bd7217ad3
4964b5528a28f2e8
7fe0e35b9a08f019
f6966cd78c75d82c
f9dcef4ce8b2506f
a619bf6c19b2c2d3
33c8ac5f195b073d
4fd4ee515eb3810c
d131956058719ae8
52f45d3af38efaa6
342b1a4c3e4d1957
c8a9f38f36f32465
7baccfb9988f9de3
e86890c5ef9c3de3
274d2a6a91f55f16
7148ea75c54b9e94
41e792649409c7f4
d2ed1424ff33111d
5e9ca3eb79e2ca0e
bd62d075e1533741
b8a1a4873e266716
8419c295ab8cb498
25adbf8f609dc99a
165604219a7cc6af
04998b1cf4347b9e
fa631ff69101820e
f2d35373e95f3728
465a598b3245d155
b1e569edde769328
165866eb0e7229c6
6b14ec1973976af9
d091cb7ef1b6fe17
0c698dc714293ad4
992077a357586ae6
1f16097eb57cfdd8
fc44714f72a0b35b
800ea2c5794e2e20
72dc9f1e7d1a1042
5396fea83c0c61aa
1a17fe07139a4a0f
a3cda10705a486fa
35b91d3f69b10d9c
b3db218d5574f862
4e125186231494d5
853a2b807762baea
965d66ac55aa4b2e
a262f27fb934c65b
1de885c3198889a8
a41c44420cd85c3b
38cbaaa10a52593b
e8fc373be21526a2
16c1c4e1ebbc849a
e0d5e8243a284a9d
2bee4fc28fd7c2bb
520970b66e86f8bb
21f894531d422165
66ce888b63df5bf4
99063aa33651506c
160d8adba1ac6f36
8b79ba1de15504f1
591fa5e05c57b367
c391015f0443bf1c
0dd77ee36fd3af9c
e36a27d781e1c421
e4edce2cd05e919b
d67d6773af821e97
3e40cc2c6f662795
3c08e370c40990bd
9a9177889086cf1b
8145a68ba0a9c5d3
64f97ac971d9ae7f
18a31b56f0fc887e
c7e690db849d2814
33b7ebe689bb7a7e
7c867cc665f356e4
86ec69df87a75b1b
740809bc11f15767
4f190239594596fa
980dcf8b078476bf
81d9bc64347cb766
429efc027c71b9e4
cc6f60e736323d4f
c894edf06a0d3c3a
889291e35f5fe0d6
d27c80f4632de8d8
0f1fd5ce3ec5f186
d2a5912d38d4305c
8e9a014d2b77d049
1740bee4edb83aad
8c23fe5cc367817f
bf870f09c9f6fab3
661c9aa1ae5e65f8
998f701c7ef80e26
77ffc751afd5970d
074526f842443cda
6c5c95c832d3f823
6525007906463d23
ac4e52d834448ac1
d0104056bf73cfd1
af769617664a7b58
1c6cb6dc6eb12fec
82102bcb300031a9
2d2dc56ce9c3e2d2
214cfd74d5993620
da07433532825e9c
c365beab5cbe2bcb
949922a98847504e
7e57b8ddc6687604
4d136159d898a832
a091ce4253bd2efd
6a996f395372f549
6e6439cb6da1cb37
ea37ba60fbcc57c4
b4d87e477600c435
d4c4b08c6f39d51d
be4d86b07f68d421
6fc0ee699c44d7ca
651581b54c008973
c27f8eef90f58fea
27d657b588231499
fe9ba2c014ba9571
1e13a55f538db7a2
4a3c56a2dffa909c
3246131fbd9ee274
ec54fb3d9555008b
9f6e8b5e2751c838
0b3637aad895757f
caf16b8079b52c94
4ad354cf1d7de970
c0461d9b8d6825f6
94ebf5b75d47438a
b01e6d77f713bc1a
8276b47ec2fb541b
49b7c7bcf8c6563d
e726c96497b38d36
9bb3dd446fbaf161
34bca69aea747cbc
803ee42c3d22658b
8c02aca01f1ede07
c6556157b88c4492
56f3244ff2023efb
537054c85698a525
7c148544f29cb53d
0348e0c2406f703f
d7890f0b85443a72
23e6f817692d4f40
c634133e037c6089
aedf4233883beaa2
4a27958b68ca1365
6f255447d90e66d7
9dde56fae49e742a
6ac096dc3181ede4
1b07f1589c176cfd
f0aacfdcbf752986
2fb8eb8443a4ad40
1db607166b8c25ce
c6dc4b1d3d9847bb
6f32913d0717cbbb
fc9be754154b13cf
77607c8f78bbdf80
7fc0983bd70da41a
4c8491c102850cfe
b4039ffc5a4dd408
541c772d03a56ed6
4c45434439f246f9
21e75d28c34d3366
141d1d3bdc9755e6
b0dfd7c5fe176f60
450984145cb10047
a4b73fddc78a5569
b10bc4d0d5ce4524
619cca0c3aace47e
214df409775adc8b
89f45142df55e670
aa4aeff3a8045545
e44e4510e626065c
704acd7531557b32
9c75b4659f9da9f4
af0a1cc9f8ffc7ec
87b0d0656b8e077e
aa4db42eef56e5a1
082900b2988830a4
daaa286aac41f7e0
e74d92abbb928861
9deac0779f145f52
1e61093d3ddc74de
e5092ce89196a634
6f675e89c3f6fa9e
31c8773cb0001e45
049a023b0ff25d0b
de816fbe84717d19
0ae77ccde8dc2767
8b0c0ffd334fdf38
841cf6d592b5d3c4
1543e0073c9169cf
e85d8a851514ad30
8cf00a6bb08b462f
2c3c4bcf1a4ec17d
f649afdb637f09a0
1b746e33cee867bd
4e98d635ae8f7e4c
4d10fd3037b603c6
0a14f01ce1bfa2d7
94aa7cfa6ff96348
fd0b2d3b65a93d81
0d7b4f6e7f59328e
0e61c5e47a9a7c66
4f6102305e24b9f2
06aadc5db4fe2546
d82dd26e11d25159
5b12bca3faf2e6db
06a2a94095fe69f1
6cab87b9a6edbcd6
0523079ff7c0868d
d4b9d81e7659145e
d77de968831161d8
00593c155b058bc2
bad649216c75d77e
fb3da434f647378e
19592f2b0037145e
16156280a6ab8815
cbf1d016bc35a939
0b9c05c06857d71a
84d8e76a6ffa6ea4
cdda53ba78008fcb
0e932263e8cbbe56
b4fe5587ed30e94d
1a985fea47bd98ef
c64293e755e2601f
e16a6fb98177675b
240d7f175080140e
4433f1bcbe690039
9708ae054f2cab8f
a3053cb966ffb0f3
e41e95f4445311e4
42f143bbf0f67478
735e12c47b01576a
0af0e5b45382682e
80d1037fbb931845
31e026924ab26bab
487dfc1414968a63
66135d8a39dd8003
954c5f0b096ed0d2
c142d7a8dd8867d3
7aa7621b09e595ba
a4119968bd18ea5d
6b33dc3eefb97567
ea7ba05015badd6a
2a83c09ffb79b5c1
aa08e3ae8638956a
7ec43f241a341ae9
a0072461b084fc7c
69d61334718013ec
00d4f5d709c76124
512bf297e4bdf6a8
80d3974fa4af4a78
b93f2689da9fd3ea
b6b21408a96f38ff
78538523a3a89b53
9d3b539d1b67ff83
9302efb8377ee38c
151c2de38fe12f63
517782dab01b5535
57baf303f8a19aa2
5b1785c84c496239
27ccd278a7ec1b5e
c022426409350aaf
cc09c5617106391e
48fb52d853b82c4b
337cca2e876c6a6f
c3e34520dfb14528
4be6d0d7c277b3b3
681a65b6496e1452
59dd18b6460ea79a
294a84e990850cfa
ef8be4511f44b3fc
2c1c4e49ce431837
4c3db189f8b7bd30
4c68481c9d02d1a0
59bd3c39df7fab4d
8ada14cf936c960d
038e0b8ed7a159c7
8ba2e7e71cc9b139
a298de1a8251cc37
27cb2b600247af49
d3651b245ddcc356
0d4981e1f85cbe13
864e0d0be8dedb7f
f3213ba5126c2a76
51aa8195dbb59e62
968eb7d0a2c5b158
a95f3c3b15fd4663
3498d36ba2c7001f
69aa7042d09c8a02
e23a43cb2a9447c6
2507319c2af92525
48146b4ecbc277eb
fa28bbad19d49e87
baf53920d3c4660e
ed7e9c940ea43ac6
542813e213630cca
9a1ded7ffacd609f
b14831c75501dc67
5ce92391820695ab
262790d05ab9b00b
95cb76c5ca86f7a0
290f821c8d9fd73c
91cda19016c71d07
4da0f85d7975ef82
ec02e7b910178d21
ea57350ce9facbbe
22ccb9df729d25cc
f30d8d66090b627a
9eaa49c3a1dbbf7f
181db527d43ed3a6
9b89f52661ab8bad
a1f3744577a876f4
27b20522ddc7e021
bd58b30dbf8e43a5
ca47d47a02aa41b4
92b931d26851e0f3
144750d21d5940a4
101b783ca9294af6
fcf85ad28feca2ff
ca9f1ff74102ee2b
3623d48ddb558f97
21e07364fff1cb6f
886c5c637bf4bad9
00786aa754836b1e
05c0a1c33d627b76
93854da61c892f05
d73e07caa63dd86d
594f27108346b2f8
4344c610767a283e
beb31cdace16faa6
f6cf86989fb110c9
ac28b4fe6d8a148e
3900688fd607bfd1
7405fab64bbcc662
e048f01344e4cef6
8a3723ae865f20a6
db2cf1e939a11561
20a8ed90f3ca5072
352f7c293486637d
f83e19e702cf4360
68b5a10531eb3026
f75dc4934fde6ce6
5f2fc3fad4cde99b
b03ac4cd41f6801c
be244fed9f8e3ff0
695edd23a618a2d5
9916dfb3cb07d7c5
a641cce061e02626
54b7015e432fa64e
3fc65bf6da9ab003
54230e8e817873ce
9f0b5384a88b0371
1b280d0213933fdb
c605c7b6d5b4c5b4
53e61eff81a1397e
de969df269464f79
a2867831f4184799
43af31a803690e3c
796e911dc210517c
0e69105e11306c62
4524bd573f7e0ba3
5d59299720bb1b7e
e1da72d0c4105535
7d144c8d73aa0c4a
5e7f45923d36b2ad
236a977195f549b6
71cd38e20f1cf187
c8f118f7709957cb
e059ccf36334140a
0aa88856cb58d07b
7736273142e2c610
3eb21c4047e75ec4
53352e8e6e4554c7
9c08c4aedfb15018
4b3785872faadb94
1f7f6fedc5c525c4
f5a0a0cd012b4f4e
29ea8f440f91006f
aeea3e9614df8a92
229b68f514986397
2432e288d9634f45
22e563eae56dbfc5
4030af4a4ad20934
312dc077ede0481f
e4534029b2001f85
6e4c9425cf282615
15c9b77e379e0563
d0512be103d5d211
e44d6ab75d0c47e2
543d365db3c25458
ef2a0e77a807bacc
c48fdec1e34ee836
a156bccca37f564f
348a048feaea592a
88dbfe7995af7309
161a40413ec3c3cd
6954500593c9e515
7b68b88305ed3db0
9c3cad03eb739b62
c0b8e0c01f38c6f6
215f099b52f64811
23ad6aa2e39e38c6
d29bf93c1b4d4e42
a80625317a319650
a13dbed0f3ff9cdb
525b430eb2ceb6da
891409eb4d7001bf
f50df1160b5bb72b
e4ec3f2e33b310b8
85bfcf7b1f72ad30
52ff9aeb8cc74324
1e4546e18585b40b
ded7410d49b401d6
116163b12587fcc4
32443d75fe29354c
1d0926dc7c7e07fc
c635619a770ee8e1
ef1cc6329cc9ae1c
343c95d6e0787692
8988e1744d7d1326
9bf53eb5b569bc35
bba1a362460812f9
668dde9fa529a587
95971689afd38b0c
147c03dbf287366e
a3dcb797401357e9
0bbbb5ef019f5ac3
a888e8297b150b99
195520b63c1843bf
1b7596b48fd32c9a
7772648f0317d63e
81650f24db4927be
d60e026c7363d22c
9dc5332a58af8c08
f058dbf445dc20da
e27493b1e81a7856
dd7caca2ea72bd26
9aca7513f40d92cd
e4aa304a2fe8f99e
a8570397acc8b642
08052654c33c80c0
92ce3b188a9f6b88
41164ea79c1c20b9
2c9d40540c2079a8
17771ba287a716aa
632728f78e05ecc8
6e7793ca55c4ee93
a726068911e414fb
744c93c9338d94b9
697214d733eb0fd7
e51b14de1ed12e05
aa8204c279d8cf1d
517faf3a1ec8a5b0
48c201792a96e947
b210d223d7c04760
c0ff4dbcddab70f9
307648d398838459
7d02eaea6ba82135
e6988a49aaf23f0e
3f3208f59dbe25d6
4e36c5d23c0892b3
8a018142b7bd5d5b
a3b84dfdbc130e21
55db03f684df77c5
682b7909a3e3ac86
361dc81cb4ce66db
294a6577f51696bf
8129c5adbf6a8faa
2d4da41539a297c6
746a884763dade46
20d27e9c6eb34e58
b43932bd02fdc7f4
c5ecd9acef47d89c
ab9722c23b27db3e
94a7e567d7aa4172
ac7c78d1373a36ad
0629bb3919c0e812
804facb3ceca62aa
b2663163bd7369d6
e7e0f124d60524a0
2281a11c0a60ec95
886a7f5629d74004
772efabde4beb257
28dfd0a941eac458
a60c1a1c8242e371
add4c50caab4195e
289e02a9872913d1
42d58c6c46bbb414
5e80807fb7ab4780
80c3807fd842c780
f678807e80ab8080
807f8090fb1780df
107f1032808080fd
7f477f8092970f80
4680805c80d99280
808080f8a7807938
7ffce17f4e677f80
7f8080bc13809ca3
7f7fc48079ba80e2
7f7f47ec94804180
7f998080b080914a
cdc7802c667f807f
ae7fb1797f807f52
dc7fa1807fdf7f91
9380df802f7f8007
80fabb80ea804480
805280807f774e4e
808080b84c3ad37f
7ff46e7f7f7f31c9
7f806b9031c67f80
667f80800780afbd
08bf3f808080267f
8084d080c47f8580
817f708080b57f62
7f8011f3d780a87f
80e97f5c807f7e37
27c5807f66017f80
80803387dc7f5480
724680238080467f
7f7f7f45f07f08e8
8089867f7f2a3c80
807fae7f936480d7
25c58015804b7f80
8080a48b80803860
1a80a27f80407fbe
7f898ea7cf807f7f
80e249757fde807f
8080067f7f8e8ccf
7f79457f7f80807e
ab808080a91a377f
be627f7f7f7f5b00
238061d8b880807f
7f7fba8f80ad8037
7fd96fe11e7f7f80
e580bf41807f7f86
6a627fbd807f7b7f
6a7a7f10bb80807f
58807f7ffa80ec7a
80542380d27f047f
7f7f3c8080a65606
f67fa580807f0ae4
80ae8080792d80e1
83a363817f7f8080
fb52be80807f7fcb
809c80628b8e7f7f
7f2f80cba6807f10
2b4d807f7ff58093
7f8018e5a98080d2
80a265808080f528
4f8080662280ad80
80f7b0a532807f80
aac4807f03e97f80
7f3daf7fb96b7f7f
247f2d037f327f7f
7f807f4955eb7fe8
806b807f12670280
80f57f7f75805c25
02801144f67f7f80
7f847f4865ef7f7f
be9c7fe3803f8080
d30032807f337f7f
80307f7fe6b280bf
80227f7fc78096da
7f357ffa7fe67fd1
f37f7f806b3d7fd6
7f7f8042f0407380
53b2807f80d6b480
2f55b7fe7f807f80
1f7f5880ba80a67f
107f147f79c37f80
29e2367f7f048080
7f80f67b67a2807f
2de87f7f80968023
807f23df7f80b1dc
047f80253c8080c0
7f805d8094637f07
80277f80318003fd
f6be2c8080f08080
803a4e2b7f7f7f06
7f80af3d26807fb4
288c7f7fd97f7f8a
7f807f34c67fe196
80336780507f7f04
2c7f8c807fab80a7
cd80ba7f80809b4e
1c7f80ff8080809f
7f7fcbf6647f808e
d580807fad248025
1d7fd5d17f7f80f9
90882e7fec807f80
05d780ff807f7fb3
7c7fb8a47f7f6a80
4ffdcc7f80347f80
806f7f0c405d807f
8080a8f5c48080a0
7f8030c4a87f5a80
7f2cb180727ffe80
807f93f97f809936
8080bc6198c98080
7f0e6d2380807f62
7f7a22807f8a8027
7fac7f44d47f80b8
7f7f1e8080e7fa6d
8080e17f80151453
808d7f277fbbae80
cc80d880808c7f4e
304b7f7f807fce84
a2807fb8d1809180
f9357f7fb980f180
7f277f80a77f4f8b
8880d7801380802b
80937f8080e21e9a
0c747f8080347f34
9580a97f807fd076
7f7fbf9749807fd9
bfdd805665807f80
fbd37f7f254e8080
f4807f187f1c80be
8008be7f7fc27f87
80a0c78080707f3b
a7a79880807fda80
1b805c7f8055ce80
7f337f7fe6117f07
dd801c7f8b7f7f77
7f9540808080941f
807f7f80c5225d8b
7f7f7f1fe4617f8b
7f803a7f993cb27f
7d807f7b807480c2
2fa3807f7f017fb0
8004807ff89b6d7f
da7f7fb1ad318080
800ddb80697f537f
7f475d7f537f577f
7f90a07fc5c58080
4d631a8080d88080
7f3d80804b9a80fb
7f0f61c1ff807f7f
807f5c517f7f01ad
8080738080059c78
7f7f7f277f80ad43
4f80807f32801541
d280e380c5808e80
f334807f800bd07f
807fed7d7f7b8b7f
3880805cfe7f808e
7f415980808040b7
578021177f597f80
6913e7808080a480
b6800a2d7f80802d
95dd80808032ac80
fd7f7f35807f344e
197f5e7f807ffc34
808080f94380fdd9
b77fdaaf7f7f7fb3
807fcc7f527f267f
a7d27f3880ee7f7f
7fcd7e7f457f80b9
7f80fe8f809c808d
8083239380818080
217f807f804b5963
7f7f0a0880267f7f
ad7f7fcb807f685b
40d07f807f3b237f
7f002a847f097f7f
c27fb8807f7f9041
747f7f9070cc807f
4480577f7f7fe730
2d65807f73807f6f
7f806cbb7c7f80f5
44c9807f7f7f6399
962f6b7f807f497f
8080bd531c80db80
7fe77f720a7f5d7f
80807f2bd514777f
997f343680806580
7f7f237fd97f9602
c3397f7f803e7fa6
9980575a8097807f
f5808db5ba807f7f
0080e280807f91d5
7fa37f284d7f7f00
80f3807f8080e4f7
7fbc8080382b7f66
7f44d788bf807f7f
f054be7f80887f7f
7f7f7c876b6b7f80
de3139d77f80807f
b57f7fe07480802e
dd7f8c569b7f8080
6180878081808022
f3747f45807f8e80
0e5d807f5c800a80
2568257f4c7f807f
ae7f327f02917f7f
b03ed480807fb980
7f337f80a8398093
80a9807f7f1916c4
80f9537ff7887f7f
80ba8080807774e2
d87f257f109a807f
7fbc802b7f4a9f7f
4c80297f80e7457f
a87f80b77f80709a
7f808053dcb28075
80747fa97ffd6d7f
80bc807fba5a7f00
dabe04b180807f80
097f7f7f0880eb92
7f7fceab807fcc50
557f80a87f7ffc79
5325b5800f807f80
72e2a37f777f7f80
7b7f0f7f7f7f8258
7f2b7f97588080f5
7f0c8a807f7f6de8
21777f802a227f80
7f80c17f80d0e129
6580f0a080808073
96d3048080578080
807f563748957f7f
d37f7f6b499b7f80
807f211d46e18080
ec4f7f7f0080fa80
7f80557fef4f0a7f
7f19f3807f803591
8744807f7f7fb136
437fa28080cb3b7f
617f7fc4f480801c
914af0807f7f8068
808077801ee14d80
d180087f45808056
5d42ddcb7f80807f
801aa97f808ca77f
7f4b7f8080c3f4aa
20558047807fbe7f
c3c02180757f7f7f
7f80b35a78897f80
80647f7f957f5dd7
9c7f80837f0f7ff8
807fb992807f8af5
7f7f62b97f7f879d
7f7d7fcb7f8094cf
68e47f3c80aa7f7f
2380d07f7cef807f
7f7fc6c87f8051ad
7f80808091869e01
807f7f69ffa07f59
547f808082867f5b
808f5f807f7f8fa0
7f77db7f27fe807f
7f809b80263c7fb4
e380bb80148080e8
7f7f177ffe7fe0fc
7fab42167f7f808d
7fcfd87f1f7fb180
7ff57fa180f87f0c
157f7f7f7f80cab4
807f7380747fb9a4
44bcd67f807f7fd9
7f7f5480b27f1a7f
80716c7f7f1e7f41
1cf120e4807f7f80
73d47f808021f77f
34c86380617f7f7f
7f807f80145c2949
807f80373a757f1c
80edb8bb7f80b57f
b6bb7f7f5149807f
7f947f80c074137f
e77f80108780bb7f
7f7f806e15d0e280
7e2f7f7f05497f7f
7f0fe3a67f7f6c7f
7f8080c5a8eec680
6d80fe338080a380
5ff8d67f7f7f80d0
80978080803f533f
7fe0ff7f5a077f80
727f1e13807f7fa5
f38080618061804d
39db7f80807feba1
4b8080b77fed7f5c
327f7fa1e97fc97f
f58080a77f1a7fe1
957fbb7fe3637f7f
3f1c7f1d80027f7f
7f7f7c7fb4eb7f7b
7f8057808005255a
7f72158062807f7f
41807f3ace7f7f15
257f5e7fc77fc680
4d7f80801c7fd6ef
738068802b7ff17f
80a18080c6d6147f
586b807f7fef1280
7fc7d1f891807f80
1d137f7f80983e7f
807f8053857780b0
0c1b807fd545807f
7f7f80d93c7f6e81
a880428004803f7f
7f44804b7f7880c9
f380e165b67f7f80
135a808080433b7f
6a0d15807fd4807f
b0a5087f808080a1
83a2803f807f007f
80267fc8c2804b80
807f35e62480ab80
367f80457f7fb8f8
84d43d7f80ea7f80
e0217f807a803c7f
6b80ab7fb27f7fbe
6f2f7f6f7f7f0e80
28c2807f80d8c97f
1b7f802e5a80808e
817fb3b17f6e7f7f
8ed880767f7f7f3e
2c80987f7f6a7fe4
107f6e757f80907f
7f7f5cd989805b7f
558015807f803dcb
8b7f80c81380c87f
7f377f0b36808008
807f571680808a87
8020d080867f9080
407f7f4580226180
234c7f8080803817
5f367f7f80831e80
327e7faa80ee8080
7f5ec2f6807a7f7f
b78080823c80567f
7f7f8cc37f7f687c
80b52d737f01807f
7f907fc7d7e97f80
aa7f808025267fba
80fa7fef3b7f80f6
807ff37f7fc99b98
7f7fb7fb313d8080
80f4800588808003
7f80898024037f9e
b7dfc58056807f80
7f2e8080c0eed67f
80c40a4680567f80
a17ff5b08098807f
7f7f7f6c8a32677f
2b7fb07ff47f337f
117f80807f582bf3
ac80507f1180ef7f
807fdfef4c808074
7f801ed75d80a47f
537f8280d57f7fad
80157f807fce3bcf
d77f80c77fa9807f
7f807f4fc08091cf
607f348a7f7fbc80
1f8080fbcb80047f
7ca37f9c8f80807f
7f80bc808ddda780
e65b8036c27f807f
7f7f11f6d6806a7f
7f2880804f938003
7fe0f29e807f7f91
80609e7fd4e3807f
4a7fd480b57f7f0e
8c80807fa680dfa9
44807f7f7faf589b
aad37f805afd8080
6799807f357f0080
607f807f89711d80
0f800b808003777f
7fffb580457f7fe5
c9e480801d497f7f
1c80b75580808017
8080ede07fac7f94
5cbe467fb37f807f
1740437f80918080
80e8803b9b7e8080
197f7fd580896180
5a80de867f807f80
807d7f80db8056cc
8080377f42267fad
0225997f7f7fdb7f
78859b80d8807f7f
e97f807fae9b7f09
7f7f387feb809d4a
b37f7f808f80d881
e37f708039807fe3
7f0680e27f503180
80507fe7807f833c
80268080b77f1318
8080f0807fa18ddf
bb09e37f7f7fee7f
83807e7b8080dd80
d480a97f8018327f
807f5d7f68802246
24e3808080ec7ff4
b52580fa80557f7f
09807f8059063780
807f80077da9467f
808088b57f80fb69
377fe17f7fdd80dd
ee807ff6805880f0
6d81807f3c217f80
99807f67774c7f80
7f80377f7f4f9cb8
ab7f807f5c7f78a1
7f5a2780f67f80fa
bb809223b37f8080
5880c8808080206e
645f7f80147f1d80
80837fc24a80d180
9b800a3d7f6c8080
585edd7f808080d8
7f7f9b7f2d7f32a7
7f7f7f80c148c4e9
7f807c6b3180137f
b5803d7f80c0d280
7f8f7fd623777f80
807fa746c3517f80
8080807f74217b77
ed807f9c8cbb7f7f
8072ce807f7f5b78
6f2d8046807f80a3
22807f58803b2480
0182e07f7fc97f7f
957f7f067f80d377
f47fca277f80800c
d07f4e80c68080af
60367f7f80678080
7f7f8026c3e78014
7f2cde2d80807fd5
805a7f6896809380
40d20ba27f7f7f80
e07f7f04807fee0c
c480677f7f958080
7f8080595d9b9280
2f7f7f20bb2d7f7f
8032805e80a77f71
7f80a5ec7f732780
6b3b807f55578080
7f7fbc4c527f7fec
7faa808e807f846b
7fe0b080757f7f7f
679d7f7f80e34a7f
807fa3f67fb880e0
b7807f397f80c41b
7fbe8d088080487f
f919fd80807f7fee
d93580b380468080
9d8088d280807f9e
7f3218807f117f5b
807f7f57ee7f9e57
808080c86e809913
7f7f8070478009f9
7f808080f7176cbc
7f8280e07fec7f13
7f0b61802d809a80
6980807f73de7f07
8080d8237f7ff224
7f7f3ce27c80bb80
8fcf80807f5bb380
e9414c2c7f80807f
7f4aff7f80ad80a9
7d7fe27f40487f80
d9b17ff680807f90
7f807fb4f1b07f90
06b7807f80803e7c
04f57f80a2e97f80
7f2d287f7f80acca
58cc8000805b7f80
847f80e17fa0ad80
719e7f809f41807f
800f7f7fea7f0960
b4620a00807f807f
d880bd5a0c7f8080
7f8080a27fa2437b
807fb0deef800a80
a1803580803b7ffc
3423806580808047
c8f28065807f8067
5b7f328080c180a2
7f808079f7ad7f74
ef7f92267f7fe780
83807f80f37f5285
807fe2de26800d80
19b18080807fd30a
dd807f10807f497a
d5807fc9e1258080
e77fa780047f801e
6d7a7f0deb807f7f
7f537f7f2c5380b0
7f44937f24809280
ac807f807f73c203
6750807f7f9d8b80
246b807f7fc0007f
80f0f4805b7fd780
80bbb0807f8004cb
e67f1c187f7f7fef
3fd3188041808080
80807f0ef37ff5e5
d27fe507807f0580
6b80707f80cb7f17
807f2a4cf77f80ea
7f57af7fd8e88080
3673807f8080c7dd
80c7803476802080
bd7f7f9753977f7f
80617f7fcc50b37f
9e7f7f2280ec1a80
80fbd8e67f7f6b7f
7fec0fd2807fde7f
7f802e7f5e008007
bb8080057f80ec80
f98037d780800d7f
80805df8807f2d3b
7f9c267f7f4d80a4
7f80d63648d37f7f
eefecb7f3f807f7f
828080bf2b7fd280
337f574e7f8080a1
450f809f7f805a80
80b88080f837597f
7f7f17ac6d80f380
5a08807f7f02037f
15c4807f7f3a80bc
1a957f8080157f80
0337808016557f80
ac82807f897fb57f
7f807f4d867f59f3
fc80807f8e80835d
7fa7b380350f7f7f
7f4d7f801cd81080
7f16804fb4800e7f
7480967f807f7415
7f7f80d01e80647f
8074808049d27ff8
043980806080f67f
bc7f23807f8086c3
b27f802c79cd7f80
34804d8056c47f7f
7f637fa77f7f68ec
807f805f1cc37f6f
f07f80d880937f31
7f7f7f652d5d787f
802680808075d99b
994fc880a1808080
a180802abccc8080
0516807f408080c6
804b80277fcb8580
80ac7f5a7f807911
807f24728061a87f
eb6d4280807f7f52
9fb87f9ddc80807f
80117f80e82b7f93
7f8080d1d400307f
5e8059807f7f247e
597f043680807fdb
80987fab8018807f
7f7fb47f0cbda180
3c7f8014de807f4b
8015f07f7f857f16
357f7fd2df807f6c
806f80804ad64280
42c680807f7480a2
804f7fbc8080b6ee
657f84cf8097807f
7f9b80018003897f
80ed7f8080c469ee
7fdf9c7f2f80b780
80ad7fda807f4f33
80dd0180c8ee8080
807fb00f80d4f97f
68d17fea7f7f8066
7fd27f2c33808093
807f8050f880072f
80401b7f7f8087ee
098080161271807f
457f7f7f7f1adce1
db7b80bd7f8080fa
7f7fd7351280377f
807f80087f89ad52
4a8080812b802e80
7f457f7f517fb0f2
9b80f6e680a7807f
8070c658802f807f
30807f031080827f
7fb6803c932f7f80
2d8fe17f7f347f7f
7f7f1cfb963c7f80
805c8a802d80277f
ac80807fe1107f3c
b5d0b7807fce7f80
e680e37f7f7f4d88
7f317f437f6ee47f
3242e17f808080df
d87f8080d5032280
7f7f8d4f7f7f741a
7f81fd7b8b7f8080
80a180c87ff2bb80
7f617f80774d8580
e0aceb807f7f7fb4
517f7f808098b203
7f07747f7fd3bf7f
8d7f670c80e67f80
3e809380809a1f7f
7f7f407fec297f80
7f32807f2b7f2403
7fe47f8049806c9a
f7057f857f8080d6
80187fd080db7f24
7f2b7f3a80118048
d57f807f9d307ff2
4e808072fc58807f
8021807ffb7f1637
6bf8dc807fbc8080
7f807f5c7f7d08f0
8080ba377f677ffc
afa780577f337f7f
23803880807f8473
867f7f6a1b898080
7f807f437fe74986
80759b807ff8aa7f
8280347f67d37f80
7fdfcf7f8780d680
9f8080807f3a2103
807f7f0f8acc7f73
c11c802c807f8065
7f8092967f47cc7f
ae7f7f8a157f7480
80b9898067007f7f
367f0d7f9f7f8011
284980ee7f7f7fe4
7f4380d573807f7f
b67f800f6d7f7feb
80e2908080d9f97f
39247f117f958080
7f49807fb7e15180
d620d480807f8061
fd49d2807f7fc57f
7fa50380808ad480
8cea7fde7f80da7f
7fac7f7fe785297f
f1800080e180de80
80dc7f80715780d4
a5801f6a7fa67f80
80803513cf80017f
807f4a80ddbc5a7f
afd0af807f7f3480
3b7f0c807f06b47f
98ae7f9f277f7f7f
7f587f3f7f8c80ec
c045307f808080a2
d38004807fef2480
69807fd080801867
80804056d3778080
97800680807fb795
8024807fda8018cb
807fe77fe24f1580
fa807fb1de5b8080
80a1bd7f801d803a
ee84f67fab7f7f80
800b2e8d8080fa7f
7fb88076d97ffc80
9d27cb8080808099
467f8c7f1c8f7f7f
7f7fb3806f447f8a
7f80517f8a488180
c47f7f71cf80e580
7f7801807f01817f
7f6006807fc50180
1f7f80e0c580802d
80a64080b25b7f7f
7f91dd807f5f8047
477f7f6f2380287f
8654e7807f8080bd
80fcef7f64808084
80f67f80813680f4
a1803f80808480d6
66807f3bf64e8080
9e0b8f80807a8080
08b345807f7b807f
967f2d4480667f80
7f807f7fb1962e4f
80807fa57f9afe7f
5180d68c69807f80
8049c87f7d7f7f62
7f8080b0055080c9
7f677f404780bb7f
54804c80da527f80
bf807fb080983a80
7f80715f7f617fbf
b17f347f7fa47fdc
3f807f806e56f580
7f072be8017f8080
809ac5197f80cd80
806380117f80cbe5
7fd3239e8099807f
8082277f7fb480bc
80f2ff7f7f80898f
7f7f767f86287f0e
e67f232e8080d37f
b45b8a7fbc80807f
7fc87f7f302780d2
80b97fac7f22287f
802aaac17c7f7f7f
7f7f66bd7ffc9a80
497f7f027f803e8f
5b807f387e7f0c80
7f1c7f7f807afa7c
8322287f18808080
800580807f00a44b
7fc7e7807f7f0507
8080b17f635380e9
7f7f111ec67fe280
7f9380f5807f2b26
7f4c7f507f916580
80dc807f80f97ffd
0c4380bb6880807f
80b27f8032077fc2
7fa3e9e8807f9a80
5a5a80ed807f7f95
7f89808580a90b80
7f80f77f9bcf8015
7f7b7f7f7007ab80
1e4792807f805280
7f4d800e807fe894
4bcd7f7fcdc57f7f
807f7faa91cc801a
7f808078cc807f31
7f7f1488f1b37f80
8e7fe8808a7f801e
d17f7f7fb9c77ff2
070d7f0880804580
984a7fb2807f427f
5e067fce80c18080
7f7f32398c7f7fb2
7f2b80808089ab67
4f809a347f7fde80
807f38bf805c5d7f
237fd27f80528008
1e807f7f7f3fe60f
cb7f7f857f77987f
7f7f14aeaa117f7f
087fca8080f78050
e88069df887f7f7f
d9cc7f7f617f800b
8c7f90807f80939d
7ffca47fe3087f7f
02ac807f80e47f76
e380957f9dd77f80
df7a80800c808086
fd7f117f80ba7f3c
7f51d72b7f7f7f19
7f757fd9ab16807f
7faf808078a9ac80
32807f6580802c2a
7f80ca800a44801d
ec7f7680a97f806d
e6807f9a407f80ef
807ff5ad7f8088b8
af7f8580cd807780
267f80805fa65380
8088807f3bd180b0
7f7f7f7fcb7e9d39
43187f7f97d38080
80c7806c7ffac77f
7f4980ad25807f31
fb7f8030bd6b7f7f
7f80807b80976d75
7f7f7f097f9070b9
717f5a157f427f7f
807fd6cd7f800f69
7f92a97f9bb2807f
f37f807f7f9b4adc
807fecb6807f26a3
8012eb7f9f0b807f
44cb801e7f7feb80
80c558797f80ac7f
7f80800bff6faa80
7f7f7ff10548ad80
80807f227f29cd49
8080d22a7f7f0251
87807f8074809e5a
c1ae808080c50b80
9c80d19fbf80807f
8077c5807f837ff4
f17f8080d480e801
3e56807f7f7fdad8
867f1e7f768080c3
800fae7f7ff8ab80
7f76808048657fd7
fc8085cccb7f7f80
7f32e77f077f80b0
80d54b9d7f698080
7f77443e807f7fc3
c680aa7ff67f8023
217f807f9ea88033
7fb580803c80d489
805c8028803e8083
df808080e2d0cf80
e18080807f546323
7f7f89dcde088080
2680b40580af7f7f
807f93db407fe780
137f7f7fe2803ef6
80f37faa17a98080
9d801f7f8a708080
0280a080803cfb7f
98805d5eb37f807f
7f7f4bfa857f3d80
7f8b0a0039807f7f
80347f93728080fe
3c8038808050ac80
7f8080f9809807f4
4e7f0a807f2c80b1
e08080807f8e8dad
7f00a57fa380467f
05807f8034108009
d2b680ec807f7feb
80807fa6ba41a580
e346fc7f7f57807f
9d7f7f768080be2a
1f80d38080758044
7f56427cd880807f
809c807b7ff75f7f
8080f17f7ffe9ed1
ab8009c47f7f2b7f
2c447f7f16807f87
67ab8024807f7fae
aa90807f777f4880
80c680726e7f80db
7f6f838080b180a4
80807f8054aa2762
ef80f97f7f8f7fb8
7f7f82804f7f60be
4680a6178080fb80
367f7f804eeca480
7f807ff2c780e804
597fc7802a807f89
d47f7f7f0e7f1988
8080ee9ab618807f
8006667fd2808c7f
7f808d7fde8080f8
16907ffa808c8080
801380fc0c80802f
d9258059807f7feb
7f0ad87f7f527f64
f67fe99b8080805b
7f7f807feced484e
b77f737f7f7f6dbf
80807f7fde670432
7b5880f880fc7f80
7f8073f2c97f7f30
8080aa8019805d24
8f807f807f7b570f
bf2aa6807f968080
e97c7fa47f7f5480
2f80d480a680e27f
7f998bab7f7fed7f
e0db2bfc807f7f7f
7f59f47f337f7fde
7f807fb254809280
9f7f808054a72c80
7d7f7fec807f1608
c1357f7f809ac17f
e9c3e47f7f7f9b80
ef4a7f804e807f30
16821d807f80a680
97807f80dd512f7f
80b9808009807f55
827f7f0880fe647f
80807f190f807701
7f7f80e0d4679080
80df307fd5807d7f
355d7a807f7f808e
80af80c1987f7f1c
f680d3247f7f7f18
7880807ff87f6bab
097f80807fae6dd6
807fef62667f7f25
8080436180c5e87f
7f8018fd7f80388a
bf8069057f7f067f
7f7f9ac97f80e8cd
8080d47fc055947f
7f6180d280800d47
b280fca47f7f5d7f
4f7f7fa3757fe680
7f8680f49e1a8080
7f8024517f7fa685
7f1a687f7f7f467c
2e7f7f557f1a4f7f
21637f687f80809a
1e907f80237f7fd3
5af37f7f80b8800e
087f807f800b39b5
de567f7f294a807f
7f3e0c9c807fa580
d27faf807f804d72
fa7f806b7f808d4e
7fc3a7807f1580f6
807f7f5eae38f680
802c09de801c807f
80ec802e3d7f7f8f
002b7fba80807a7f
ad7f7f735dba8080
807f0c8035f97f19
5c617f808005807c
33cb74805f7f807f
7f7fdc7f80c3ea49
e27fe0257f80800b
804bd88080806fdd
808080be7fcc80a2
80ed3f7f38805180
3c80c77a807f802e
958080fcfa7f80f0
808980497f7fa830
d7807fd8806a7f93
ca80b1f480807fd3
80e52a802980807f
8a807f9d47a17f7f
8090087f6b8080ae
3a5c7f8fbf807f7f
159180158080a580
1780218080eb80b7
117f7f804fa07fc1
807f39a60b6c7f80
7f3c7f7fea8057a3
80d8797fb37f7f11
7f067f80b7167f76
fdf8808086807fce
7fdca5804a4f8080
89800678e57f807f
567f9a80a980a77f
7f467f6980cd9d7f
da7fe080a27f4480
0f7fe26fac7f807f
a17f807f80fd458a
7f387f7f148006dc
d7867f7f6a801b7f
0f7f7f67417fea80
80787f677f7f0e99
ae80807f2a805b5e
80747f802b84c880
dbb27f807ffb7fa7
7fd480539f7fbc7f
047f7f267f7fd1e4
0380d4f080908080
90e87f807f247f44
7fdc7f7f657f213d
7f808780c77f57f4
1c497f7f2d805d80
8091468066809c80
7f7f7f80513333b6
801a7f34e7809e80
d180807f235f7fe1
80bc3588187f7f80
80804b7ea37f80a2
b0c97f7fef3c8080
c57f7f7a287fa880
8080378080a63933
7f800b806f82d77f
7f803f0805801980
197f91807f5b0d80
247f80ff1180247f
e5cb227f80bc807f
807f7f7f0578bab2
c0247f7f7280d07f
16f5507f7e807f80
118c807f05fc7f80
03808080647f597f
b8f4808080ca7ff0
806d14917f567f7f
80a47fa9f8da7f80
4a7fe27f787f3280
8080fa5780801b1b
7f077f807f86c437
76808013807f21f6
409b7f807fe3f080
80802c7f96808075
7f7f7fe503ab7f99
8019e246ce7f8080
d7804b80dc807f7f
8c3980f780a57f80
7f7e7f51c27fa67f
7f957f807a257780
